batch_id,attempt_id,case_id,seed,method,pair_id,round,role,total_avoidable_work,promotions,scheduled_demotions,cleanup_demotions,total_demotions,peak_tree_buckets,final_tree_buckets,cand_last,cand_max,nodes_allocated,conversion_failures
FINAL_20261010_01,1,F01,91001,M_EVENT_16,F01:91001:DIA01,1,A,945412,0,0,0,0,0,0,0,0,262144,0
FINAL_20261010_01,1,F01,91001,R6,F01:91001:DIA01,1,B,945412,0,0,0,0,0,0,0,0,262144,0
FINAL_20261010_01,1,F01,91001,R6,F01:91001:DIA01,2,B,945412,0,0,0,0,0,0,0,0,262144,0
FINAL_20261010_01,1,F01,91001,M_EVENT_16,F01:91001:DIA01,2,A,945412,0,0,0,0,0,0,0,0,262144,0
FINAL_20261010_01,1,F01,91001,M_FIXED_128,F01:91001:DIA02,1,A,30234,570,304,263,567,8,3,0,3,262144,0
FINAL_20261010_01,1,F01,91001,R6,F01:91001:DIA02,1,B,945412,0,0,0,0,0,0,0,0,262144,0
FINAL_20261010_01,1,F01,91001,R6,F01:91001:DIA02,2,B,945412,0,0,0,0,0,0,0,0,262144,0
FINAL_20261010_01,1,F01,91001,M_FIXED_128,F01:91001:DIA02,2,A,29800,570,304,263,567,8,3,0,3,262144,0
FINAL_20261010_01,1,F01,91001,Original,F01:91001:P01,1,A,NA,0,NA,NA,NA,NA,0,NA,NA,262144,NA
FINAL_20261010_01,1,F01,91001,M_LIST,F01:91001:P01,1,B,NA,0,0,0,0,0,0,0,0,262144,0
FINAL_20261010_01,1,F01,91001,M_LIST,F01:91001:P01,2,B,NA,0,0,0,0,0,0,0,0,262144,0
FINAL_20261010_01,1,F01,91001,Original,F01:91001:P01,2,A,NA,0,NA,NA,NA,NA,0,NA,NA,262144,NA
FINAL_20261010_01,1,F01,91001,M_LIST,F01:91001:P02,1,A,NA,0,0,0,0,0,0,0,0,262144,0
FINAL_20261010_01,1,F01,91001,M_OBSERVE_LIST,F01:91001:P02,1,B,945412,0,0,0,0,0,0,0,0,262144,0
FINAL_20261010_01,1,F01,91001,M_OBSERVE_LIST,F01:91001:P02,2,B,945412,0,0,0,0,0,0,0,0,262144,0
FINAL_20261010_01,1,F01,91001,M_LIST,F01:91001:P02,2,A,NA,0,0,0,0,0,0,0,0,262144,0
FINAL_20261010_01,1,F01,91001,M_LIST,F01:91001:P03,1,A,NA,0,0,0,0,0,0,0,0,262144,0
FINAL_20261010_01,1,F01,91001,R6,F01:91001:P03,1,B,945412,0,0,0,0,0,0,0,0,262144,0
FINAL_20261010_01,1,F01,91001,R6,F01:91001:P03,2,B,945412,0,0,0,0,0,0,0,0,262144,0
FINAL_20261010_01,1,F01,91001,M_LIST,F01:91001:P03,2,A,NA,0,0,0,0,0,0,0,0,262144,0
FINAL_20261010_01,1,F01,91001,M_OBSERVE_LIST,F01:91001:P04,1,A,945412,0,0,0,0,0,0,0,0,262144,0
FINAL_20261010_01,1,F01,91001,R6,F01:91001:P04,1,B,945412,0,0,0,0,0,0,0,0,262144,0
FINAL_20261010_01,1,F01,91001,R6,F01:91001:P04,2,B,945412,0,0,0,0,0,0,0,0,262144,0
FINAL_20261010_01,1,F01,91001,M_OBSERVE_LIST,F01:91001:P04,2,A,945412,0,0,0,0,0,0,0,0,262144,0
FINAL_20261010_01,1,F01,91001,Original,F01:91001:P05,1,A,NA,0,NA,NA,NA,NA,0,NA,NA,262144,NA
FINAL_20261010_01,1,F01,91001,R6,F01:91001:P05,1,B,945412,0,0,0,0,0,0,0,0,262144,0
FINAL_20261010_01,1,F01,91001,R6,F01:91001:P05,2,B,945412,0,0,0,0,0,0,0,0,262144,0
FINAL_20261010_01,1,F01,91001,Original,F01:91001:P05,2,A,NA,0,NA,NA,NA,NA,0,NA,NA,262144,NA
FINAL_20261010_01,1,F01,91001,M_EVENT_16,F01:91001:P06,1,A,945412,0,0,0,0,0,0,0,0,262144,0
FINAL_20261010_01,1,F01,91001,R6,F01:91001:P06,1,B,945412,0,0,0,0,0,0,0,0,262144,0
FINAL_20261010_01,1,F01,91001,R6,F01:91001:P06,2,B,945412,0,0,0,0,0,0,0,0,262144,0
FINAL_20261010_01,1,F01,91001,M_EVENT_16,F01:91001:P06,2,A,945412,0,0,0,0,0,0,0,0,262144,0
FINAL_20261010_01,1,F01,91001,M_FIXED_2048,F01:91001:P07,1,A,945412,0,0,0,0,0,0,0,0,262144,0
FINAL_20261010_01,1,F01,91001,R6,F01:91001:P07,1,B,945412,0,0,0,0,0,0,0,0,262144,0
FINAL_20261010_01,1,F01,91001,R6,F01:91001:P07,2,B,945412,0,0,0,0,0,0,0,0,262144,0
FINAL_20261010_01,1,F01,91001,M_FIXED_2048,F01:91001:P07,2,A,945412,0,0,0,0,0,0,0,0,262144,0
FINAL_20261010_01,1,F01,91001,M_NO_IDLE,F01:91001:P08,1,A,945412,0,0,0,0,0,0,0,0,262144,0
FINAL_20261010_01,1,F01,91001,R6,F01:91001:P08,1,B,945412,0,0,0,0,0,0,0,0,262144,0
FINAL_20261010_01,1,F01,91001,R6,F01:91001:P08,2,B,945412,0,0,0,0,0,0,0,0,262144,0
FINAL_20261010_01,1,F01,91001,M_NO_IDLE,F01:91001:P08,2,A,945412,0,0,0,0,0,0,0,0,262144,0
FINAL_20261010_01,1,F01,91002,M_EVENT_16,F01:91002:DIA01,1,A,985202,0,0,0,0,0,0,0,0,262144,0
FINAL_20261010_01,1,F01,91002,R6,F01:91002:DIA01,1,B,985202,0,0,0,0,0,0,0,0,262144,0
FINAL_20261010_01,1,F01,91002,R6,F01:91002:DIA01,2,B,985202,0,0,0,0,0,0,0,0,262144,0
FINAL_20261010_01,1,F01,91002,M_EVENT_16,F01:91002:DIA01,2,A,985202,0,0,0,0,0,0,0,0,262144,0
FINAL_20261010_01,1,F01,91002,M_FIXED_128,F01:91002:DIA02,1,A,29980,555,296,256,552,8,3,0,3,262144,0
FINAL_20261010_01,1,F01,91002,R6,F01:91002:DIA02,1,B,985202,0,0,0,0,0,0,0,0,262144,0
FINAL_20261010_01,1,F01,91002,R6,F01:91002:DIA02,2,B,985202,0,0,0,0,0,0,0,0,262144,0
FINAL_20261010_01,1,F01,91002,M_FIXED_128,F01:91002:DIA02,2,A,29980,555,296,256,552,8,3,0,3,262144,0
FINAL_20261010_01,1,F01,91002,Original,F01:91002:P01,1,A,NA,0,NA,NA,NA,NA,0,NA,NA,262144,NA
FINAL_20261010_01,1,F01,91002,M_LIST,F01:91002:P01,1,B,NA,0,0,0,0,0,0,0,0,262144,0
FINAL_20261010_01,1,F01,91002,M_LIST,F01:91002:P01,2,B,NA,0,0,0,0,0,0,0,0,262144,0
FINAL_20261010_01,1,F01,91002,Original,F01:91002:P01,2,A,NA,0,NA,NA,NA,NA,0,NA,NA,262144,NA
FINAL_20261010_01,1,F01,91002,M_LIST,F01:91002:P02,1,A,NA,0,0,0,0,0,0,0,0,262144,0
FINAL_20261010_01,1,F01,91002,M_OBSERVE_LIST,F01:91002:P02,1,B,985202,0,0,0,0,0,0,0,0,262144,0
FINAL_20261010_01,1,F01,91002,M_OBSERVE_LIST,F01:91002:P02,2,B,985202,0,0,0,0,0,0,0,0,262144,0
FINAL_20261010_01,1,F01,91002,M_LIST,F01:91002:P02,2,A,NA,0,0,0,0,0,0,0,0,262144,0
FINAL_20261010_01,1,F01,91002,M_LIST,F01:91002:P03,1,A,NA,0,0,0,0,0,0,0,0,262144,0
FINAL_20261010_01,1,F01,91002,R6,F01:91002:P03,1,B,985202,0,0,0,0,0,0,0,0,262144,0
FINAL_20261010_01,1,F01,91002,R6,F01:91002:P03,2,B,985202,0,0,0,0,0,0,0,0,262144,0
FINAL_20261010_01,1,F01,91002,M_LIST,F01:91002:P03,2,A,NA,0,0,0,0,0,0,0,0,262144,0
FINAL_20261010_01,1,F01,91002,M_OBSERVE_LIST,F01:91002:P04,1,A,985202,0,0,0,0,0,0,0,0,262144,0
FINAL_20261010_01,1,F01,91002,R6,F01:91002:P04,1,B,985202,0,0,0,0,0,0,0,0,262144,0
FINAL_20261010_01,1,F01,91002,R6,F01:91002:P04,2,B,985202,0,0,0,0,0,0,0,0,262144,0
FINAL_20261010_01,1,F01,91002,M_OBSERVE_LIST,F01:91002:P04,2,A,985202,0,0,0,0,0,0,0,0,262144,0
FINAL_20261010_01,1,F01,91002,Original,F01:91002:P05,1,A,NA,0,NA,NA,NA,NA,0,NA,NA,262144,NA
FINAL_20261010_01,1,F01,91002,R6,F01:91002:P05,1,B,985202,0,0,0,0,0,0,0,0,262144,0
FINAL_20261010_01,1,F01,91002,R6,F01:91002:P05,2,B,985202,0,0,0,0,0,0,0,0,262144,0
FINAL_20261010_01,1,F01,91002,Original,F01:91002:P05,2,A,NA,0,NA,NA,NA,NA,0,NA,NA,262144,NA
FINAL_20261010_01,1,F01,91002,M_EVENT_16,F01:91002:P06,1,A,985202,0,0,0,0,0,0,0,0,262144,0
FINAL_20261010_01,1,F01,91002,R6,F01:91002:P06,1,B,985202,0,0,0,0,0,0,0,0,262144,0
FINAL_20261010_01,1,F01,91002,R6,F01:91002:P06,2,B,985202,0,0,0,0,0,0,0,0,262144,0
FINAL_20261010_01,1,F01,91002,M_EVENT_16,F01:91002:P06,2,A,985202,0,0,0,0,0,0,0,0,262144,0
FINAL_20261010_01,1,F01,91002,M_FIXED_2048,F01:91002:P07,1,A,985202,0,0,0,0,0,0,0,0,262144,0
FINAL_20261010_01,1,F01,91002,R6,F01:91002:P07,1,B,985202,0,0,0,0,0,0,0,0,262144,0
FINAL_20261010_01,1,F01,91002,R6,F01:91002:P07,2,B,985202,0,0,0,0,0,0,0,0,262144,0
FINAL_20261010_01,1,F01,91002,M_FIXED_2048,F01:91002:P07,2,A,985202,0,0,0,0,0,0,0,0,262144,0
FINAL_20261010_01,1,F01,91002,M_NO_IDLE,F01:91002:P08,1,A,985202,0,0,0,0,0,0,0,0,262144,0
FINAL_20261010_01,1,F01,91002,R6,F01:91002:P08,1,B,985202,0,0,0,0,0,0,0,0,262144,0
FINAL_20261010_01,1,F01,91002,R6,F01:91002:P08,2,B,985202,0,0,0,0,0,0,0,0,262144,0
FINAL_20261010_01,1,F01,91002,M_NO_IDLE,F01:91002:P08,2,A,985202,0,0,0,0,0,0,0,0,262144,0
FINAL_20261010_01,1,F01,91003,M_EVENT_16,F01:91003:DIA01,1,A,915152,0,0,0,0,0,0,0,0,262144,0
FINAL_20261010_01,1,F01,91003,R6,F01:91003:DIA01,1,B,915152,0,0,0,0,0,0,0,0,262144,0
FINAL_20261010_01,1,F01,91003,R6,F01:91003:DIA01,2,B,915152,0,0,0,0,0,0,0,0,262144,0
FINAL_20261010_01,1,F01,91003,M_EVENT_16,F01:91003:DIA01,2,A,915152,0,0,0,0,0,0,0,0,262144,0
FINAL_20261010_01,1,F01,91003,M_FIXED_128,F01:91003:DIA02,1,A,38274,610,323,283,606,8,4,1,3,262144,0
FINAL_20261010_01,1,F01,91003,R6,F01:91003:DIA02,1,B,915152,0,0,0,0,0,0,0,0,262144,0
FINAL_20261010_01,1,F01,91003,R6,F01:91003:DIA02,2,B,915152,0,0,0,0,0,0,0,0,262144,0
FINAL_20261010_01,1,F01,91003,M_FIXED_128,F01:91003:DIA02,2,A,38274,610,323,283,606,8,4,1,3,262144,0
FINAL_20261010_01,1,F01,91003,Original,F01:91003:P01,1,A,NA,0,NA,NA,NA,NA,0,NA,NA,262144,NA
FINAL_20261010_01,1,F01,91003,M_LIST,F01:91003:P01,1,B,NA,0,0,0,0,0,0,0,0,262144,0
FINAL_20261010_01,1,F01,91003,M_LIST,F01:91003:P01,2,B,NA,0,0,0,0,0,0,0,0,262144,0
FINAL_20261010_01,1,F01,91003,Original,F01:91003:P01,2,A,NA,0,NA,NA,NA,NA,0,NA,NA,262144,NA
FINAL_20261010_01,1,F01,91003,M_LIST,F01:91003:P02,1,A,NA,0,0,0,0,0,0,0,0,262144,0
FINAL_20261010_01,1,F01,91003,M_OBSERVE_LIST,F01:91003:P02,1,B,915152,0,0,0,0,0,0,0,0,262144,0
FINAL_20261010_01,1,F01,91003,M_OBSERVE_LIST,F01:91003:P02,2,B,915152,0,0,0,0,0,0,0,0,262144,0
FINAL_20261010_01,1,F01,91003,M_LIST,F01:91003:P02,2,A,NA,0,0,0,0,0,0,0,0,262144,0
FINAL_20261010_01,1,F01,91003,M_LIST,F01:91003:P03,1,A,NA,0,0,0,0,0,0,0,0,262144,0
FINAL_20261010_01,1,F01,91003,R6,F01:91003:P03,1,B,915152,0,0,0,0,0,0,0,0,262144,0
FINAL_20261010_01,1,F01,91003,R6,F01:91003:P03,2,B,915152,0,0,0,0,0,0,0,0,262144,0
FINAL_20261010_01,1,F01,91003,M_LIST,F01:91003:P03,2,A,NA,0,0,0,0,0,0,0,0,262144,0
FINAL_20261010_01,1,F01,91003,M_OBSERVE_LIST,F01:91003:P04,1,A,915152,0,0,0,0,0,0,0,0,262144,0
FINAL_20261010_01,1,F01,91003,R6,F01:91003:P04,1,B,915152,0,0,0,0,0,0,0,0,262144,0
FINAL_20261010_01,1,F01,91003,R6,F01:91003:P04,2,B,915152,0,0,0,0,0,0,0,0,262144,0
FINAL_20261010_01,1,F01,91003,M_OBSERVE_LIST,F01:91003:P04,2,A,915152,0,0,0,0,0,0,0,0,262144,0
FINAL_20261010_01,1,F01,91003,Original,F01:91003:P05,1,A,NA,0,NA,NA,NA,NA,0,NA,NA,262144,NA
FINAL_20261010_01,1,F01,91003,R6,F01:91003:P05,1,B,915152,0,0,0,0,0,0,0,0,262144,0
FINAL_20261010_01,1,F01,91003,R6,F01:91003:P05,2,B,915152,0,0,0,0,0,0,0,0,262144,0
FINAL_20261010_01,1,F01,91003,Original,F01:91003:P05,2,A,NA,0,NA,NA,NA,NA,0,NA,NA,262144,NA
FINAL_20261010_01,1,F01,91003,M_EVENT_16,F01:91003:P06,1,A,915152,0,0,0,0,0,0,0,0,262144,0
FINAL_20261010_01,1,F01,91003,R6,F01:91003:P06,1,B,915152,0,0,0,0,0,0,0,0,262144,0
FINAL_20261010_01,1,F01,91003,R6,F01:91003:P06,2,B,915152,0,0,0,0,0,0,0,0,262144,0
FINAL_20261010_01,1,F01,91003,M_EVENT_16,F01:91003:P06,2,A,915152,0,0,0,0,0,0,0,0,262144,0
FINAL_20261010_01,1,F01,91003,M_FIXED_2048,F01:91003:P07,1,A,915152,0,0,0,0,0,0,0,0,262144,0
FINAL_20261010_01,1,F01,91003,R6,F01:91003:P07,1,B,915152,0,0,0,0,0,0,0,0,262144,0
FINAL_20261010_01,1,F01,91003,R6,F01:91003:P07,2,B,915152,0,0,0,0,0,0,0,0,262144,0
FINAL_20261010_01,1,F01,91003,M_FIXED_2048,F01:91003:P07,2,A,915152,0,0,0,0,0,0,0,0,262144,0
FINAL_20261010_01,1,F01,91003,M_NO_IDLE,F01:91003:P08,1,A,915152,0,0,0,0,0,0,0,0,262144,0
FINAL_20261010_01,1,F01,91003,R6,F01:91003:P08,1,B,915152,0,0,0,0,0,0,0,0,262144,0
FINAL_20261010_01,1,F01,91003,R6,F01:91003:P08,2,B,915152,0,0,0,0,0,0,0,0,262144,0
FINAL_20261010_01,1,F01,91003,M_NO_IDLE,F01:91003:P08,2,A,915152,0,0,0,0,0,0,0,0,262144,0
FINAL_20261010_01,1,F01,91004,M_EVENT_16,F01:91004:DIA01,1,A,942952,0,0,0,0,0,0,0,0,262144,0
FINAL_20261010_01,1,F01,91004,R6,F01:91004:DIA01,1,B,942952,0,0,0,0,0,0,0,0,262144,0
FINAL_20261010_01,1,F01,91004,R6,F01:91004:DIA01,2,B,942952,0,0,0,0,0,0,0,0,262144,0
FINAL_20261010_01,1,F01,91004,M_EVENT_16,F01:91004:DIA01,2,A,942952,0,0,0,0,0,0,0,0,262144,0
FINAL_20261010_01,1,F01,91004,M_FIXED_128,F01:91004:DIA02,1,A,29728,566,304,259,563,8,3,1,3,262144,0
FINAL_20261010_01,1,F01,91004,R6,F01:91004:DIA02,1,B,942952,0,0,0,0,0,0,0,0,262144,0
FINAL_20261010_01,1,F01,91004,R6,F01:91004:DIA02,2,B,942952,0,0,0,0,0,0,0,0,262144,0
FINAL_20261010_01,1,F01,91004,M_FIXED_128,F01:91004:DIA02,2,A,29728,566,304,259,563,8,3,1,3,262144,0
FINAL_20261010_01,1,F01,91004,Original,F01:91004:P01,1,A,NA,0,NA,NA,NA,NA,0,NA,NA,262144,NA
FINAL_20261010_01,1,F01,91004,M_LIST,F01:91004:P01,1,B,NA,0,0,0,0,0,0,0,0,262144,0
FINAL_20261010_01,1,F01,91004,M_LIST,F01:91004:P01,2,B,NA,0,0,0,0,0,0,0,0,262144,0
FINAL_20261010_01,1,F01,91004,Original,F01:91004:P01,2,A,NA,0,NA,NA,NA,NA,0,NA,NA,262144,NA
FINAL_20261010_01,1,F01,91004,M_LIST,F01:91004:P02,1,A,NA,0,0,0,0,0,0,0,0,262144,0
FINAL_20261010_01,1,F01,91004,M_OBSERVE_LIST,F01:91004:P02,1,B,942952,0,0,0,0,0,0,0,0,262144,0
FINAL_20261010_01,1,F01,91004,M_OBSERVE_LIST,F01:91004:P02,2,B,942952,0,0,0,0,0,0,0,0,262144,0
FINAL_20261010_01,1,F01,91004,M_LIST,F01:91004:P02,2,A,NA,0,0,0,0,0,0,0,0,262144,0
FINAL_20261010_01,1,F01,91004,M_LIST,F01:91004:P03,1,A,NA,0,0,0,0,0,0,0,0,262144,0
FINAL_20261010_01,1,F01,91004,R6,F01:91004:P03,1,B,942952,0,0,0,0,0,0,0,0,262144,0
FINAL_20261010_01,1,F01,91004,R6,F01:91004:P03,2,B,942952,0,0,0,0,0,0,0,0,262144,0
FINAL_20261010_01,1,F01,91004,M_LIST,F01:91004:P03,2,A,NA,0,0,0,0,0,0,0,0,262144,0
FINAL_20261010_01,1,F01,91004,M_OBSERVE_LIST,F01:91004:P04,1,A,942952,0,0,0,0,0,0,0,0,262144,0
FINAL_20261010_01,1,F01,91004,R6,F01:91004:P04,1,B,942952,0,0,0,0,0,0,0,0,262144,0
FINAL_20261010_01,1,F01,91004,R6,F01:91004:P04,2,B,942952,0,0,0,0,0,0,0,0,262144,0
FINAL_20261010_01,1,F01,91004,M_OBSERVE_LIST,F01:91004:P04,2,A,942952,0,0,0,0,0,0,0,0,262144,0
FINAL_20261010_01,1,F01,91004,Original,F01:91004:P05,1,A,NA,0,NA,NA,NA,NA,0,NA,NA,262144,NA
FINAL_20261010_01,1,F01,91004,R6,F01:91004:P05,1,B,942952,0,0,0,0,0,0,0,0,262144,0
FINAL_20261010_01,1,F01,91004,R6,F01:91004:P05,2,B,942952,0,0,0,0,0,0,0,0,262144,0
FINAL_20261010_01,1,F01,91004,Original,F01:91004:P05,2,A,NA,0,NA,NA,NA,NA,0,NA,NA,262144,NA
FINAL_20261010_01,1,F01,91004,M_EVENT_16,F01:91004:P06,1,A,942952,0,0,0,0,0,0,0,0,262144,0
FINAL_20261010_01,1,F01,91004,R6,F01:91004:P06,1,B,942952,0,0,0,0,0,0,0,0,262144,0
FINAL_20261010_01,1,F01,91004,R6,F01:91004:P06,2,B,942952,0,0,0,0,0,0,0,0,262144,0
FINAL_20261010_01,1,F01,91004,M_EVENT_16,F01:91004:P06,2,A,942952,0,0,0,0,0,0,0,0,262144,0
FINAL_20261010_01,1,F01,91004,M_FIXED_2048,F01:91004:P07,1,A,942952,0,0,0,0,0,0,0,0,262144,0
FINAL_20261010_01,1,F01,91004,R6,F01:91004:P07,1,B,942952,0,0,0,0,0,0,0,0,262144,0
FINAL_20261010_01,1,F01,91004,R6,F01:91004:P07,2,B,942952,0,0,0,0,0,0,0,0,262144,0
FINAL_20261010_01,1,F01,91004,M_FIXED_2048,F01:91004:P07,2,A,942952,0,0,0,0,0,0,0,0,262144,0
FINAL_20261010_01,1,F01,91004,M_NO_IDLE,F01:91004:P08,1,A,942952,0,0,0,0,0,0,0,0,262144,0
FINAL_20261010_01,1,F01,91004,R6,F01:91004:P08,1,B,942952,0,0,0,0,0,0,0,0,262144,0
FINAL_20261010_01,1,F01,91004,R6,F01:91004:P08,2,B,942952,0,0,0,0,0,0,0,0,262144,0
FINAL_20261010_01,1,F01,91004,M_NO_IDLE,F01:91004:P08,2,A,942952,0,0,0,0,0,0,0,0,262144,0
FINAL_20261010_01,1,F01,91005,M_EVENT_16,F01:91005:DIA01,1,A,951476,0,0,0,0,0,0,0,0,262144,0
FINAL_20261010_01,1,F01,91005,R6,F01:91005:DIA01,1,B,951476,0,0,0,0,0,0,0,0,262144,0
FINAL_20261010_01,1,F01,91005,R6,F01:91005:DIA01,2,B,951476,0,0,0,0,0,0,0,0,262144,0
FINAL_20261010_01,1,F01,91005,M_EVENT_16,F01:91005:DIA01,2,A,951476,0,0,0,0,0,0,0,0,262144,0
FINAL_20261010_01,1,F01,91005,M_FIXED_128,F01:91005:DIA02,1,A,30994,549,306,240,546,8,3,0,3,262144,0
FINAL_20261010_01,1,F01,91005,R6,F01:91005:DIA02,1,B,951476,0,0,0,0,0,0,0,0,262144,0
FINAL_20261010_01,1,F01,91005,R6,F01:91005:DIA02,2,B,951476,0,0,0,0,0,0,0,0,262144,0
FINAL_20261010_01,1,F01,91005,M_FIXED_128,F01:91005:DIA02,2,A,30994,549,306,240,546,8,3,0,3,262144,0
FINAL_20261010_01,1,F01,91005,Original,F01:91005:P01,1,A,NA,0,NA,NA,NA,NA,0,NA,NA,262144,NA
FINAL_20261010_01,1,F01,91005,M_LIST,F01:91005:P01,1,B,NA,0,0,0,0,0,0,0,0,262144,0
FINAL_20261010_01,1,F01,91005,M_LIST,F01:91005:P01,2,B,NA,0,0,0,0,0,0,0,0,262144,0
FINAL_20261010_01,1,F01,91005,Original,F01:91005:P01,2,A,NA,0,NA,NA,NA,NA,0,NA,NA,262144,NA
FINAL_20261010_01,1,F01,91005,M_LIST,F01:91005:P02,1,A,NA,0,0,0,0,0,0,0,0,262144,0
FINAL_20261010_01,1,F01,91005,M_OBSERVE_LIST,F01:91005:P02,1,B,951476,0,0,0,0,0,0,0,0,262144,0
FINAL_20261010_01,1,F01,91005,M_OBSERVE_LIST,F01:91005:P02,2,B,951476,0,0,0,0,0,0,0,0,262144,0
FINAL_20261010_01,1,F01,91005,M_LIST,F01:91005:P02,2,A,NA,0,0,0,0,0,0,0,0,262144,0
FINAL_20261010_01,1,F01,91005,M_LIST,F01:91005:P03,1,A,NA,0,0,0,0,0,0,0,0,262144,0
FINAL_20261010_01,1,F01,91005,R6,F01:91005:P03,1,B,951476,0,0,0,0,0,0,0,0,262144,0
FINAL_20261010_01,1,F01,91005,R6,F01:91005:P03,2,B,951476,0,0,0,0,0,0,0,0,262144,0
FINAL_20261010_01,1,F01,91005,M_LIST,F01:91005:P03,2,A,NA,0,0,0,0,0,0,0,0,262144,0
FINAL_20261010_01,1,F01,91005,M_OBSERVE_LIST,F01:91005:P04,1,A,951476,0,0,0,0,0,0,0,0,262144,0
FINAL_20261010_01,1,F01,91005,R6,F01:91005:P04,1,B,951476,0,0,0,0,0,0,0,0,262144,0
FINAL_20261010_01,1,F01,91005,R6,F01:91005:P04,2,B,951476,0,0,0,0,0,0,0,0,262144,0
FINAL_20261010_01,1,F01,91005,M_OBSERVE_LIST,F01:91005:P04,2,A,951476,0,0,0,0,0,0,0,0,262144,0
FINAL_20261010_01,1,F01,91005,Original,F01:91005:P05,1,A,NA,0,NA,NA,NA,NA,0,NA,NA,262144,NA
FINAL_20261010_01,1,F01,91005,R6,F01:91005:P05,1,B,951476,0,0,0,0,0,0,0,0,262144,0
FINAL_20261010_01,1,F01,91005,R6,F01:91005:P05,2,B,951476,0,0,0,0,0,0,0,0,262144,0
FINAL_20261010_01,1,F01,91005,Original,F01:91005:P05,2,A,NA,0,NA,NA,NA,NA,0,NA,NA,262144,NA
FINAL_20261010_01,1,F01,91005,M_EVENT_16,F01:91005:P06,1,A,951476,0,0,0,0,0,0,0,0,262144,0
FINAL_20261010_01,1,F01,91005,R6,F01:91005:P06,1,B,951476,0,0,0,0,0,0,0,0,262144,0
FINAL_20261010_01,1,F01,91005,R6,F01:91005:P06,2,B,951476,0,0,0,0,0,0,0,0,262144,0
FINAL_20261010_01,1,F01,91005,M_EVENT_16,F01:91005:P06,2,A,951476,0,0,0,0,0,0,0,0,262144,0
FINAL_20261010_01,1,F01,91005,M_FIXED_2048,F01:91005:P07,1,A,951476,0,0,0,0,0,0,0,0,262144,0
FINAL_20261010_01,1,F01,91005,R6,F01:91005:P07,1,B,951476,0,0,0,0,0,0,0,0,262144,0
FINAL_20261010_01,1,F01,91005,R6,F01:91005:P07,2,B,951476,0,0,0,0,0,0,0,0,262144,0
FINAL_20261010_01,1,F01,91005,M_FIXED_2048,F01:91005:P07,2,A,951476,0,0,0,0,0,0,0,0,262144,0
FINAL_20261010_01,1,F01,91005,M_NO_IDLE,F01:91005:P08,1,A,951476,0,0,0,0,0,0,0,0,262144,0
FINAL_20261010_01,1,F01,91005,R6,F01:91005:P08,1,B,951476,0,0,0,0,0,0,0,0,262144,0
FINAL_20261010_01,1,F01,91005,R6,F01:91005:P08,2,B,951476,0,0,0,0,0,0,0,0,262144,0
FINAL_20261010_01,1,F01,91005,M_NO_IDLE,F01:91005:P08,2,A,951476,0,0,0,0,0,0,0,0,262144,0
FINAL_20261010_01,1,F01,91006,M_EVENT_16,F01:91006:DIA01,1,A,954360,0,0,0,0,0,0,0,0,262144,0
FINAL_20261010_01,1,F01,91006,R6,F01:91006:DIA01,1,B,954360,0,0,0,0,0,0,0,0,262144,0
FINAL_20261010_01,1,F01,91006,R6,F01:91006:DIA01,2,B,954360,0,0,0,0,0,0,0,0,262144,0
FINAL_20261010_01,1,F01,91006,M_EVENT_16,F01:91006:DIA01,2,A,954360,0,0,0,0,0,0,0,0,262144,0
FINAL_20261010_01,1,F01,91006,M_FIXED_128,F01:91006:DIA02,1,A,28902,564,311,250,561,8,3,0,3,262144,0
FINAL_20261010_01,1,F01,91006,R6,F01:91006:DIA02,1,B,954360,0,0,0,0,0,0,0,0,262144,0
FINAL_20261010_01,1,F01,91006,R6,F01:91006:DIA02,2,B,954360,0,0,0,0,0,0,0,0,262144,0
FINAL_20261010_01,1,F01,91006,M_FIXED_128,F01:91006:DIA02,2,A,28902,564,311,250,561,8,3,0,3,262144,0
FINAL_20261010_01,1,F01,91006,Original,F01:91006:P01,1,A,NA,0,NA,NA,NA,NA,0,NA,NA,262144,NA
FINAL_20261010_01,1,F01,91006,M_LIST,F01:91006:P01,1,B,NA,0,0,0,0,0,0,0,0,262144,0
FINAL_20261010_01,1,F01,91006,M_LIST,F01:91006:P01,2,B,NA,0,0,0,0,0,0,0,0,262144,0
FINAL_20261010_01,1,F01,91006,Original,F01:91006:P01,2,A,NA,0,NA,NA,NA,NA,0,NA,NA,262144,NA
FINAL_20261010_01,1,F01,91006,M_LIST,F01:91006:P02,1,A,NA,0,0,0,0,0,0,0,0,262144,0
FINAL_20261010_01,1,F01,91006,M_OBSERVE_LIST,F01:91006:P02,1,B,954360,0,0,0,0,0,0,0,0,262144,0
FINAL_20261010_01,1,F01,91006,M_OBSERVE_LIST,F01:91006:P02,2,B,954360,0,0,0,0,0,0,0,0,262144,0
FINAL_20261010_01,1,F01,91006,M_LIST,F01:91006:P02,2,A,NA,0,0,0,0,0,0,0,0,262144,0
FINAL_20261010_01,1,F01,91006,M_LIST,F01:91006:P03,1,A,NA,0,0,0,0,0,0,0,0,262144,0
FINAL_20261010_01,1,F01,91006,R6,F01:91006:P03,1,B,954360,0,0,0,0,0,0,0,0,262144,0
FINAL_20261010_01,1,F01,91006,R6,F01:91006:P03,2,B,954360,0,0,0,0,0,0,0,0,262144,0
FINAL_20261010_01,1,F01,91006,M_LIST,F01:91006:P03,2,A,NA,0,0,0,0,0,0,0,0,262144,0
FINAL_20261010_01,1,F01,91006,M_OBSERVE_LIST,F01:91006:P04,1,A,954360,0,0,0,0,0,0,0,0,262144,0
FINAL_20261010_01,1,F01,91006,R6,F01:91006:P04,1,B,954360,0,0,0,0,0,0,0,0,262144,0
FINAL_20261010_01,1,F01,91006,R6,F01:91006:P04,2,B,954360,0,0,0,0,0,0,0,0,262144,0
FINAL_20261010_01,1,F01,91006,M_OBSERVE_LIST,F01:91006:P04,2,A,954360,0,0,0,0,0,0,0,0,262144,0
FINAL_20261010_01,1,F01,91006,Original,F01:91006:P05,1,A,NA,0,NA,NA,NA,NA,0,NA,NA,262144,NA
FINAL_20261010_01,1,F01,91006,R6,F01:91006:P05,1,B,954360,0,0,0,0,0,0,0,0,262144,0
FINAL_20261010_01,1,F01,91006,R6,F01:91006:P05,2,B,954360,0,0,0,0,0,0,0,0,262144,0
FINAL_20261010_01,1,F01,91006,Original,F01:91006:P05,2,A,NA,0,NA,NA,NA,NA,0,NA,NA,262144,NA
FINAL_20261010_01,1,F01,91006,M_EVENT_16,F01:91006:P06,1,A,954360,0,0,0,0,0,0,0,0,262144,0
FINAL_20261010_01,1,F01,91006,R6,F01:91006:P06,1,B,954360,0,0,0,0,0,0,0,0,262144,0
FINAL_20261010_01,1,F01,91006,R6,F01:91006:P06,2,B,954360,0,0,0,0,0,0,0,0,262144,0
FINAL_20261010_01,1,F01,91006,M_EVENT_16,F01:91006:P06,2,A,954360,0,0,0,0,0,0,0,0,262144,0
FINAL_20261010_01,1,F01,91006,M_FIXED_2048,F01:91006:P07,1,A,954360,0,0,0,0,0,0,0,0,262144,0
FINAL_20261010_01,1,F01,91006,R6,F01:91006:P07,1,B,954360,0,0,0,0,0,0,0,0,262144,0
FINAL_20261010_01,1,F01,91006,R6,F01:91006:P07,2,B,954360,0,0,0,0,0,0,0,0,262144,0
FINAL_20261010_01,1,F01,91006,M_FIXED_2048,F01:91006:P07,2,A,954360,0,0,0,0,0,0,0,0,262144,0
FINAL_20261010_01,1,F01,91006,M_NO_IDLE,F01:91006:P08,1,A,954360,0,0,0,0,0,0,0,0,262144,0
FINAL_20261010_01,1,F01,91006,R6,F01:91006:P08,1,B,954360,0,0,0,0,0,0,0,0,262144,0
FINAL_20261010_01,1,F01,91006,R6,F01:91006:P08,2,B,954360,0,0,0,0,0,0,0,0,262144,0
FINAL_20261010_01,1,F01,91006,M_NO_IDLE,F01:91006:P08,2,A,954360,0,0,0,0,0,0,0,0,262144,0
FINAL_20261010_01,1,F01,91007,M_EVENT_16,F01:91007:DIA01,1,A,1107364,0,0,0,0,0,0,0,0,262144,0
FINAL_20261010_01,1,F01,91007,R6,F01:91007:DIA01,1,B,1107364,0,0,0,0,0,0,0,0,262144,0
FINAL_20261010_01,1,F01,91007,R6,F01:91007:DIA01,2,B,1107364,0,0,0,0,0,0,0,0,262144,0
FINAL_20261010_01,1,F01,91007,M_EVENT_16,F01:91007:DIA01,2,A,1107364,0,0,0,0,0,0,0,0,262144,0
FINAL_20261010_01,1,F01,91007,M_FIXED_128,F01:91007:DIA02,1,A,26838,543,255,285,540,7,3,0,3,262144,0
FINAL_20261010_01,1,F01,91007,R6,F01:91007:DIA02,1,B,1107364,0,0,0,0,0,0,0,0,262144,0
FINAL_20261010_01,1,F01,91007,R6,F01:91007:DIA02,2,B,1107364,0,0,0,0,0,0,0,0,262144,0
FINAL_20261010_01,1,F01,91007,M_FIXED_128,F01:91007:DIA02,2,A,26838,543,255,285,540,7,3,0,3,262144,0
FINAL_20261010_01,1,F01,91007,Original,F01:91007:P01,1,A,NA,0,NA,NA,NA,NA,0,NA,NA,262144,NA
FINAL_20261010_01,1,F01,91007,M_LIST,F01:91007:P01,1,B,NA,0,0,0,0,0,0,0,0,262144,0
FINAL_20261010_01,1,F01,91007,M_LIST,F01:91007:P01,2,B,NA,0,0,0,0,0,0,0,0,262144,0
FINAL_20261010_01,1,F01,91007,Original,F01:91007:P01,2,A,NA,0,NA,NA,NA,NA,0,NA,NA,262144,NA
FINAL_20261010_01,1,F01,91007,M_LIST,F01:91007:P02,1,A,NA,0,0,0,0,0,0,0,0,262144,0
FINAL_20261010_01,1,F01,91007,M_OBSERVE_LIST,F01:91007:P02,1,B,1107364,0,0,0,0,0,0,0,0,262144,0
FINAL_20261010_01,1,F01,91007,M_OBSERVE_LIST,F01:91007:P02,2,B,1107364,0,0,0,0,0,0,0,0,262144,0
FINAL_20261010_01,1,F01,91007,M_LIST,F01:91007:P02,2,A,NA,0,0,0,0,0,0,0,0,262144,0
FINAL_20261010_01,1,F01,91007,M_LIST,F01:91007:P03,1,A,NA,0,0,0,0,0,0,0,0,262144,0
FINAL_20261010_01,1,F01,91007,R6,F01:91007:P03,1,B,1107364,0,0,0,0,0,0,0,0,262144,0
FINAL_20261010_01,1,F01,91007,R6,F01:91007:P03,2,B,1107364,0,0,0,0,0,0,0,0,262144,0
FINAL_20261010_01,1,F01,91007,M_LIST,F01:91007:P03,2,A,NA,0,0,0,0,0,0,0,0,262144,0
FINAL_20261010_01,1,F01,91007,M_OBSERVE_LIST,F01:91007:P04,1,A,1107364,0,0,0,0,0,0,0,0,262144,0
FINAL_20261010_01,1,F01,91007,R6,F01:91007:P04,1,B,1107364,0,0,0,0,0,0,0,0,262144,0
FINAL_20261010_01,1,F01,91007,R6,F01:91007:P04,2,B,1107364,0,0,0,0,0,0,0,0,262144,0
FINAL_20261010_01,1,F01,91007,M_OBSERVE_LIST,F01:91007:P04,2,A,1107364,0,0,0,0,0,0,0,0,262144,0
FINAL_20261010_01,1,F01,91007,Original,F01:91007:P05,1,A,NA,0,NA,NA,NA,NA,0,NA,NA,262144,NA
FINAL_20261010_01,1,F01,91007,R6,F01:91007:P05,1,B,1107364,0,0,0,0,0,0,0,0,262144,0
FINAL_20261010_01,1,F01,91007,R6,F01:91007:P05,2,B,1107364,0,0,0,0,0,0,0,0,262144,0
FINAL_20261010_01,1,F01,91007,Original,F01:91007:P05,2,A,NA,0,NA,NA,NA,NA,0,NA,NA,262144,NA
FINAL_20261010_01,1,F01,91007,M_EVENT_16,F01:91007:P06,1,A,1107364,0,0,0,0,0,0,0,0,262144,0
FINAL_20261010_01,1,F01,91007,R6,F01:91007:P06,1,B,1107364,0,0,0,0,0,0,0,0,262144,0
FINAL_20261010_01,1,F01,91007,R6,F01:91007:P06,2,B,1107364,0,0,0,0,0,0,0,0,262144,0
FINAL_20261010_01,1,F01,91007,M_EVENT_16,F01:91007:P06,2,A,1107364,0,0,0,0,0,0,0,0,262144,0
FINAL_20261010_01,1,F01,91007,M_FIXED_2048,F01:91007:P07,1,A,1107364,0,0,0,0,0,0,0,0,262144,0
FINAL_20261010_01,1,F01,91007,R6,F01:91007:P07,1,B,1107364,0,0,0,0,0,0,0,0,262144,0
FINAL_20261010_01,1,F01,91007,R6,F01:91007:P07,2,B,1107364,0,0,0,0,0,0,0,0,262144,0
FINAL_20261010_01,1,F01,91007,M_FIXED_2048,F01:91007:P07,2,A,1107364,0,0,0,0,0,0,0,0,262144,0
FINAL_20261010_01,1,F01,91007,M_NO_IDLE,F01:91007:P08,1,A,1107364,0,0,0,0,0,0,0,0,262144,0
FINAL_20261010_01,1,F01,91007,R6,F01:91007:P08,1,B,1107364,0,0,0,0,0,0,0,0,262144,0
FINAL_20261010_01,1,F01,91007,R6,F01:91007:P08,2,B,1107364,0,0,0,0,0,0,0,0,262144,0
FINAL_20261010_01,1,F01,91007,M_NO_IDLE,F01:91007:P08,2,A,1107364,0,0,0,0,0,0,0,0,262144,0
FINAL_20261010_01,1,F01,91008,M_EVENT_16,F01:91008:DIA01,1,A,889588,0,0,0,0,0,0,0,0,262144,0
FINAL_20261010_01,1,F01,91008,R6,F01:91008:DIA01,1,B,889588,0,0,0,0,0,0,0,0,262144,0
FINAL_20261010_01,1,F01,91008,R6,F01:91008:DIA01,2,B,889588,0,0,0,0,0,0,0,0,262144,0
FINAL_20261010_01,1,F01,91008,M_EVENT_16,F01:91008:DIA01,2,A,889588,0,0,0,0,0,0,0,0,262144,0
FINAL_20261010_01,1,F01,91008,M_FIXED_128,F01:91008:DIA02,1,A,42514,591,327,259,586,8,5,2,3,262144,0
FINAL_20261010_01,1,F01,91008,R6,F01:91008:DIA02,1,B,889588,0,0,0,0,0,0,0,0,262144,0
FINAL_20261010_01,1,F01,91008,R6,F01:91008:DIA02,2,B,889588,0,0,0,0,0,0,0,0,262144,0
FINAL_20261010_01,1,F01,91008,M_FIXED_128,F01:91008:DIA02,2,A,42514,591,327,259,586,8,5,2,3,262144,0
FINAL_20261010_01,1,F01,91008,Original,F01:91008:P01,1,A,NA,0,NA,NA,NA,NA,0,NA,NA,262144,NA
FINAL_20261010_01,1,F01,91008,M_LIST,F01:91008:P01,1,B,NA,0,0,0,0,0,0,0,0,262144,0
FINAL_20261010_01,1,F01,91008,M_LIST,F01:91008:P01,2,B,NA,0,0,0,0,0,0,0,0,262144,0
FINAL_20261010_01,1,F01,91008,Original,F01:91008:P01,2,A,NA,0,NA,NA,NA,NA,0,NA,NA,262144,NA
FINAL_20261010_01,1,F01,91008,M_LIST,F01:91008:P02,1,A,NA,0,0,0,0,0,0,0,0,262144,0
FINAL_20261010_01,1,F01,91008,M_OBSERVE_LIST,F01:91008:P02,1,B,889588,0,0,0,0,0,0,0,0,262144,0
FINAL_20261010_01,1,F01,91008,M_OBSERVE_LIST,F01:91008:P02,2,B,889588,0,0,0,0,0,0,0,0,262144,0
FINAL_20261010_01,1,F01,91008,M_LIST,F01:91008:P02,2,A,NA,0,0,0,0,0,0,0,0,262144,0
FINAL_20261010_01,1,F01,91008,M_LIST,F01:91008:P03,1,A,NA,0,0,0,0,0,0,0,0,262144,0
FINAL_20261010_01,1,F01,91008,R6,F01:91008:P03,1,B,889588,0,0,0,0,0,0,0,0,262144,0
FINAL_20261010_01,1,F01,91008,R6,F01:91008:P03,2,B,889588,0,0,0,0,0,0,0,0,262144,0
FINAL_20261010_01,1,F01,91008,M_LIST,F01:91008:P03,2,A,NA,0,0,0,0,0,0,0,0,262144,0
FINAL_20261010_01,1,F01,91008,M_OBSERVE_LIST,F01:91008:P04,1,A,889588,0,0,0,0,0,0,0,0,262144,0
FINAL_20261010_01,1,F01,91008,R6,F01:91008:P04,1,B,889588,0,0,0,0,0,0,0,0,262144,0
FINAL_20261010_01,1,F01,91008,R6,F01:91008:P04,2,B,889588,0,0,0,0,0,0,0,0,262144,0
FINAL_20261010_01,1,F01,91008,M_OBSERVE_LIST,F01:91008:P04,2,A,889588,0,0,0,0,0,0,0,0,262144,0
FINAL_20261010_01,1,F01,91008,Original,F01:91008:P05,1,A,NA,0,NA,NA,NA,NA,0,NA,NA,262144,NA
FINAL_20261010_01,1,F01,91008,R6,F01:91008:P05,1,B,889588,0,0,0,0,0,0,0,0,262144,0
FINAL_20261010_01,1,F01,91008,R6,F01:91008:P05,2,B,889588,0,0,0,0,0,0,0,0,262144,0
FINAL_20261010_01,1,F01,91008,Original,F01:91008:P05,2,A,NA,0,NA,NA,NA,NA,0,NA,NA,262144,NA
FINAL_20261010_01,1,F01,91008,M_EVENT_16,F01:91008:P06,1,A,889588,0,0,0,0,0,0,0,0,262144,0
FINAL_20261010_01,1,F01,91008,R6,F01:91008:P06,1,B,889588,0,0,0,0,0,0,0,0,262144,0
FINAL_20261010_01,1,F01,91008,R6,F01:91008:P06,2,B,889588,0,0,0,0,0,0,0,0,262144,0
FINAL_20261010_01,1,F01,91008,M_EVENT_16,F01:91008:P06,2,A,889588,0,0,0,0,0,0,0,0,262144,0
FINAL_20261010_01,1,F01,91008,M_FIXED_2048,F01:91008:P07,1,A,889588,0,0,0,0,0,0,0,0,262144,0
FINAL_20261010_01,1,F01,91008,R6,F01:91008:P07,1,B,889588,0,0,0,0,0,0,0,0,262144,0
FINAL_20261010_01,1,F01,91008,R6,F01:91008:P07,2,B,889588,0,0,0,0,0,0,0,0,262144,0
FINAL_20261010_01,1,F01,91008,M_FIXED_2048,F01:91008:P07,2,A,889588,0,0,0,0,0,0,0,0,262144,0
FINAL_20261010_01,1,F01,91008,M_NO_IDLE,F01:91008:P08,1,A,889588,0,0,0,0,0,0,0,0,262144,0
FINAL_20261010_01,1,F01,91008,R6,F01:91008:P08,1,B,889588,0,0,0,0,0,0,0,0,262144,0
FINAL_20261010_01,1,F01,91008,R6,F01:91008:P08,2,B,889588,0,0,0,0,0,0,0,0,262144,0
FINAL_20261010_01,1,F01,91008,M_NO_IDLE,F01:91008:P08,2,A,889588,0,0,0,0,0,0,0,0,262144,0
FINAL_20261010_01,1,F01,91009,M_EVENT_16,F01:91009:DIA01,1,A,997602,0,0,0,0,0,0,0,0,262144,0
FINAL_20261010_01,1,F01,91009,R6,F01:91009:DIA01,1,B,997602,0,0,0,0,0,0,0,0,262144,0
FINAL_20261010_01,1,F01,91009,R6,F01:91009:DIA01,2,B,997602,0,0,0,0,0,0,0,0,262144,0
FINAL_20261010_01,1,F01,91009,M_EVENT_16,F01:91009:DIA01,2,A,997602,0,0,0,0,0,0,0,0,262144,0
FINAL_20261010_01,1,F01,91009,M_FIXED_128,F01:91009:DIA02,1,A,30796,556,287,267,554,8,2,0,3,262144,0
FINAL_20261010_01,1,F01,91009,R6,F01:91009:DIA02,1,B,997602,0,0,0,0,0,0,0,0,262144,0
FINAL_20261010_01,1,F01,91009,R6,F01:91009:DIA02,2,B,997602,0,0,0,0,0,0,0,0,262144,0
FINAL_20261010_01,1,F01,91009,M_FIXED_128,F01:91009:DIA02,2,A,30796,556,287,267,554,8,2,0,3,262144,0
FINAL_20261010_01,1,F01,91009,Original,F01:91009:P01,1,A,NA,0,NA,NA,NA,NA,0,NA,NA,262144,NA
FINAL_20261010_01,1,F01,91009,M_LIST,F01:91009:P01,1,B,NA,0,0,0,0,0,0,0,0,262144,0
FINAL_20261010_01,1,F01,91009,M_LIST,F01:91009:P01,2,B,NA,0,0,0,0,0,0,0,0,262144,0
FINAL_20261010_01,1,F01,91009,Original,F01:91009:P01,2,A,NA,0,NA,NA,NA,NA,0,NA,NA,262144,NA
FINAL_20261010_01,1,F01,91009,M_LIST,F01:91009:P02,1,A,NA,0,0,0,0,0,0,0,0,262144,0
FINAL_20261010_01,1,F01,91009,M_OBSERVE_LIST,F01:91009:P02,1,B,997602,0,0,0,0,0,0,0,0,262144,0
FINAL_20261010_01,1,F01,91009,M_OBSERVE_LIST,F01:91009:P02,2,B,997602,0,0,0,0,0,0,0,0,262144,0
FINAL_20261010_01,1,F01,91009,M_LIST,F01:91009:P02,2,A,NA,0,0,0,0,0,0,0,0,262144,0
FINAL_20261010_01,1,F01,91009,M_LIST,F01:91009:P03,1,A,NA,0,0,0,0,0,0,0,0,262144,0
FINAL_20261010_01,1,F01,91009,R6,F01:91009:P03,1,B,997602,0,0,0,0,0,0,0,0,262144,0
FINAL_20261010_01,1,F01,91009,R6,F01:91009:P03,2,B,997602,0,0,0,0,0,0,0,0,262144,0
FINAL_20261010_01,1,F01,91009,M_LIST,F01:91009:P03,2,A,NA,0,0,0,0,0,0,0,0,262144,0
FINAL_20261010_01,1,F01,91009,M_OBSERVE_LIST,F01:91009:P04,1,A,997602,0,0,0,0,0,0,0,0,262144,0
FINAL_20261010_01,1,F01,91009,R6,F01:91009:P04,1,B,997602,0,0,0,0,0,0,0,0,262144,0
FINAL_20261010_01,1,F01,91009,R6,F01:91009:P04,2,B,997602,0,0,0,0,0,0,0,0,262144,0
FINAL_20261010_01,1,F01,91009,M_OBSERVE_LIST,F01:91009:P04,2,A,997602,0,0,0,0,0,0,0,0,262144,0
FINAL_20261010_01,1,F01,91009,Original,F01:91009:P05,1,A,NA,0,NA,NA,NA,NA,0,NA,NA,262144,NA
FINAL_20261010_01,1,F01,91009,R6,F01:91009:P05,1,B,997602,0,0,0,0,0,0,0,0,262144,0
FINAL_20261010_01,1,F01,91009,R6,F01:91009:P05,2,B,997602,0,0,0,0,0,0,0,0,262144,0
FINAL_20261010_01,1,F01,91009,Original,F01:91009:P05,2,A,NA,0,NA,NA,NA,NA,0,NA,NA,262144,NA
FINAL_20261010_01,1,F01,91009,M_EVENT_16,F01:91009:P06,1,A,997602,0,0,0,0,0,0,0,0,262144,0
FINAL_20261010_01,1,F01,91009,R6,F01:91009:P06,1,B,997602,0,0,0,0,0,0,0,0,262144,0
FINAL_20261010_01,1,F01,91009,R6,F01:91009:P06,2,B,997602,0,0,0,0,0,0,0,0,262144,0
FINAL_20261010_01,1,F01,91009,M_EVENT_16,F01:91009:P06,2,A,997602,0,0,0,0,0,0,0,0,262144,0
FINAL_20261010_01,1,F01,91009,M_FIXED_2048,F01:91009:P07,1,A,997602,0,0,0,0,0,0,0,0,262144,0
FINAL_20261010_01,1,F01,91009,R6,F01:91009:P07,1,B,997602,0,0,0,0,0,0,0,0,262144,0
FINAL_20261010_01,1,F01,91009,R6,F01:91009:P07,2,B,997602,0,0,0,0,0,0,0,0,262144,0
FINAL_20261010_01,1,F01,91009,M_FIXED_2048,F01:91009:P07,2,A,997602,0,0,0,0,0,0,0,0,262144,0
FINAL_20261010_01,1,F01,91009,M_NO_IDLE,F01:91009:P08,1,A,997602,0,0,0,0,0,0,0,0,262144,0
FINAL_20261010_01,1,F01,91009,R6,F01:91009:P08,1,B,997602,0,0,0,0,0,0,0,0,262144,0
FINAL_20261010_01,1,F01,91009,R6,F01:91009:P08,2,B,997602,0,0,0,0,0,0,0,0,262144,0
FINAL_20261010_01,1,F01,91009,M_NO_IDLE,F01:91009:P08,2,A,997602,0,0,0,0,0,0,0,0,262144,0
FINAL_20261010_01,1,F01,91010,M_EVENT_16,F01:91010:DIA01,1,A,897092,0,0,0,0,0,0,0,0,262144,0
FINAL_20261010_01,1,F01,91010,R6,F01:91010:DIA01,1,B,897092,0,0,0,0,0,0,0,0,262144,0
FINAL_20261010_01,1,F01,91010,R6,F01:91010:DIA01,2,B,897092,0,0,0,0,0,0,0,0,262144,0
FINAL_20261010_01,1,F01,91010,M_EVENT_16,F01:91010:DIA01,2,A,897092,0,0,0,0,0,0,0,0,262144,0
FINAL_20261010_01,1,F01,91010,M_FIXED_128,F01:91010:DIA02,1,A,36702,582,315,265,580,7,2,1,4,262144,0
FINAL_20261010_01,1,F01,91010,R6,F01:91010:DIA02,1,B,897092,0,0,0,0,0,0,0,0,262144,0
FINAL_20261010_01,1,F01,91010,R6,F01:91010:DIA02,2,B,897092,0,0,0,0,0,0,0,0,262144,0
FINAL_20261010_01,1,F01,91010,M_FIXED_128,F01:91010:DIA02,2,A,36702,582,315,265,580,7,2,1,4,262144,0
FINAL_20261010_01,1,F01,91010,Original,F01:91010:P01,1,A,NA,0,NA,NA,NA,NA,0,NA,NA,262144,NA
FINAL_20261010_01,1,F01,91010,M_LIST,F01:91010:P01,1,B,NA,0,0,0,0,0,0,0,0,262144,0
FINAL_20261010_01,1,F01,91010,M_LIST,F01:91010:P01,2,B,NA,0,0,0,0,0,0,0,0,262144,0
FINAL_20261010_01,1,F01,91010,Original,F01:91010:P01,2,A,NA,0,NA,NA,NA,NA,0,NA,NA,262144,NA
FINAL_20261010_01,1,F01,91010,M_LIST,F01:91010:P02,1,A,NA,0,0,0,0,0,0,0,0,262144,0
FINAL_20261010_01,1,F01,91010,M_OBSERVE_LIST,F01:91010:P02,1,B,897092,0,0,0,0,0,0,0,0,262144,0
FINAL_20261010_01,1,F01,91010,M_OBSERVE_LIST,F01:91010:P02,2,B,897092,0,0,0,0,0,0,0,0,262144,0
FINAL_20261010_01,1,F01,91010,M_LIST,F01:91010:P02,2,A,NA,0,0,0,0,0,0,0,0,262144,0
FINAL_20261010_01,1,F01,91010,M_LIST,F01:91010:P03,1,A,NA,0,0,0,0,0,0,0,0,262144,0
FINAL_20261010_01,1,F01,91010,R6,F01:91010:P03,1,B,897092,0,0,0,0,0,0,0,0,262144,0
FINAL_20261010_01,1,F01,91010,R6,F01:91010:P03,2,B,897092,0,0,0,0,0,0,0,0,262144,0
FINAL_20261010_01,1,F01,91010,M_LIST,F01:91010:P03,2,A,NA,0,0,0,0,0,0,0,0,262144,0
FINAL_20261010_01,1,F01,91010,M_OBSERVE_LIST,F01:91010:P04,1,A,897092,0,0,0,0,0,0,0,0,262144,0
FINAL_20261010_01,1,F01,91010,R6,F01:91010:P04,1,B,897092,0,0,0,0,0,0,0,0,262144,0
FINAL_20261010_01,1,F01,91010,R6,F01:91010:P04,2,B,897092,0,0,0,0,0,0,0,0,262144,0
FINAL_20261010_01,1,F01,91010,M_OBSERVE_LIST,F01:91010:P04,2,A,897092,0,0,0,0,0,0,0,0,262144,0
FINAL_20261010_01,1,F01,91010,Original,F01:91010:P05,1,A,NA,0,NA,NA,NA,NA,0,NA,NA,262144,NA
FINAL_20261010_01,1,F01,91010,R6,F01:91010:P05,1,B,897092,0,0,0,0,0,0,0,0,262144,0
FINAL_20261010_01,1,F01,91010,R6,F01:91010:P05,2,B,897092,0,0,0,0,0,0,0,0,262144,0
FINAL_20261010_01,1,F01,91010,Original,F01:91010:P05,2,A,NA,0,NA,NA,NA,NA,0,NA,NA,262144,NA
FINAL_20261010_01,1,F01,91010,M_EVENT_16,F01:91010:P06,1,A,897092,0,0,0,0,0,0,0,0,262144,0
FINAL_20261010_01,1,F01,91010,R6,F01:91010:P06,1,B,897092,0,0,0,0,0,0,0,0,262144,0
FINAL_20261010_01,1,F01,91010,R6,F01:91010:P06,2,B,897092,0,0,0,0,0,0,0,0,262144,0
FINAL_20261010_01,1,F01,91010,M_EVENT_16,F01:91010:P06,2,A,897092,0,0,0,0,0,0,0,0,262144,0
FINAL_20261010_01,1,F01,91010,M_FIXED_2048,F01:91010:P07,1,A,897092,0,0,0,0,0,0,0,0,262144,0
FINAL_20261010_01,1,F01,91010,R6,F01:91010:P07,1,B,897092,0,0,0,0,0,0,0,0,262144,0
FINAL_20261010_01,1,F01,91010,R6,F01:91010:P07,2,B,897092,0,0,0,0,0,0,0,0,262144,0
FINAL_20261010_01,1,F01,91010,M_FIXED_2048,F01:91010:P07,2,A,897092,0,0,0,0,0,0,0,0,262144,0
FINAL_20261010_01,1,F01,91010,M_NO_IDLE,F01:91010:P08,1,A,897092,0,0,0,0,0,0,0,0,262144,0
FINAL_20261010_01,1,F01,91010,R6,F01:91010:P08,1,B,897092,0,0,0,0,0,0,0,0,262144,0
FINAL_20261010_01,1,F01,91010,R6,F01:91010:P08,2,B,897092,0,0,0,0,0,0,0,0,262144,0
FINAL_20261010_01,1,F01,91010,M_NO_IDLE,F01:91010:P08,2,A,897092,0,0,0,0,0,0,0,0,262144,0
FINAL_20261010_01,1,F02,91001,M_EVENT_16,F02:91001:DIA01,1,A,1455184,0,0,0,0,0,0,0,0,262144,0
FINAL_20261010_01,1,F02,91001,R6,F02:91001:DIA01,1,B,1455184,0,0,0,0,0,0,0,0,262144,0
FINAL_20261010_01,1,F02,91001,R6,F02:91001:DIA01,2,B,1455184,0,0,0,0,0,0,0,0,262144,0
FINAL_20261010_01,1,F02,91001,M_EVENT_16,F02:91001:DIA01,2,A,1455184,0,0,0,0,0,0,0,0,262144,0
FINAL_20261010_01,1,F02,91001,M_FIXED_128,F02:91001:DIA02,1,A,937650,985,877,105,982,9,3,0,5,262144,0
FINAL_20261010_01,1,F02,91001,R6,F02:91001:DIA02,1,B,1455184,0,0,0,0,0,0,0,0,262144,0
FINAL_20261010_01,1,F02,91001,R6,F02:91001:DIA02,2,B,1455184,0,0,0,0,0,0,0,0,262144,0
FINAL_20261010_01,1,F02,91001,M_FIXED_128,F02:91001:DIA02,2,A,937650,985,877,105,982,9,3,0,5,262144,0
FINAL_20261010_01,1,F02,91001,Original,F02:91001:P01,1,A,NA,0,NA,NA,NA,NA,0,NA,NA,262144,NA
FINAL_20261010_01,1,F02,91001,M_LIST,F02:91001:P01,1,B,NA,0,0,0,0,0,0,0,0,262144,0
FINAL_20261010_01,1,F02,91001,M_LIST,F02:91001:P01,2,B,NA,0,0,0,0,0,0,0,0,262144,0
FINAL_20261010_01,1,F02,91001,Original,F02:91001:P01,2,A,NA,0,NA,NA,NA,NA,0,NA,NA,262144,NA
FINAL_20261010_01,1,F02,91001,M_LIST,F02:91001:P02,1,A,NA,0,0,0,0,0,0,0,0,262144,0
FINAL_20261010_01,1,F02,91001,M_OBSERVE_LIST,F02:91001:P02,1,B,1455184,0,0,0,0,0,0,0,0,262144,0
FINAL_20261010_01,1,F02,91001,M_OBSERVE_LIST,F02:91001:P02,2,B,1455184,0,0,0,0,0,0,0,0,262144,0
FINAL_20261010_01,1,F02,91001,M_LIST,F02:91001:P02,2,A,NA,0,0,0,0,0,0,0,0,262144,0
FINAL_20261010_01,1,F02,91001,M_LIST,F02:91001:P03,1,A,NA,0,0,0,0,0,0,0,0,262144,0
FINAL_20261010_01,1,F02,91001,R6,F02:91001:P03,1,B,1455184,0,0,0,0,0,0,0,0,262144,0
FINAL_20261010_01,1,F02,91001,R6,F02:91001:P03,2,B,1455184,0,0,0,0,0,0,0,0,262144,0
FINAL_20261010_01,1,F02,91001,M_LIST,F02:91001:P03,2,A,NA,0,0,0,0,0,0,0,0,262144,0
FINAL_20261010_01,1,F02,91001,M_OBSERVE_LIST,F02:91001:P04,1,A,1455184,0,0,0,0,0,0,0,0,262144,0
FINAL_20261010_01,1,F02,91001,R6,F02:91001:P04,1,B,1455184,0,0,0,0,0,0,0,0,262144,0
FINAL_20261010_01,1,F02,91001,R6,F02:91001:P04,2,B,1455184,0,0,0,0,0,0,0,0,262144,0
FINAL_20261010_01,1,F02,91001,M_OBSERVE_LIST,F02:91001:P04,2,A,1455184,0,0,0,0,0,0,0,0,262144,0
FINAL_20261010_01,1,F02,91001,Original,F02:91001:P05,1,A,NA,0,NA,NA,NA,NA,0,NA,NA,262144,NA
FINAL_20261010_01,1,F02,91001,R6,F02:91001:P05,1,B,1455184,0,0,0,0,0,0,0,0,262144,0
FINAL_20261010_01,1,F02,91001,R6,F02:91001:P05,2,B,1455184,0,0,0,0,0,0,0,0,262144,0
FINAL_20261010_01,1,F02,91001,Original,F02:91001:P05,2,A,NA,0,NA,NA,NA,NA,0,NA,NA,262144,NA
FINAL_20261010_01,1,F02,91001,M_EVENT_16,F02:91001:P06,1,A,1455184,0,0,0,0,0,0,0,0,262144,0
FINAL_20261010_01,1,F02,91001,R6,F02:91001:P06,1,B,1455184,0,0,0,0,0,0,0,0,262144,0
FINAL_20261010_01,1,F02,91001,R6,F02:91001:P06,2,B,1455184,0,0,0,0,0,0,0,0,262144,0
FINAL_20261010_01,1,F02,91001,M_EVENT_16,F02:91001:P06,2,A,1455184,0,0,0,0,0,0,0,0,262144,0
FINAL_20261010_01,1,F02,91001,M_FIXED_2048,F02:91001:P07,1,A,1455184,0,0,0,0,0,0,0,0,262144,0
FINAL_20261010_01,1,F02,91001,R6,F02:91001:P07,1,B,1455184,0,0,0,0,0,0,0,0,262144,0
FINAL_20261010_01,1,F02,91001,R6,F02:91001:P07,2,B,1455184,0,0,0,0,0,0,0,0,262144,0
FINAL_20261010_01,1,F02,91001,M_FIXED_2048,F02:91001:P07,2,A,1455184,0,0,0,0,0,0,0,0,262144,0
FINAL_20261010_01,1,F02,91001,M_NO_IDLE,F02:91001:P08,1,A,1455184,0,0,0,0,0,0,0,0,262144,0
FINAL_20261010_01,1,F02,91001,R6,F02:91001:P08,1,B,1455184,0,0,0,0,0,0,0,0,262144,0
FINAL_20261010_01,1,F02,91001,R6,F02:91001:P08,2,B,1455184,0,0,0,0,0,0,0,0,262144,0
FINAL_20261010_01,1,F02,91001,M_NO_IDLE,F02:91001:P08,2,A,1455184,0,0,0,0,0,0,0,0,262144,0
FINAL_20261010_01,1,F02,91002,M_EVENT_16,F02:91002:DIA01,1,A,1542886,0,0,0,0,0,0,0,0,262144,0
FINAL_20261010_01,1,F02,91002,R6,F02:91002:DIA01,1,B,1542886,0,0,0,0,0,0,0,0,262144,0
FINAL_20261010_01,1,F02,91002,R6,F02:91002:DIA01,2,B,1542886,0,0,0,0,0,0,0,0,262144,0
FINAL_20261010_01,1,F02,91002,M_EVENT_16,F02:91002:DIA01,2,A,1542886,0,0,0,0,0,0,0,0,262144,0
FINAL_20261010_01,1,F02,91002,M_FIXED_128,F02:91002:DIA02,1,A,1038188,986,891,93,984,9,2,0,5,262144,0
FINAL_20261010_01,1,F02,91002,R6,F02:91002:DIA02,1,B,1542886,0,0,0,0,0,0,0,0,262144,0
FINAL_20261010_01,1,F02,91002,R6,F02:91002:DIA02,2,B,1542886,0,0,0,0,0,0,0,0,262144,0
FINAL_20261010_01,1,F02,91002,M_FIXED_128,F02:91002:DIA02,2,A,1038188,986,891,93,984,9,2,0,5,262144,0
FINAL_20261010_01,1,F02,91002,Original,F02:91002:P01,1,A,NA,0,NA,NA,NA,NA,0,NA,NA,262144,NA
FINAL_20261010_01,1,F02,91002,M_LIST,F02:91002:P01,1,B,NA,0,0,0,0,0,0,0,0,262144,0
FINAL_20261010_01,1,F02,91002,M_LIST,F02:91002:P01,2,B,NA,0,0,0,0,0,0,0,0,262144,0
FINAL_20261010_01,1,F02,91002,Original,F02:91002:P01,2,A,NA,0,NA,NA,NA,NA,0,NA,NA,262144,NA
FINAL_20261010_01,1,F02,91002,M_LIST,F02:91002:P02,1,A,NA,0,0,0,0,0,0,0,0,262144,0
FINAL_20261010_01,1,F02,91002,M_OBSERVE_LIST,F02:91002:P02,1,B,1542886,0,0,0,0,0,0,0,0,262144,0
FINAL_20261010_01,1,F02,91002,M_OBSERVE_LIST,F02:91002:P02,2,B,1542886,0,0,0,0,0,0,0,0,262144,0
FINAL_20261010_01,1,F02,91002,M_LIST,F02:91002:P02,2,A,NA,0,0,0,0,0,0,0,0,262144,0
FINAL_20261010_01,1,F02,91002,M_LIST,F02:91002:P03,1,A,NA,0,0,0,0,0,0,0,0,262144,0
FINAL_20261010_01,1,F02,91002,R6,F02:91002:P03,1,B,1542886,0,0,0,0,0,0,0,0,262144,0
FINAL_20261010_01,1,F02,91002,R6,F02:91002:P03,2,B,1542886,0,0,0,0,0,0,0,0,262144,0
FINAL_20261010_01,1,F02,91002,M_LIST,F02:91002:P03,2,A,NA,0,0,0,0,0,0,0,0,262144,0
FINAL_20261010_01,1,F02,91002,M_OBSERVE_LIST,F02:91002:P04,1,A,1542886,0,0,0,0,0,0,0,0,262144,0
FINAL_20261010_01,1,F02,91002,R6,F02:91002:P04,1,B,1542886,0,0,0,0,0,0,0,0,262144,0
FINAL_20261010_01,1,F02,91002,R6,F02:91002:P04,2,B,1542886,0,0,0,0,0,0,0,0,262144,0
FINAL_20261010_01,1,F02,91002,M_OBSERVE_LIST,F02:91002:P04,2,A,1542886,0,0,0,0,0,0,0,0,262144,0
FINAL_20261010_01,1,F02,91002,Original,F02:91002:P05,1,A,NA,0,NA,NA,NA,NA,0,NA,NA,262144,NA
FINAL_20261010_01,1,F02,91002,R6,F02:91002:P05,1,B,1542886,0,0,0,0,0,0,0,0,262144,0
FINAL_20261010_01,1,F02,91002,R6,F02:91002:P05,2,B,1542886,0,0,0,0,0,0,0,0,262144,0
FINAL_20261010_01,1,F02,91002,Original,F02:91002:P05,2,A,NA,0,NA,NA,NA,NA,0,NA,NA,262144,NA
FINAL_20261010_01,1,F02,91002,M_EVENT_16,F02:91002:P06,1,A,1542886,0,0,0,0,0,0,0,0,262144,0
FINAL_20261010_01,1,F02,91002,R6,F02:91002:P06,1,B,1542886,0,0,0,0,0,0,0,0,262144,0
FINAL_20261010_01,1,F02,91002,R6,F02:91002:P06,2,B,1542886,0,0,0,0,0,0,0,0,262144,0
FINAL_20261010_01,1,F02,91002,M_EVENT_16,F02:91002:P06,2,A,1542886,0,0,0,0,0,0,0,0,262144,0
FINAL_20261010_01,1,F02,91002,M_FIXED_2048,F02:91002:P07,1,A,1542886,0,0,0,0,0,0,0,0,262144,0
FINAL_20261010_01,1,F02,91002,R6,F02:91002:P07,1,B,1542886,0,0,0,0,0,0,0,0,262144,0
FINAL_20261010_01,1,F02,91002,R6,F02:91002:P07,2,B,1542886,0,0,0,0,0,0,0,0,262144,0
FINAL_20261010_01,1,F02,91002,M_FIXED_2048,F02:91002:P07,2,A,1542886,0,0,0,0,0,0,0,0,262144,0
FINAL_20261010_01,1,F02,91002,M_NO_IDLE,F02:91002:P08,1,A,1542886,0,0,0,0,0,0,0,0,262144,0
FINAL_20261010_01,1,F02,91002,R6,F02:91002:P08,1,B,1542886,0,0,0,0,0,0,0,0,262144,0
FINAL_20261010_01,1,F02,91002,R6,F02:91002:P08,2,B,1542886,0,0,0,0,0,0,0,0,262144,0
FINAL_20261010_01,1,F02,91002,M_NO_IDLE,F02:91002:P08,2,A,1542886,0,0,0,0,0,0,0,0,262144,0
FINAL_20261010_01,1,F02,91003,M_EVENT_16,F02:91003:DIA01,1,A,1407834,0,0,0,0,0,0,0,0,262144,0
FINAL_20261010_01,1,F02,91003,R6,F02:91003:DIA01,1,B,1407834,0,0,0,0,0,0,0,0,262144,0
FINAL_20261010_01,1,F02,91003,R6,F02:91003:DIA01,2,B,1407834,0,0,0,0,0,0,0,0,262144,0
FINAL_20261010_01,1,F02,91003,M_EVENT_16,F02:91003:DIA01,2,A,1407834,0,0,0,0,0,0,0,0,262144,0
FINAL_20261010_01,1,F02,91003,M_FIXED_128,F02:91003:DIA02,1,A,883330,990,879,108,987,9,3,1,5,262144,0
FINAL_20261010_01,1,F02,91003,R6,F02:91003:DIA02,1,B,1407834,0,0,0,0,0,0,0,0,262144,0
FINAL_20261010_01,1,F02,91003,R6,F02:91003:DIA02,2,B,1407834,0,0,0,0,0,0,0,0,262144,0
FINAL_20261010_01,1,F02,91003,M_FIXED_128,F02:91003:DIA02,2,A,883330,990,879,108,987,9,3,1,5,262144,0
FINAL_20261010_01,1,F02,91003,Original,F02:91003:P01,1,A,NA,0,NA,NA,NA,NA,0,NA,NA,262144,NA
FINAL_20261010_01,1,F02,91003,M_LIST,F02:91003:P01,1,B,NA,0,0,0,0,0,0,0,0,262144,0
FINAL_20261010_01,1,F02,91003,M_LIST,F02:91003:P01,2,B,NA,0,0,0,0,0,0,0,0,262144,0
FINAL_20261010_01,1,F02,91003,Original,F02:91003:P01,2,A,NA,0,NA,NA,NA,NA,0,NA,NA,262144,NA
FINAL_20261010_01,1,F02,91003,M_LIST,F02:91003:P02,1,A,NA,0,0,0,0,0,0,0,0,262144,0
FINAL_20261010_01,1,F02,91003,M_OBSERVE_LIST,F02:91003:P02,1,B,1407834,0,0,0,0,0,0,0,0,262144,0
FINAL_20261010_01,1,F02,91003,M_OBSERVE_LIST,F02:91003:P02,2,B,1407834,0,0,0,0,0,0,0,0,262144,0
FINAL_20261010_01,1,F02,91003,M_LIST,F02:91003:P02,2,A,NA,0,0,0,0,0,0,0,0,262144,0
FINAL_20261010_01,1,F02,91003,M_LIST,F02:91003:P03,1,A,NA,0,0,0,0,0,0,0,0,262144,0
FINAL_20261010_01,1,F02,91003,R6,F02:91003:P03,1,B,1407834,0,0,0,0,0,0,0,0,262144,0
FINAL_20261010_01,1,F02,91003,R6,F02:91003:P03,2,B,1407834,0,0,0,0,0,0,0,0,262144,0
FINAL_20261010_01,1,F02,91003,M_LIST,F02:91003:P03,2,A,NA,0,0,0,0,0,0,0,0,262144,0
FINAL_20261010_01,1,F02,91003,M_OBSERVE_LIST,F02:91003:P04,1,A,1407834,0,0,0,0,0,0,0,0,262144,0
FINAL_20261010_01,1,F02,91003,R6,F02:91003:P04,1,B,1407834,0,0,0,0,0,0,0,0,262144,0
FINAL_20261010_01,1,F02,91003,R6,F02:91003:P04,2,B,1407834,0,0,0,0,0,0,0,0,262144,0
FINAL_20261010_01,1,F02,91003,M_OBSERVE_LIST,F02:91003:P04,2,A,1407834,0,0,0,0,0,0,0,0,262144,0
FINAL_20261010_01,1,F02,91003,Original,F02:91003:P05,1,A,NA,0,NA,NA,NA,NA,0,NA,NA,262144,NA
FINAL_20261010_01,1,F02,91003,R6,F02:91003:P05,1,B,1407834,0,0,0,0,0,0,0,0,262144,0
FINAL_20261010_01,1,F02,91003,R6,F02:91003:P05,2,B,1407834,0,0,0,0,0,0,0,0,262144,0
FINAL_20261010_01,1,F02,91003,Original,F02:91003:P05,2,A,NA,0,NA,NA,NA,NA,0,NA,NA,262144,NA
FINAL_20261010_01,1,F02,91003,M_EVENT_16,F02:91003:P06,1,A,1407834,0,0,0,0,0,0,0,0,262144,0
FINAL_20261010_01,1,F02,91003,R6,F02:91003:P06,1,B,1407834,0,0,0,0,0,0,0,0,262144,0
FINAL_20261010_01,1,F02,91003,R6,F02:91003:P06,2,B,1407834,0,0,0,0,0,0,0,0,262144,0
FINAL_20261010_01,1,F02,91003,M_EVENT_16,F02:91003:P06,2,A,1407834,0,0,0,0,0,0,0,0,262144,0
FINAL_20261010_01,1,F02,91003,M_FIXED_2048,F02:91003:P07,1,A,1407834,0,0,0,0,0,0,0,0,262144,0
FINAL_20261010_01,1,F02,91003,R6,F02:91003:P07,1,B,1407834,0,0,0,0,0,0,0,0,262144,0
FINAL_20261010_01,1,F02,91003,R6,F02:91003:P07,2,B,1407834,0,0,0,0,0,0,0,0,262144,0
FINAL_20261010_01,1,F02,91003,M_FIXED_2048,F02:91003:P07,2,A,1407834,0,0,0,0,0,0,0,0,262144,0
FINAL_20261010_01,1,F02,91003,M_NO_IDLE,F02:91003:P08,1,A,1407834,0,0,0,0,0,0,0,0,262144,0
FINAL_20261010_01,1,F02,91003,R6,F02:91003:P08,1,B,1407834,0,0,0,0,0,0,0,0,262144,0
FINAL_20261010_01,1,F02,91003,R6,F02:91003:P08,2,B,1407834,0,0,0,0,0,0,0,0,262144,0
FINAL_20261010_01,1,F02,91003,M_NO_IDLE,F02:91003:P08,2,A,1407834,0,0,0,0,0,0,0,0,262144,0
FINAL_20261010_01,1,F02,91004,M_EVENT_16,F02:91004:DIA01,1,A,1435144,0,0,0,0,0,0,0,0,262144,0
FINAL_20261010_01,1,F02,91004,R6,F02:91004:DIA01,1,B,1435144,0,0,0,0,0,0,0,0,262144,0
FINAL_20261010_01,1,F02,91004,R6,F02:91004:DIA01,2,B,1435144,0,0,0,0,0,0,0,0,262144,0
FINAL_20261010_01,1,F02,91004,M_EVENT_16,F02:91004:DIA01,2,A,1435144,0,0,0,0,0,0,0,0,262144,0
FINAL_20261010_01,1,F02,91004,M_FIXED_128,F02:91004:DIA02,1,A,945528,983,867,113,980,10,3,0,5,262144,0
FINAL_20261010_01,1,F02,91004,R6,F02:91004:DIA02,1,B,1435144,0,0,0,0,0,0,0,0,262144,0
FINAL_20261010_01,1,F02,91004,R6,F02:91004:DIA02,2,B,1435144,0,0,0,0,0,0,0,0,262144,0
FINAL_20261010_01,1,F02,91004,M_FIXED_128,F02:91004:DIA02,2,A,945528,983,867,113,980,10,3,0,5,262144,0
FINAL_20261010_01,1,F02,91004,Original,F02:91004:P01,1,A,NA,0,NA,NA,NA,NA,0,NA,NA,262144,NA
FINAL_20261010_01,1,F02,91004,M_LIST,F02:91004:P01,1,B,NA,0,0,0,0,0,0,0,0,262144,0
FINAL_20261010_01,1,F02,91004,M_LIST,F02:91004:P01,2,B,NA,0,0,0,0,0,0,0,0,262144,0
FINAL_20261010_01,1,F02,91004,Original,F02:91004:P01,2,A,NA,0,NA,NA,NA,NA,0,NA,NA,262144,NA
FINAL_20261010_01,1,F02,91004,M_LIST,F02:91004:P02,1,A,NA,0,0,0,0,0,0,0,0,262144,0
FINAL_20261010_01,1,F02,91004,M_OBSERVE_LIST,F02:91004:P02,1,B,1435144,0,0,0,0,0,0,0,0,262144,0
FINAL_20261010_01,1,F02,91004,M_OBSERVE_LIST,F02:91004:P02,2,B,1435144,0,0,0,0,0,0,0,0,262144,0
FINAL_20261010_01,1,F02,91004,M_LIST,F02:91004:P02,2,A,NA,0,0,0,0,0,0,0,0,262144,0
FINAL_20261010_01,1,F02,91004,M_LIST,F02:91004:P03,1,A,NA,0,0,0,0,0,0,0,0,262144,0
FINAL_20261010_01,1,F02,91004,R6,F02:91004:P03,1,B,1435144,0,0,0,0,0,0,0,0,262144,0
FINAL_20261010_01,1,F02,91004,R6,F02:91004:P03,2,B,1435144,0,0,0,0,0,0,0,0,262144,0
FINAL_20261010_01,1,F02,91004,M_LIST,F02:91004:P03,2,A,NA,0,0,0,0,0,0,0,0,262144,0
FINAL_20261010_01,1,F02,91004,M_OBSERVE_LIST,F02:91004:P04,1,A,1435144,0,0,0,0,0,0,0,0,262144,0
FINAL_20261010_01,1,F02,91004,R6,F02:91004:P04,1,B,1435144,0,0,0,0,0,0,0,0,262144,0
FINAL_20261010_01,1,F02,91004,R6,F02:91004:P04,2,B,1435144,0,0,0,0,0,0,0,0,262144,0
FINAL_20261010_01,1,F02,91004,M_OBSERVE_LIST,F02:91004:P04,2,A,1435144,0,0,0,0,0,0,0,0,262144,0
FINAL_20261010_01,1,F02,91004,Original,F02:91004:P05,1,A,NA,0,NA,NA,NA,NA,0,NA,NA,262144,NA
FINAL_20261010_01,1,F02,91004,R6,F02:91004:P05,1,B,1435144,0,0,0,0,0,0,0,0,262144,0
FINAL_20261010_01,1,F02,91004,R6,F02:91004:P05,2,B,1435144,0,0,0,0,0,0,0,0,262144,0
FINAL_20261010_01,1,F02,91004,Original,F02:91004:P05,2,A,NA,0,NA,NA,NA,NA,0,NA,NA,262144,NA
FINAL_20261010_01,1,F02,91004,M_EVENT_16,F02:91004:P06,1,A,1435144,0,0,0,0,0,0,0,0,262144,0
FINAL_20261010_01,1,F02,91004,R6,F02:91004:P06,1,B,1435144,0,0,0,0,0,0,0,0,262144,0
FINAL_20261010_01,1,F02,91004,R6,F02:91004:P06,2,B,1435144,0,0,0,0,0,0,0,0,262144,0
FINAL_20261010_01,1,F02,91004,M_EVENT_16,F02:91004:P06,2,A,1435144,0,0,0,0,0,0,0,0,262144,0
FINAL_20261010_01,1,F02,91004,M_FIXED_2048,F02:91004:P07,1,A,1435144,0,0,0,0,0,0,0,0,262144,0
FINAL_20261010_01,1,F02,91004,R6,F02:91004:P07,1,B,1435144,0,0,0,0,0,0,0,0,262144,0
FINAL_20261010_01,1,F02,91004,R6,F02:91004:P07,2,B,1435144,0,0,0,0,0,0,0,0,262144,0
FINAL_20261010_01,1,F02,91004,M_FIXED_2048,F02:91004:P07,2,A,1435144,0,0,0,0,0,0,0,0,262144,0
FINAL_20261010_01,1,F02,91004,M_NO_IDLE,F02:91004:P08,1,A,1435144,0,0,0,0,0,0,0,0,262144,0
FINAL_20261010_01,1,F02,91004,R6,F02:91004:P08,1,B,1435144,0,0,0,0,0,0,0,0,262144,0
FINAL_20261010_01,1,F02,91004,R6,F02:91004:P08,2,B,1435144,0,0,0,0,0,0,0,0,262144,0
FINAL_20261010_01,1,F02,91004,M_NO_IDLE,F02:91004:P08,2,A,1435144,0,0,0,0,0,0,0,0,262144,0
FINAL_20261010_01,1,F02,91005,M_EVENT_16,F02:91005:DIA01,1,A,1515222,0,0,0,0,0,0,0,0,262144,0
FINAL_20261010_01,1,F02,91005,R6,F02:91005:DIA01,1,B,1515222,0,0,0,0,0,0,0,0,262144,0
FINAL_20261010_01,1,F02,91005,R6,F02:91005:DIA01,2,B,1515222,0,0,0,0,0,0,0,0,262144,0
FINAL_20261010_01,1,F02,91005,M_EVENT_16,F02:91005:DIA01,2,A,1515222,0,0,0,0,0,0,0,0,262144,0
FINAL_20261010_01,1,F02,91005,M_FIXED_128,F02:91005:DIA02,1,A,1050644,988,877,109,986,10,2,0,5,262144,0
FINAL_20261010_01,1,F02,91005,R6,F02:91005:DIA02,1,B,1515222,0,0,0,0,0,0,0,0,262144,0
FINAL_20261010_01,1,F02,91005,R6,F02:91005:DIA02,2,B,1515222,0,0,0,0,0,0,0,0,262144,0
FINAL_20261010_01,1,F02,91005,M_FIXED_128,F02:91005:DIA02,2,A,1050644,988,877,109,986,10,2,0,5,262144,0
FINAL_20261010_01,1,F02,91005,Original,F02:91005:P01,1,A,NA,0,NA,NA,NA,NA,0,NA,NA,262144,NA
FINAL_20261010_01,1,F02,91005,M_LIST,F02:91005:P01,1,B,NA,0,0,0,0,0,0,0,0,262144,0
FINAL_20261010_01,1,F02,91005,M_LIST,F02:91005:P01,2,B,NA,0,0,0,0,0,0,0,0,262144,0
FINAL_20261010_01,1,F02,91005,Original,F02:91005:P01,2,A,NA,0,NA,NA,NA,NA,0,NA,NA,262144,NA
FINAL_20261010_01,1,F02,91005,M_LIST,F02:91005:P02,1,A,NA,0,0,0,0,0,0,0,0,262144,0
FINAL_20261010_01,1,F02,91005,M_OBSERVE_LIST,F02:91005:P02,1,B,1515222,0,0,0,0,0,0,0,0,262144,0
FINAL_20261010_01,1,F02,91005,M_OBSERVE_LIST,F02:91005:P02,2,B,1515222,0,0,0,0,0,0,0,0,262144,0
FINAL_20261010_01,1,F02,91005,M_LIST,F02:91005:P02,2,A,NA,0,0,0,0,0,0,0,0,262144,0
FINAL_20261010_01,1,F02,91005,M_LIST,F02:91005:P03,1,A,NA,0,0,0,0,0,0,0,0,262144,0
FINAL_20261010_01,1,F02,91005,R6,F02:91005:P03,1,B,1515222,0,0,0,0,0,0,0,0,262144,0
FINAL_20261010_01,1,F02,91005,R6,F02:91005:P03,2,B,1515222,0,0,0,0,0,0,0,0,262144,0
FINAL_20261010_01,1,F02,91005,M_LIST,F02:91005:P03,2,A,NA,0,0,0,0,0,0,0,0,262144,0
FINAL_20261010_01,1,F02,91005,M_OBSERVE_LIST,F02:91005:P04,1,A,1515222,0,0,0,0,0,0,0,0,262144,0
FINAL_20261010_01,1,F02,91005,R6,F02:91005:P04,1,B,1515222,0,0,0,0,0,0,0,0,262144,0
FINAL_20261010_01,1,F02,91005,R6,F02:91005:P04,2,B,1515222,0,0,0,0,0,0,0,0,262144,0
FINAL_20261010_01,1,F02,91005,M_OBSERVE_LIST,F02:91005:P04,2,A,1515222,0,0,0,0,0,0,0,0,262144,0
FINAL_20261010_01,1,F02,91005,Original,F02:91005:P05,1,A,NA,0,NA,NA,NA,NA,0,NA,NA,262144,NA
FINAL_20261010_01,1,F02,91005,R6,F02:91005:P05,1,B,1515222,0,0,0,0,0,0,0,0,262144,0
FINAL_20261010_01,1,F02,91005,R6,F02:91005:P05,2,B,1515222,0,0,0,0,0,0,0,0,262144,0
FINAL_20261010_01,1,F02,91005,Original,F02:91005:P05,2,A,NA,0,NA,NA,NA,NA,0,NA,NA,262144,NA
FINAL_20261010_01,1,F02,91005,M_EVENT_16,F02:91005:P06,1,A,1515222,0,0,0,0,0,0,0,0,262144,0
FINAL_20261010_01,1,F02,91005,R6,F02:91005:P06,1,B,1515222,0,0,0,0,0,0,0,0,262144,0
FINAL_20261010_01,1,F02,91005,R6,F02:91005:P06,2,B,1515222,0,0,0,0,0,0,0,0,262144,0
FINAL_20261010_01,1,F02,91005,M_EVENT_16,F02:91005:P06,2,A,1515222,0,0,0,0,0,0,0,0,262144,0
FINAL_20261010_01,1,F02,91005,M_FIXED_2048,F02:91005:P07,1,A,1515222,0,0,0,0,0,0,0,0,262144,0
FINAL_20261010_01,1,F02,91005,R6,F02:91005:P07,1,B,1515222,0,0,0,0,0,0,0,0,262144,0
FINAL_20261010_01,1,F02,91005,R6,F02:91005:P07,2,B,1515222,0,0,0,0,0,0,0,0,262144,0
FINAL_20261010_01,1,F02,91005,M_FIXED_2048,F02:91005:P07,2,A,1515222,0,0,0,0,0,0,0,0,262144,0
FINAL_20261010_01,1,F02,91005,M_NO_IDLE,F02:91005:P08,1,A,1515222,0,0,0,0,0,0,0,0,262144,0
FINAL_20261010_01,1,F02,91005,R6,F02:91005:P08,1,B,1515222,0,0,0,0,0,0,0,0,262144,0
FINAL_20261010_01,1,F02,91005,R6,F02:91005:P08,2,B,1515222,0,0,0,0,0,0,0,0,262144,0
FINAL_20261010_01,1,F02,91005,M_NO_IDLE,F02:91005:P08,2,A,1515222,0,0,0,0,0,0,0,0,262144,0
FINAL_20261010_01,1,F02,91006,M_EVENT_16,F02:91006:DIA01,1,A,1494882,0,0,0,0,0,0,0,0,262144,0
FINAL_20261010_01,1,F02,91006,R6,F02:91006:DIA01,1,B,1494882,0,0,0,0,0,0,0,0,262144,0
FINAL_20261010_01,1,F02,91006,R6,F02:91006:DIA01,2,B,1494882,0,0,0,0,0,0,0,0,262144,0
FINAL_20261010_01,1,F02,91006,M_EVENT_16,F02:91006:DIA01,2,A,1494882,0,0,0,0,0,0,0,0,262144,0
FINAL_20261010_01,1,F02,91006,M_FIXED_128,F02:91006:DIA02,1,A,1004420,987,885,99,984,9,3,0,5,262144,0
FINAL_20261010_01,1,F02,91006,R6,F02:91006:DIA02,1,B,1494882,0,0,0,0,0,0,0,0,262144,0
FINAL_20261010_01,1,F02,91006,R6,F02:91006:DIA02,2,B,1494882,0,0,0,0,0,0,0,0,262144,0
FINAL_20261010_01,1,F02,91006,M_FIXED_128,F02:91006:DIA02,2,A,1004420,987,885,99,984,9,3,0,5,262144,0
FINAL_20261010_01,1,F02,91006,Original,F02:91006:P01,1,A,NA,0,NA,NA,NA,NA,0,NA,NA,262144,NA
FINAL_20261010_01,1,F02,91006,M_LIST,F02:91006:P01,1,B,NA,0,0,0,0,0,0,0,0,262144,0
FINAL_20261010_01,1,F02,91006,M_LIST,F02:91006:P01,2,B,NA,0,0,0,0,0,0,0,0,262144,0
FINAL_20261010_01,1,F02,91006,Original,F02:91006:P01,2,A,NA,0,NA,NA,NA,NA,0,NA,NA,262144,NA
FINAL_20261010_01,1,F02,91006,M_LIST,F02:91006:P02,1,A,NA,0,0,0,0,0,0,0,0,262144,0
FINAL_20261010_01,1,F02,91006,M_OBSERVE_LIST,F02:91006:P02,1,B,1494882,0,0,0,0,0,0,0,0,262144,0
FINAL_20261010_01,1,F02,91006,M_OBSERVE_LIST,F02:91006:P02,2,B,1494882,0,0,0,0,0,0,0,0,262144,0
FINAL_20261010_01,1,F02,91006,M_LIST,F02:91006:P02,2,A,NA,0,0,0,0,0,0,0,0,262144,0
FINAL_20261010_01,1,F02,91006,M_LIST,F02:91006:P03,1,A,NA,0,0,0,0,0,0,0,0,262144,0
FINAL_20261010_01,1,F02,91006,R6,F02:91006:P03,1,B,1494882,0,0,0,0,0,0,0,0,262144,0
FINAL_20261010_01,1,F02,91006,R6,F02:91006:P03,2,B,1494882,0,0,0,0,0,0,0,0,262144,0
FINAL_20261010_01,1,F02,91006,M_LIST,F02:91006:P03,2,A,NA,0,0,0,0,0,0,0,0,262144,0
FINAL_20261010_01,1,F02,91006,M_OBSERVE_LIST,F02:91006:P04,1,A,1494882,0,0,0,0,0,0,0,0,262144,0
FINAL_20261010_01,1,F02,91006,R6,F02:91006:P04,1,B,1494882,0,0,0,0,0,0,0,0,262144,0
FINAL_20261010_01,1,F02,91006,R6,F02:91006:P04,2,B,1494882,0,0,0,0,0,0,0,0,262144,0
FINAL_20261010_01,1,F02,91006,M_OBSERVE_LIST,F02:91006:P04,2,A,1494882,0,0,0,0,0,0,0,0,262144,0
FINAL_20261010_01,1,F02,91006,Original,F02:91006:P05,1,A,NA,0,NA,NA,NA,NA,0,NA,NA,262144,NA
FINAL_20261010_01,1,F02,91006,R6,F02:91006:P05,1,B,1494882,0,0,0,0,0,0,0,0,262144,0
FINAL_20261010_01,1,F02,91006,R6,F02:91006:P05,2,B,1494882,0,0,0,0,0,0,0,0,262144,0
FINAL_20261010_01,1,F02,91006,Original,F02:91006:P05,2,A,NA,0,NA,NA,NA,NA,0,NA,NA,262144,NA
FINAL_20261010_01,1,F02,91006,M_EVENT_16,F02:91006:P06,1,A,1494882,0,0,0,0,0,0,0,0,262144,0
FINAL_20261010_01,1,F02,91006,R6,F02:91006:P06,1,B,1494882,0,0,0,0,0,0,0,0,262144,0
FINAL_20261010_01,1,F02,91006,R6,F02:91006:P06,2,B,1494882,0,0,0,0,0,0,0,0,262144,0
FINAL_20261010_01,1,F02,91006,M_EVENT_16,F02:91006:P06,2,A,1494882,0,0,0,0,0,0,0,0,262144,0
FINAL_20261010_01,1,F02,91006,M_FIXED_2048,F02:91006:P07,1,A,1494882,0,0,0,0,0,0,0,0,262144,0
FINAL_20261010_01,1,F02,91006,R6,F02:91006:P07,1,B,1494882,0,0,0,0,0,0,0,0,262144,0
FINAL_20261010_01,1,F02,91006,R6,F02:91006:P07,2,B,1494882,0,0,0,0,0,0,0,0,262144,0
FINAL_20261010_01,1,F02,91006,M_FIXED_2048,F02:91006:P07,2,A,1494882,0,0,0,0,0,0,0,0,262144,0
FINAL_20261010_01,1,F02,91006,M_NO_IDLE,F02:91006:P08,1,A,1494882,0,0,0,0,0,0,0,0,262144,0
FINAL_20261010_01,1,F02,91006,R6,F02:91006:P08,1,B,1494882,0,0,0,0,0,0,0,0,262144,0
FINAL_20261010_01,1,F02,91006,R6,F02:91006:P08,2,B,1494882,0,0,0,0,0,0,0,0,262144,0
FINAL_20261010_01,1,F02,91006,M_NO_IDLE,F02:91006:P08,2,A,1494882,0,0,0,0,0,0,0,0,262144,0
FINAL_20261010_01,1,F02,91007,M_EVENT_16,F02:91007:DIA01,1,A,1570194,0,0,0,0,0,0,0,0,262144,0
FINAL_20261010_01,1,F02,91007,R6,F02:91007:DIA01,1,B,1570194,0,0,0,0,0,0,0,0,262144,0
FINAL_20261010_01,1,F02,91007,R6,F02:91007:DIA01,2,B,1570194,0,0,0,0,0,0,0,0,262144,0
FINAL_20261010_01,1,F02,91007,M_EVENT_16,F02:91007:DIA01,2,A,1570194,0,0,0,0,0,0,0,0,262144,0
FINAL_20261010_01,1,F02,91007,M_FIXED_128,F02:91007:DIA02,1,A,884288,981,868,110,978,9,3,0,5,262144,0
FINAL_20261010_01,1,F02,91007,R6,F02:91007:DIA02,1,B,1570194,0,0,0,0,0,0,0,0,262144,0
FINAL_20261010_01,1,F02,91007,R6,F02:91007:DIA02,2,B,1570194,0,0,0,0,0,0,0,0,262144,0
FINAL_20261010_01,1,F02,91007,M_FIXED_128,F02:91007:DIA02,2,A,884288,981,868,110,978,9,3,0,5,262144,0
FINAL_20261010_01,1,F02,91007,Original,F02:91007:P01,1,A,NA,0,NA,NA,NA,NA,0,NA,NA,262144,NA
FINAL_20261010_01,1,F02,91007,M_LIST,F02:91007:P01,1,B,NA,0,0,0,0,0,0,0,0,262144,0
FINAL_20261010_01,1,F02,91007,M_LIST,F02:91007:P01,2,B,NA,0,0,0,0,0,0,0,0,262144,0
FINAL_20261010_01,1,F02,91007,Original,F02:91007:P01,2,A,NA,0,NA,NA,NA,NA,0,NA,NA,262144,NA
FINAL_20261010_01,1,F02,91007,M_LIST,F02:91007:P02,1,A,NA,0,0,0,0,0,0,0,0,262144,0
FINAL_20261010_01,1,F02,91007,M_OBSERVE_LIST,F02:91007:P02,1,B,1570194,0,0,0,0,0,0,0,0,262144,0
FINAL_20261010_01,1,F02,91007,M_OBSERVE_LIST,F02:91007:P02,2,B,1570194,0,0,0,0,0,0,0,0,262144,0
FINAL_20261010_01,1,F02,91007,M_LIST,F02:91007:P02,2,A,NA,0,0,0,0,0,0,0,0,262144,0
FINAL_20261010_01,1,F02,91007,M_LIST,F02:91007:P03,1,A,NA,0,0,0,0,0,0,0,0,262144,0
FINAL_20261010_01,1,F02,91007,R6,F02:91007:P03,1,B,1570194,0,0,0,0,0,0,0,0,262144,0
FINAL_20261010_01,1,F02,91007,R6,F02:91007:P03,2,B,1570194,0,0,0,0,0,0,0,0,262144,0
FINAL_20261010_01,1,F02,91007,M_LIST,F02:91007:P03,2,A,NA,0,0,0,0,0,0,0,0,262144,0
FINAL_20261010_01,1,F02,91007,M_OBSERVE_LIST,F02:91007:P04,1,A,1570194,0,0,0,0,0,0,0,0,262144,0
FINAL_20261010_01,1,F02,91007,R6,F02:91007:P04,1,B,1570194,0,0,0,0,0,0,0,0,262144,0
FINAL_20261010_01,1,F02,91007,R6,F02:91007:P04,2,B,1570194,0,0,0,0,0,0,0,0,262144,0
FINAL_20261010_01,1,F02,91007,M_OBSERVE_LIST,F02:91007:P04,2,A,1570194,0,0,0,0,0,0,0,0,262144,0
FINAL_20261010_01,1,F02,91007,Original,F02:91007:P05,1,A,NA,0,NA,NA,NA,NA,0,NA,NA,262144,NA
FINAL_20261010_01,1,F02,91007,R6,F02:91007:P05,1,B,1570194,0,0,0,0,0,0,0,0,262144,0
FINAL_20261010_01,1,F02,91007,R6,F02:91007:P05,2,B,1570194,0,0,0,0,0,0,0,0,262144,0
FINAL_20261010_01,1,F02,91007,Original,F02:91007:P05,2,A,NA,0,NA,NA,NA,NA,0,NA,NA,262144,NA
FINAL_20261010_01,1,F02,91007,M_EVENT_16,F02:91007:P06,1,A,1570194,0,0,0,0,0,0,0,0,262144,0
FINAL_20261010_01,1,F02,91007,R6,F02:91007:P06,1,B,1570194,0,0,0,0,0,0,0,0,262144,0
FINAL_20261010_01,1,F02,91007,R6,F02:91007:P06,2,B,1570194,0,0,0,0,0,0,0,0,262144,0
FINAL_20261010_01,1,F02,91007,M_EVENT_16,F02:91007:P06,2,A,1570194,0,0,0,0,0,0,0,0,262144,0
FINAL_20261010_01,1,F02,91007,M_FIXED_2048,F02:91007:P07,1,A,1570194,0,0,0,0,0,0,0,0,262144,0
FINAL_20261010_01,1,F02,91007,R6,F02:91007:P07,1,B,1570194,0,0,0,0,0,0,0,0,262144,0
FINAL_20261010_01,1,F02,91007,R6,F02:91007:P07,2,B,1570194,0,0,0,0,0,0,0,0,262144,0
FINAL_20261010_01,1,F02,91007,M_FIXED_2048,F02:91007:P07,2,A,1570194,0,0,0,0,0,0,0,0,262144,0
FINAL_20261010_01,1,F02,91007,M_NO_IDLE,F02:91007:P08,1,A,1570194,0,0,0,0,0,0,0,0,262144,0
FINAL_20261010_01,1,F02,91007,R6,F02:91007:P08,1,B,1570194,0,0,0,0,0,0,0,0,262144,0
FINAL_20261010_01,1,F02,91007,R6,F02:91007:P08,2,B,1570194,0,0,0,0,0,0,0,0,262144,0
FINAL_20261010_01,1,F02,91007,M_NO_IDLE,F02:91007:P08,2,A,1570194,0,0,0,0,0,0,0,0,262144,0
FINAL_20261010_01,1,F02,91008,M_EVENT_16,F02:91008:DIA01,1,A,1433210,0,0,0,0,0,0,0,0,262144,0
FINAL_20261010_01,1,F02,91008,R6,F02:91008:DIA01,1,B,1433210,0,0,0,0,0,0,0,0,262144,0
FINAL_20261010_01,1,F02,91008,R6,F02:91008:DIA01,2,B,1433210,0,0,0,0,0,0,0,0,262144,0
FINAL_20261010_01,1,F02,91008,M_EVENT_16,F02:91008:DIA01,2,A,1433210,0,0,0,0,0,0,0,0,262144,0
FINAL_20261010_01,1,F02,91008,M_FIXED_128,F02:91008:DIA02,1,A,1028336,997,882,109,991,9,6,1,5,262144,0
FINAL_20261010_01,1,F02,91008,R6,F02:91008:DIA02,1,B,1433210,0,0,0,0,0,0,0,0,262144,0
FINAL_20261010_01,1,F02,91008,R6,F02:91008:DIA02,2,B,1433210,0,0,0,0,0,0,0,0,262144,0
FINAL_20261010_01,1,F02,91008,M_FIXED_128,F02:91008:DIA02,2,A,1028336,997,882,109,991,9,6,1,5,262144,0
FINAL_20261010_01,1,F02,91008,Original,F02:91008:P01,1,A,NA,0,NA,NA,NA,NA,0,NA,NA,262144,NA
FINAL_20261010_01,1,F02,91008,M_LIST,F02:91008:P01,1,B,NA,0,0,0,0,0,0,0,0,262144,0
FINAL_20261010_01,1,F02,91008,M_LIST,F02:91008:P01,2,B,NA,0,0,0,0,0,0,0,0,262144,0
FINAL_20261010_01,1,F02,91008,Original,F02:91008:P01,2,A,NA,0,NA,NA,NA,NA,0,NA,NA,262144,NA
FINAL_20261010_01,1,F02,91008,M_LIST,F02:91008:P02,1,A,NA,0,0,0,0,0,0,0,0,262144,0
FINAL_20261010_01,1,F02,91008,M_OBSERVE_LIST,F02:91008:P02,1,B,1433210,0,0,0,0,0,0,0,0,262144,0
FINAL_20261010_01,1,F02,91008,M_OBSERVE_LIST,F02:91008:P02,2,B,1433210,0,0,0,0,0,0,0,0,262144,0
FINAL_20261010_01,1,F02,91008,M_LIST,F02:91008:P02,2,A,NA,0,0,0,0,0,0,0,0,262144,0
FINAL_20261010_01,1,F02,91008,M_LIST,F02:91008:P03,1,A,NA,0,0,0,0,0,0,0,0,262144,0
FINAL_20261010_01,1,F02,91008,R6,F02:91008:P03,1,B,1433210,0,0,0,0,0,0,0,0,262144,0
FINAL_20261010_01,1,F02,91008,R6,F02:91008:P03,2,B,1433210,0,0,0,0,0,0,0,0,262144,0
FINAL_20261010_01,1,F02,91008,M_LIST,F02:91008:P03,2,A,NA,0,0,0,0,0,0,0,0,262144,0
FINAL_20261010_01,1,F02,91008,M_OBSERVE_LIST,F02:91008:P04,1,A,1433210,0,0,0,0,0,0,0,0,262144,0
FINAL_20261010_01,1,F02,91008,R6,F02:91008:P04,1,B,1433210,0,0,0,0,0,0,0,0,262144,0
FINAL_20261010_01,1,F02,91008,R6,F02:91008:P04,2,B,1433210,0,0,0,0,0,0,0,0,262144,0
FINAL_20261010_01,1,F02,91008,M_OBSERVE_LIST,F02:91008:P04,2,A,1433210,0,0,0,0,0,0,0,0,262144,0
FINAL_20261010_01,1,F02,91008,Original,F02:91008:P05,1,A,NA,0,NA,NA,NA,NA,0,NA,NA,262144,NA
FINAL_20261010_01,1,F02,91008,R6,F02:91008:P05,1,B,1433210,0,0,0,0,0,0,0,0,262144,0
FINAL_20261010_01,1,F02,91008,R6,F02:91008:P05,2,B,1433210,0,0,0,0,0,0,0,0,262144,0
FINAL_20261010_01,1,F02,91008,Original,F02:91008:P05,2,A,NA,0,NA,NA,NA,NA,0,NA,NA,262144,NA
FINAL_20261010_01,1,F02,91008,M_EVENT_16,F02:91008:P06,1,A,1433210,0,0,0,0,0,0,0,0,262144,0
FINAL_20261010_01,1,F02,91008,R6,F02:91008:P06,1,B,1433210,0,0,0,0,0,0,0,0,262144,0
FINAL_20261010_01,1,F02,91008,R6,F02:91008:P06,2,B,1433210,0,0,0,0,0,0,0,0,262144,0
FINAL_20261010_01,1,F02,91008,M_EVENT_16,F02:91008:P06,2,A,1433210,0,0,0,0,0,0,0,0,262144,0
FINAL_20261010_01,1,F02,91008,M_FIXED_2048,F02:91008:P07,1,A,1433210,0,0,0,0,0,0,0,0,262144,0
FINAL_20261010_01,1,F02,91008,R6,F02:91008:P07,1,B,1433210,0,0,0,0,0,0,0,0,262144,0
FINAL_20261010_01,1,F02,91008,R6,F02:91008:P07,2,B,1433210,0,0,0,0,0,0,0,0,262144,0
FINAL_20261010_01,1,F02,91008,M_FIXED_2048,F02:91008:P07,2,A,1433210,0,0,0,0,0,0,0,0,262144,0
FINAL_20261010_01,1,F02,91008,M_NO_IDLE,F02:91008:P08,1,A,1433210,0,0,0,0,0,0,0,0,262144,0
FINAL_20261010_01,1,F02,91008,R6,F02:91008:P08,1,B,1433210,0,0,0,0,0,0,0,0,262144,0
FINAL_20261010_01,1,F02,91008,R6,F02:91008:P08,2,B,1433210,0,0,0,0,0,0,0,0,262144,0
FINAL_20261010_01,1,F02,91008,M_NO_IDLE,F02:91008:P08,2,A,1433210,0,0,0,0,0,0,0,0,262144,0
FINAL_20261010_01,1,F02,91009,M_EVENT_16,F02:91009:DIA01,1,A,1573892,0,0,0,0,0,0,0,0,262144,0
FINAL_20261010_01,1,F02,91009,R6,F02:91009:DIA01,1,B,1573892,0,0,0,0,0,0,0,0,262144,0
FINAL_20261010_01,1,F02,91009,R6,F02:91009:DIA01,2,B,1573892,0,0,0,0,0,0,0,0,262144,0
FINAL_20261010_01,1,F02,91009,M_EVENT_16,F02:91009:DIA01,2,A,1573892,0,0,0,0,0,0,0,0,262144,0
FINAL_20261010_01,1,F02,91009,M_FIXED_128,F02:91009:DIA02,1,A,1061964,976,889,85,974,9,2,0,5,262144,0
FINAL_20261010_01,1,F02,91009,R6,F02:91009:DIA02,1,B,1573892,0,0,0,0,0,0,0,0,262144,0
FINAL_20261010_01,1,F02,91009,R6,F02:91009:DIA02,2,B,1573892,0,0,0,0,0,0,0,0,262144,0
FINAL_20261010_01,1,F02,91009,M_FIXED_128,F02:91009:DIA02,2,A,1061964,976,889,85,974,9,2,0,5,262144,0
FINAL_20261010_01,1,F02,91009,Original,F02:91009:P01,1,A,NA,0,NA,NA,NA,NA,0,NA,NA,262144,NA
FINAL_20261010_01,1,F02,91009,M_LIST,F02:91009:P01,1,B,NA,0,0,0,0,0,0,0,0,262144,0
FINAL_20261010_01,1,F02,91009,M_LIST,F02:91009:P01,2,B,NA,0,0,0,0,0,0,0,0,262144,0
FINAL_20261010_01,1,F02,91009,Original,F02:91009:P01,2,A,NA,0,NA,NA,NA,NA,0,NA,NA,262144,NA
FINAL_20261010_01,1,F02,91009,M_LIST,F02:91009:P02,1,A,NA,0,0,0,0,0,0,0,0,262144,0
FINAL_20261010_01,1,F02,91009,M_OBSERVE_LIST,F02:91009:P02,1,B,1573892,0,0,0,0,0,0,0,0,262144,0
FINAL_20261010_01,1,F02,91009,M_OBSERVE_LIST,F02:91009:P02,2,B,1573892,0,0,0,0,0,0,0,0,262144,0
FINAL_20261010_01,1,F02,91009,M_LIST,F02:91009:P02,2,A,NA,0,0,0,0,0,0,0,0,262144,0
FINAL_20261010_01,1,F02,91009,M_LIST,F02:91009:P03,1,A,NA,0,0,0,0,0,0,0,0,262144,0
FINAL_20261010_01,1,F02,91009,R6,F02:91009:P03,1,B,1573892,0,0,0,0,0,0,0,0,262144,0
FINAL_20261010_01,1,F02,91009,R6,F02:91009:P03,2,B,1573892,0,0,0,0,0,0,0,0,262144,0
FINAL_20261010_01,1,F02,91009,M_LIST,F02:91009:P03,2,A,NA,0,0,0,0,0,0,0,0,262144,0
FINAL_20261010_01,1,F02,91009,M_OBSERVE_LIST,F02:91009:P04,1,A,1573892,0,0,0,0,0,0,0,0,262144,0
FINAL_20261010_01,1,F02,91009,R6,F02:91009:P04,1,B,1573892,0,0,0,0,0,0,0,0,262144,0
FINAL_20261010_01,1,F02,91009,R6,F02:91009:P04,2,B,1573892,0,0,0,0,0,0,0,0,262144,0
FINAL_20261010_01,1,F02,91009,M_OBSERVE_LIST,F02:91009:P04,2,A,1573892,0,0,0,0,0,0,0,0,262144,0
FINAL_20261010_01,1,F02,91009,Original,F02:91009:P05,1,A,NA,0,NA,NA,NA,NA,0,NA,NA,262144,NA
FINAL_20261010_01,1,F02,91009,R6,F02:91009:P05,1,B,1573892,0,0,0,0,0,0,0,0,262144,0
FINAL_20261010_01,1,F02,91009,R6,F02:91009:P05,2,B,1573892,0,0,0,0,0,0,0,0,262144,0
FINAL_20261010_01,1,F02,91009,Original,F02:91009:P05,2,A,NA,0,NA,NA,NA,NA,0,NA,NA,262144,NA
FINAL_20261010_01,1,F02,91009,M_EVENT_16,F02:91009:P06,1,A,1573892,0,0,0,0,0,0,0,0,262144,0
FINAL_20261010_01,1,F02,91009,R6,F02:91009:P06,1,B,1573892,0,0,0,0,0,0,0,0,262144,0
FINAL_20261010_01,1,F02,91009,R6,F02:91009:P06,2,B,1573892,0,0,0,0,0,0,0,0,262144,0
FINAL_20261010_01,1,F02,91009,M_EVENT_16,F02:91009:P06,2,A,1573892,0,0,0,0,0,0,0,0,262144,0
FINAL_20261010_01,1,F02,91009,M_FIXED_2048,F02:91009:P07,1,A,1573892,0,0,0,0,0,0,0,0,262144,0
FINAL_20261010_01,1,F02,91009,R6,F02:91009:P07,1,B,1573892,0,0,0,0,0,0,0,0,262144,0
FINAL_20261010_01,1,F02,91009,R6,F02:91009:P07,2,B,1573892,0,0,0,0,0,0,0,0,262144,0
FINAL_20261010_01,1,F02,91009,M_FIXED_2048,F02:91009:P07,2,A,1573892,0,0,0,0,0,0,0,0,262144,0
FINAL_20261010_01,1,F02,91009,M_NO_IDLE,F02:91009:P08,1,A,1573892,0,0,0,0,0,0,0,0,262144,0
FINAL_20261010_01,1,F02,91009,R6,F02:91009:P08,1,B,1573892,0,0,0,0,0,0,0,0,262144,0
FINAL_20261010_01,1,F02,91009,R6,F02:91009:P08,2,B,1573892,0,0,0,0,0,0,0,0,262144,0
FINAL_20261010_01,1,F02,91009,M_NO_IDLE,F02:91009:P08,2,A,1573892,0,0,0,0,0,0,0,0,262144,0
FINAL_20261010_01,1,F02,91010,M_EVENT_16,F02:91010:DIA01,1,A,1318510,0,0,0,0,0,0,0,0,262144,0
FINAL_20261010_01,1,F02,91010,R6,F02:91010:DIA01,1,B,1318510,0,0,0,0,0,0,0,0,262144,0
FINAL_20261010_01,1,F02,91010,R6,F02:91010:DIA01,2,B,1318510,0,0,0,0,0,0,0,0,262144,0
FINAL_20261010_01,1,F02,91010,M_EVENT_16,F02:91010:DIA01,2,A,1318510,0,0,0,0,0,0,0,0,262144,0
FINAL_20261010_01,1,F02,91010,M_FIXED_128,F02:91010:DIA02,1,A,847910,991,841,148,989,9,2,0,5,262144,0
FINAL_20261010_01,1,F02,91010,R6,F02:91010:DIA02,1,B,1318510,0,0,0,0,0,0,0,0,262144,0
FINAL_20261010_01,1,F02,91010,R6,F02:91010:DIA02,2,B,1318510,0,0,0,0,0,0,0,0,262144,0
FINAL_20261010_01,1,F02,91010,M_FIXED_128,F02:91010:DIA02,2,A,847910,991,841,148,989,9,2,0,5,262144,0
FINAL_20261010_01,1,F02,91010,Original,F02:91010:P01,1,A,NA,0,NA,NA,NA,NA,0,NA,NA,262144,NA
FINAL_20261010_01,1,F02,91010,M_LIST,F02:91010:P01,1,B,NA,0,0,0,0,0,0,0,0,262144,0
FINAL_20261010_01,1,F02,91010,M_LIST,F02:91010:P01,2,B,NA,0,0,0,0,0,0,0,0,262144,0
FINAL_20261010_01,1,F02,91010,Original,F02:91010:P01,2,A,NA,0,NA,NA,NA,NA,0,NA,NA,262144,NA
FINAL_20261010_01,1,F02,91010,M_LIST,F02:91010:P02,1,A,NA,0,0,0,0,0,0,0,0,262144,0
FINAL_20261010_01,1,F02,91010,M_OBSERVE_LIST,F02:91010:P02,1,B,1318510,0,0,0,0,0,0,0,0,262144,0
FINAL_20261010_01,1,F02,91010,M_OBSERVE_LIST,F02:91010:P02,2,B,1318510,0,0,0,0,0,0,0,0,262144,0
FINAL_20261010_01,1,F02,91010,M_LIST,F02:91010:P02,2,A,NA,0,0,0,0,0,0,0,0,262144,0
FINAL_20261010_01,1,F02,91010,M_LIST,F02:91010:P03,1,A,NA,0,0,0,0,0,0,0,0,262144,0
FINAL_20261010_01,1,F02,91010,R6,F02:91010:P03,1,B,1318510,0,0,0,0,0,0,0,0,262144,0
FINAL_20261010_01,1,F02,91010,R6,F02:91010:P03,2,B,1318510,0,0,0,0,0,0,0,0,262144,0
FINAL_20261010_01,1,F02,91010,M_LIST,F02:91010:P03,2,A,NA,0,0,0,0,0,0,0,0,262144,0
FINAL_20261010_01,1,F02,91010,M_OBSERVE_LIST,F02:91010:P04,1,A,1318510,0,0,0,0,0,0,0,0,262144,0
FINAL_20261010_01,1,F02,91010,R6,F02:91010:P04,1,B,1318510,0,0,0,0,0,0,0,0,262144,0
FINAL_20261010_01,1,F02,91010,R6,F02:91010:P04,2,B,1318510,0,0,0,0,0,0,0,0,262144,0
FINAL_20261010_01,1,F02,91010,M_OBSERVE_LIST,F02:91010:P04,2,A,1318510,0,0,0,0,0,0,0,0,262144,0
FINAL_20261010_01,1,F02,91010,Original,F02:91010:P05,1,A,NA,0,NA,NA,NA,NA,0,NA,NA,262144,NA
FINAL_20261010_01,1,F02,91010,R6,F02:91010:P05,1,B,1318510,0,0,0,0,0,0,0,0,262144,0
FINAL_20261010_01,1,F02,91010,R6,F02:91010:P05,2,B,1318510,0,0,0,0,0,0,0,0,262144,0
FINAL_20261010_01,1,F02,91010,Original,F02:91010:P05,2,A,NA,0,NA,NA,NA,NA,0,NA,NA,262144,NA
FINAL_20261010_01,1,F02,91010,M_EVENT_16,F02:91010:P06,1,A,1318510,0,0,0,0,0,0,0,0,262144,0
FINAL_20261010_01,1,F02,91010,R6,F02:91010:P06,1,B,1318510,0,0,0,0,0,0,0,0,262144,0
FINAL_20261010_01,1,F02,91010,R6,F02:91010:P06,2,B,1318510,0,0,0,0,0,0,0,0,262144,0
FINAL_20261010_01,1,F02,91010,M_EVENT_16,F02:91010:P06,2,A,1318510,0,0,0,0,0,0,0,0,262144,0
FINAL_20261010_01,1,F02,91010,M_FIXED_2048,F02:91010:P07,1,A,1318510,0,0,0,0,0,0,0,0,262144,0
FINAL_20261010_01,1,F02,91010,R6,F02:91010:P07,1,B,1318510,0,0,0,0,0,0,0,0,262144,0
FINAL_20261010_01,1,F02,91010,R6,F02:91010:P07,2,B,1318510,0,0,0,0,0,0,0,0,262144,0
FINAL_20261010_01,1,F02,91010,M_FIXED_2048,F02:91010:P07,2,A,1318510,0,0,0,0,0,0,0,0,262144,0
FINAL_20261010_01,1,F02,91010,M_NO_IDLE,F02:91010:P08,1,A,1318510,0,0,0,0,0,0,0,0,262144,0
FINAL_20261010_01,1,F02,91010,R6,F02:91010:P08,1,B,1318510,0,0,0,0,0,0,0,0,262144,0
FINAL_20261010_01,1,F02,91010,R6,F02:91010:P08,2,B,1318510,0,0,0,0,0,0,0,0,262144,0
FINAL_20261010_01,1,F02,91010,M_NO_IDLE,F02:91010:P08,2,A,1318510,0,0,0,0,0,0,0,0,262144,0
FINAL_20261010_01,1,F03,91001,M_EVENT_16,F03:91001:DIA01,1,A,12299862,315,313,0,313,8,2,0,2,262144,0
FINAL_20261010_01,1,F03,91001,R6,F03:91001:DIA01,1,B,41511036,299,297,0,297,7,2,0,2,262144,0
FINAL_20261010_01,1,F03,91001,R6,F03:91001:DIA01,2,B,41511036,299,297,0,297,7,2,0,2,262144,0
FINAL_20261010_01,1,F03,91001,M_EVENT_16,F03:91001:DIA01,2,A,12299862,315,313,0,313,8,2,0,2,262144,0
FINAL_20261010_01,1,F03,91001,M_FIXED_128,F03:91001:DIA02,1,A,20922872,570,304,263,567,8,3,0,3,262144,0
FINAL_20261010_01,1,F03,91001,R6,F03:91001:DIA02,1,B,41511036,299,297,0,297,7,2,0,2,262144,0
FINAL_20261010_01,1,F03,91001,R6,F03:91001:DIA02,2,B,41511036,299,297,0,297,7,2,0,2,262144,0
FINAL_20261010_01,1,F03,91001,M_FIXED_128,F03:91001:DIA02,2,A,20922872,570,304,263,567,8,3,0,3,262144,0
FINAL_20261010_01,1,F03,91001,Original,F03:91001:P01,1,A,NA,0,NA,NA,NA,NA,0,NA,NA,262144,NA
FINAL_20261010_01,1,F03,91001,M_LIST,F03:91001:P01,1,B,NA,0,0,0,0,0,0,0,0,262144,0
FINAL_20261010_01,1,F03,91001,M_LIST,F03:91001:P01,2,B,NA,0,0,0,0,0,0,0,0,262144,0
FINAL_20261010_01,1,F03,91001,Original,F03:91001:P01,2,A,NA,0,NA,NA,NA,NA,0,NA,NA,262144,NA
FINAL_20261010_01,1,F03,91001,M_LIST,F03:91001:P02,1,A,NA,0,0,0,0,0,0,0,0,262144,0
FINAL_20261010_01,1,F03,91001,M_OBSERVE_LIST,F03:91001:P02,1,B,241566368,0,0,0,0,0,0,0,0,262144,0
FINAL_20261010_01,1,F03,91001,M_OBSERVE_LIST,F03:91001:P02,2,B,241566368,0,0,0,0,0,0,0,0,262144,0
FINAL_20261010_01,1,F03,91001,M_LIST,F03:91001:P02,2,A,NA,0,0,0,0,0,0,0,0,262144,0
FINAL_20261010_01,1,F03,91001,M_LIST,F03:91001:P03,1,A,NA,0,0,0,0,0,0,0,0,262144,0
FINAL_20261010_01,1,F03,91001,R6,F03:91001:P03,1,B,41511036,299,297,0,297,7,2,0,2,262144,0
FINAL_20261010_01,1,F03,91001,R6,F03:91001:P03,2,B,41511036,299,297,0,297,7,2,0,2,262144,0
FINAL_20261010_01,1,F03,91001,M_LIST,F03:91001:P03,2,A,NA,0,0,0,0,0,0,0,0,262144,0
FINAL_20261010_01,1,F03,91001,M_OBSERVE_LIST,F03:91001:P04,1,A,241566368,0,0,0,0,0,0,0,0,262144,0
FINAL_20261010_01,1,F03,91001,R6,F03:91001:P04,1,B,41511036,299,297,0,297,7,2,0,2,262144,0
FINAL_20261010_01,1,F03,91001,R6,F03:91001:P04,2,B,41511036,299,297,0,297,7,2,0,2,262144,0
FINAL_20261010_01,1,F03,91001,M_OBSERVE_LIST,F03:91001:P04,2,A,241566368,0,0,0,0,0,0,0,0,262144,0
FINAL_20261010_01,1,F03,91001,Original,F03:91001:P05,1,A,NA,0,NA,NA,NA,NA,0,NA,NA,262144,NA
FINAL_20261010_01,1,F03,91001,R6,F03:91001:P05,1,B,41511036,299,297,0,297,7,2,0,2,262144,0
FINAL_20261010_01,1,F03,91001,R6,F03:91001:P05,2,B,41511036,299,297,0,297,7,2,0,2,262144,0
FINAL_20261010_01,1,F03,91001,Original,F03:91001:P05,2,A,NA,0,NA,NA,NA,NA,0,NA,NA,262144,NA
FINAL_20261010_01,1,F03,91001,M_EVENT_16,F03:91001:P06,1,A,12299862,315,313,0,313,8,2,0,2,262144,0
FINAL_20261010_01,1,F03,91001,R6,F03:91001:P06,1,B,41511036,299,297,0,297,7,2,0,2,262144,0
FINAL_20261010_01,1,F03,91001,R6,F03:91001:P06,2,B,41511036,299,297,0,297,7,2,0,2,262144,0
FINAL_20261010_01,1,F03,91001,M_EVENT_16,F03:91001:P06,2,A,12299862,315,313,0,313,8,2,0,2,262144,0
FINAL_20261010_01,1,F03,91001,M_FIXED_2048,F03:91001:P07,1,A,241566368,0,0,0,0,0,0,0,0,262144,0
FINAL_20261010_01,1,F03,91001,R6,F03:91001:P07,1,B,41511036,299,297,0,297,7,2,0,2,262144,0
FINAL_20261010_01,1,F03,91001,R6,F03:91001:P07,2,B,41511036,299,297,0,297,7,2,0,2,262144,0
FINAL_20261010_01,1,F03,91001,M_FIXED_2048,F03:91001:P07,2,A,241566368,0,0,0,0,0,0,0,0,262144,0
FINAL_20261010_01,1,F03,91001,M_NO_IDLE,F03:91001:P08,1,A,199272164,32,0,0,0,32,32,1,2,262144,0
FINAL_20261010_01,1,F03,91001,R6,F03:91001:P08,1,B,41511036,299,297,0,297,7,2,0,2,262144,0
FINAL_20261010_01,1,F03,91001,R6,F03:91001:P08,2,B,41511036,299,297,0,297,7,2,0,2,262144,0
FINAL_20261010_01,1,F03,91001,M_NO_IDLE,F03:91001:P08,2,A,199272164,32,0,0,0,32,32,1,2,262144,0
FINAL_20261010_01,1,F03,91002,M_EVENT_16,F03:91002:DIA01,1,A,11991630,307,306,0,306,8,1,0,2,262144,0
FINAL_20261010_01,1,F03,91002,R6,F03:91002:DIA01,1,B,39262134,289,287,0,287,7,2,0,2,262144,0
FINAL_20261010_01,1,F03,91002,R6,F03:91002:DIA01,2,B,39262134,289,287,0,287,7,2,0,2,262144,0
FINAL_20261010_01,1,F03,91002,M_EVENT_16,F03:91002:DIA01,2,A,11991630,307,306,0,306,8,1,0,2,262144,0
FINAL_20261010_01,1,F03,91002,M_FIXED_128,F03:91002:DIA02,1,A,20804370,555,296,256,552,8,3,0,3,262144,0
FINAL_20261010_01,1,F03,91002,R6,F03:91002:DIA02,1,B,39262134,289,287,0,287,7,2,0,2,262144,0
FINAL_20261010_01,1,F03,91002,R6,F03:91002:DIA02,2,B,39262134,289,287,0,287,7,2,0,2,262144,0
FINAL_20261010_01,1,F03,91002,M_FIXED_128,F03:91002:DIA02,2,A,20804370,555,296,256,552,8,3,0,3,262144,0
FINAL_20261010_01,1,F03,91002,Original,F03:91002:P01,1,A,NA,0,NA,NA,NA,NA,0,NA,NA,262144,NA
FINAL_20261010_01,1,F03,91002,M_LIST,F03:91002:P01,1,B,NA,0,0,0,0,0,0,0,0,262144,0
FINAL_20261010_01,1,F03,91002,M_LIST,F03:91002:P01,2,B,NA,0,0,0,0,0,0,0,0,262144,0
FINAL_20261010_01,1,F03,91002,Original,F03:91002:P01,2,A,NA,0,NA,NA,NA,NA,0,NA,NA,262144,NA
FINAL_20261010_01,1,F03,91002,M_LIST,F03:91002:P02,1,A,NA,0,0,0,0,0,0,0,0,262144,0
FINAL_20261010_01,1,F03,91002,M_OBSERVE_LIST,F03:91002:P02,1,B,255468164,0,0,0,0,0,0,0,0,262144,0
FINAL_20261010_01,1,F03,91002,M_OBSERVE_LIST,F03:91002:P02,2,B,255468164,0,0,0,0,0,0,0,0,262144,0
FINAL_20261010_01,1,F03,91002,M_LIST,F03:91002:P02,2,A,NA,0,0,0,0,0,0,0,0,262144,0
FINAL_20261010_01,1,F03,91002,M_LIST,F03:91002:P03,1,A,NA,0,0,0,0,0,0,0,0,262144,0
FINAL_20261010_01,1,F03,91002,R6,F03:91002:P03,1,B,39262134,289,287,0,287,7,2,0,2,262144,0
FINAL_20261010_01,1,F03,91002,R6,F03:91002:P03,2,B,39262134,289,287,0,287,7,2,0,2,262144,0
FINAL_20261010_01,1,F03,91002,M_LIST,F03:91002:P03,2,A,NA,0,0,0,0,0,0,0,0,262144,0
FINAL_20261010_01,1,F03,91002,M_OBSERVE_LIST,F03:91002:P04,1,A,255468164,0,0,0,0,0,0,0,0,262144,0
FINAL_20261010_01,1,F03,91002,R6,F03:91002:P04,1,B,39262134,289,287,0,287,7,2,0,2,262144,0
FINAL_20261010_01,1,F03,91002,R6,F03:91002:P04,2,B,39262134,289,287,0,287,7,2,0,2,262144,0
FINAL_20261010_01,1,F03,91002,M_OBSERVE_LIST,F03:91002:P04,2,A,255468164,0,0,0,0,0,0,0,0,262144,0
FINAL_20261010_01,1,F03,91002,Original,F03:91002:P05,1,A,NA,0,NA,NA,NA,NA,0,NA,NA,262144,NA
FINAL_20261010_01,1,F03,91002,R6,F03:91002:P05,1,B,39262134,289,287,0,287,7,2,0,2,262144,0
FINAL_20261010_01,1,F03,91002,R6,F03:91002:P05,2,B,39262134,289,287,0,287,7,2,0,2,262144,0
FINAL_20261010_01,1,F03,91002,Original,F03:91002:P05,2,A,NA,0,NA,NA,NA,NA,0,NA,NA,262144,NA
FINAL_20261010_01,1,F03,91002,M_EVENT_16,F03:91002:P06,1,A,11991630,307,306,0,306,8,1,0,2,262144,0
FINAL_20261010_01,1,F03,91002,R6,F03:91002:P06,1,B,39262134,289,287,0,287,7,2,0,2,262144,0
FINAL_20261010_01,1,F03,91002,R6,F03:91002:P06,2,B,39262134,289,287,0,287,7,2,0,2,262144,0
FINAL_20261010_01,1,F03,91002,M_EVENT_16,F03:91002:P06,2,A,11991630,307,306,0,306,8,1,0,2,262144,0
FINAL_20261010_01,1,F03,91002,M_FIXED_2048,F03:91002:P07,1,A,255468164,0,0,0,0,0,0,0,0,262144,0
FINAL_20261010_01,1,F03,91002,R6,F03:91002:P07,1,B,39262134,289,287,0,287,7,2,0,2,262144,0
FINAL_20261010_01,1,F03,91002,R6,F03:91002:P07,2,B,39262134,289,287,0,287,7,2,0,2,262144,0
FINAL_20261010_01,1,F03,91002,M_FIXED_2048,F03:91002:P07,2,A,255468164,0,0,0,0,0,0,0,0,262144,0
FINAL_20261010_01,1,F03,91002,M_NO_IDLE,F03:91002:P08,1,A,240619518,32,0,0,0,32,32,1,2,262144,0
FINAL_20261010_01,1,F03,91002,R6,F03:91002:P08,1,B,39262134,289,287,0,287,7,2,0,2,262144,0
FINAL_20261010_01,1,F03,91002,R6,F03:91002:P08,2,B,39262134,289,287,0,287,7,2,0,2,262144,0
FINAL_20261010_01,1,F03,91002,M_NO_IDLE,F03:91002:P08,2,A,240619518,32,0,0,0,32,32,1,2,262144,0
FINAL_20261010_01,1,F03,91003,M_EVENT_16,F03:91003:DIA01,1,A,14956762,338,335,0,335,8,3,1,2,262144,0
FINAL_20261010_01,1,F03,91003,R6,F03:91003:DIA01,1,B,42277454,317,315,0,315,7,2,0,1,262144,0
FINAL_20261010_01,1,F03,91003,R6,F03:91003:DIA01,2,B,42277454,317,315,0,315,7,2,0,1,262144,0
FINAL_20261010_01,1,F03,91003,M_EVENT_16,F03:91003:DIA01,2,A,14956762,338,335,0,335,8,3,1,2,262144,0
FINAL_20261010_01,1,F03,91003,M_FIXED_128,F03:91003:DIA02,1,A,25793986,610,323,283,606,8,4,1,3,262144,0
FINAL_20261010_01,1,F03,91003,R6,F03:91003:DIA02,1,B,42277454,317,315,0,315,7,2,0,1,262144,0
FINAL_20261010_01,1,F03,91003,R6,F03:91003:DIA02,2,B,42277454,317,315,0,315,7,2,0,1,262144,0
FINAL_20261010_01,1,F03,91003,M_FIXED_128,F03:91003:DIA02,2,A,25793986,610,323,283,606,8,4,1,3,262144,0
FINAL_20261010_01,1,F03,91003,Original,F03:91003:P01,1,A,NA,0,NA,NA,NA,NA,0,NA,NA,262144,NA
FINAL_20261010_01,1,F03,91003,M_LIST,F03:91003:P01,1,B,NA,0,0,0,0,0,0,0,0,262144,0
FINAL_20261010_01,1,F03,91003,M_LIST,F03:91003:P01,2,B,NA,0,0,0,0,0,0,0,0,262144,0
FINAL_20261010_01,1,F03,91003,Original,F03:91003:P01,2,A,NA,0,NA,NA,NA,NA,0,NA,NA,262144,NA
FINAL_20261010_01,1,F03,91003,M_LIST,F03:91003:P02,1,A,NA,0,0,0,0,0,0,0,0,262144,0
FINAL_20261010_01,1,F03,91003,M_OBSERVE_LIST,F03:91003:P02,1,B,233513570,0,0,0,0,0,0,0,0,262144,0
FINAL_20261010_01,1,F03,91003,M_OBSERVE_LIST,F03:91003:P02,2,B,233513570,0,0,0,0,0,0,0,0,262144,0
FINAL_20261010_01,1,F03,91003,M_LIST,F03:91003:P02,2,A,NA,0,0,0,0,0,0,0,0,262144,0
FINAL_20261010_01,1,F03,91003,M_LIST,F03:91003:P03,1,A,NA,0,0,0,0,0,0,0,0,262144,0
FINAL_20261010_01,1,F03,91003,R6,F03:91003:P03,1,B,42277454,317,315,0,315,7,2,0,1,262144,0
FINAL_20261010_01,1,F03,91003,R6,F03:91003:P03,2,B,42277454,317,315,0,315,7,2,0,1,262144,0
FINAL_20261010_01,1,F03,91003,M_LIST,F03:91003:P03,2,A,NA,0,0,0,0,0,0,0,0,262144,0
FINAL_20261010_01,1,F03,91003,M_OBSERVE_LIST,F03:91003:P04,1,A,233513570,0,0,0,0,0,0,0,0,262144,0
FINAL_20261010_01,1,F03,91003,R6,F03:91003:P04,1,B,42277454,317,315,0,315,7,2,0,1,262144,0
FINAL_20261010_01,1,F03,91003,R6,F03:91003:P04,2,B,42277454,317,315,0,315,7,2,0,1,262144,0
FINAL_20261010_01,1,F03,91003,M_OBSERVE_LIST,F03:91003:P04,2,A,233513570,0,0,0,0,0,0,0,0,262144,0
FINAL_20261010_01,1,F03,91003,Original,F03:91003:P05,1,A,NA,0,NA,NA,NA,NA,0,NA,NA,262144,NA
FINAL_20261010_01,1,F03,91003,R6,F03:91003:P05,1,B,42277454,317,315,0,315,7,2,0,1,262144,0
FINAL_20261010_01,1,F03,91003,R6,F03:91003:P05,2,B,42277454,317,315,0,315,7,2,0,1,262144,0
FINAL_20261010_01,1,F03,91003,Original,F03:91003:P05,2,A,NA,0,NA,NA,NA,NA,0,NA,NA,262144,NA
FINAL_20261010_01,1,F03,91003,M_EVENT_16,F03:91003:P06,1,A,14956762,338,335,0,335,8,3,1,2,262144,0
FINAL_20261010_01,1,F03,91003,R6,F03:91003:P06,1,B,42277454,317,315,0,315,7,2,0,1,262144,0
FINAL_20261010_01,1,F03,91003,R6,F03:91003:P06,2,B,42277454,317,315,0,315,7,2,0,1,262144,0
FINAL_20261010_01,1,F03,91003,M_EVENT_16,F03:91003:P06,2,A,14956762,338,335,0,335,8,3,1,2,262144,0
FINAL_20261010_01,1,F03,91003,M_FIXED_2048,F03:91003:P07,1,A,233513570,0,0,0,0,0,0,0,0,262144,0
FINAL_20261010_01,1,F03,91003,R6,F03:91003:P07,1,B,42277454,317,315,0,315,7,2,0,1,262144,0
FINAL_20261010_01,1,F03,91003,R6,F03:91003:P07,2,B,42277454,317,315,0,315,7,2,0,1,262144,0
FINAL_20261010_01,1,F03,91003,M_FIXED_2048,F03:91003:P07,2,A,233513570,0,0,0,0,0,0,0,0,262144,0
FINAL_20261010_01,1,F03,91003,M_NO_IDLE,F03:91003:P08,1,A,191344308,32,0,0,0,32,32,0,2,262144,0
FINAL_20261010_01,1,F03,91003,R6,F03:91003:P08,1,B,42277454,317,315,0,315,7,2,0,1,262144,0
FINAL_20261010_01,1,F03,91003,R6,F03:91003:P08,2,B,42277454,317,315,0,315,7,2,0,1,262144,0
FINAL_20261010_01,1,F03,91003,M_NO_IDLE,F03:91003:P08,2,A,191344308,32,0,0,0,32,32,0,2,262144,0
FINAL_20261010_01,1,F03,91004,M_EVENT_16,F03:91004:DIA01,1,A,12427638,316,314,0,314,8,2,0,2,262144,0
FINAL_20261010_01,1,F03,91004,R6,F03:91004:DIA01,1,B,40942652,300,298,0,298,7,2,0,2,262144,0
FINAL_20261010_01,1,F03,91004,R6,F03:91004:DIA01,2,B,40942652,300,298,0,298,7,2,0,2,262144,0
FINAL_20261010_01,1,F03,91004,M_EVENT_16,F03:91004:DIA01,2,A,12427638,316,314,0,314,8,2,0,2,262144,0
FINAL_20261010_01,1,F03,91004,M_FIXED_128,F03:91004:DIA02,1,A,21484616,566,304,259,563,8,3,1,3,262144,0
FINAL_20261010_01,1,F03,91004,R6,F03:91004:DIA02,1,B,40942652,300,298,0,298,7,2,0,2,262144,0
FINAL_20261010_01,1,F03,91004,R6,F03:91004:DIA02,2,B,40942652,300,298,0,298,7,2,0,2,262144,0
FINAL_20261010_01,1,F03,91004,M_FIXED_128,F03:91004:DIA02,2,A,21484616,566,304,259,563,8,3,1,3,262144,0
FINAL_20261010_01,1,F03,91004,Original,F03:91004:P01,1,A,NA,0,NA,NA,NA,NA,0,NA,NA,262144,NA
FINAL_20261010_01,1,F03,91004,M_LIST,F03:91004:P01,1,B,NA,0,0,0,0,0,0,0,0,262144,0
FINAL_20261010_01,1,F03,91004,M_LIST,F03:91004:P01,2,B,NA,0,0,0,0,0,0,0,0,262144,0
FINAL_20261010_01,1,F03,91004,Original,F03:91004:P01,2,A,NA,0,NA,NA,NA,NA,0,NA,NA,262144,NA
FINAL_20261010_01,1,F03,91004,M_LIST,F03:91004:P02,1,A,NA,0,0,0,0,0,0,0,0,262144,0
FINAL_20261010_01,1,F03,91004,M_OBSERVE_LIST,F03:91004:P02,1,B,241658368,0,0,0,0,0,0,0,0,262144,0
FINAL_20261010_01,1,F03,91004,M_OBSERVE_LIST,F03:91004:P02,2,B,241658368,0,0,0,0,0,0,0,0,262144,0
FINAL_20261010_01,1,F03,91004,M_LIST,F03:91004:P02,2,A,NA,0,0,0,0,0,0,0,0,262144,0
FINAL_20261010_01,1,F03,91004,M_LIST,F03:91004:P03,1,A,NA,0,0,0,0,0,0,0,0,262144,0
FINAL_20261010_01,1,F03,91004,R6,F03:91004:P03,1,B,40942652,300,298,0,298,7,2,0,2,262144,0
FINAL_20261010_01,1,F03,91004,R6,F03:91004:P03,2,B,40942652,300,298,0,298,7,2,0,2,262144,0
FINAL_20261010_01,1,F03,91004,M_LIST,F03:91004:P03,2,A,NA,0,0,0,0,0,0,0,0,262144,0
FINAL_20261010_01,1,F03,91004,M_OBSERVE_LIST,F03:91004:P04,1,A,241658368,0,0,0,0,0,0,0,0,262144,0
FINAL_20261010_01,1,F03,91004,R6,F03:91004:P04,1,B,40942652,300,298,0,298,7,2,0,2,262144,0
FINAL_20261010_01,1,F03,91004,R6,F03:91004:P04,2,B,40942652,300,298,0,298,7,2,0,2,262144,0
FINAL_20261010_01,1,F03,91004,M_OBSERVE_LIST,F03:91004:P04,2,A,241658368,0,0,0,0,0,0,0,0,262144,0
FINAL_20261010_01,1,F03,91004,Original,F03:91004:P05,1,A,NA,0,NA,NA,NA,NA,0,NA,NA,262144,NA
FINAL_20261010_01,1,F03,91004,R6,F03:91004:P05,1,B,40942652,300,298,0,298,7,2,0,2,262144,0
FINAL_20261010_01,1,F03,91004,R6,F03:91004:P05,2,B,40942652,300,298,0,298,7,2,0,2,262144,0
FINAL_20261010_01,1,F03,91004,Original,F03:91004:P05,2,A,NA,0,NA,NA,NA,NA,0,NA,NA,262144,NA
FINAL_20261010_01,1,F03,91004,M_EVENT_16,F03:91004:P06,1,A,12427638,316,314,0,314,8,2,0,2,262144,0
FINAL_20261010_01,1,F03,91004,R6,F03:91004:P06,1,B,40942652,300,298,0,298,7,2,0,2,262144,0
FINAL_20261010_01,1,F03,91004,R6,F03:91004:P06,2,B,40942652,300,298,0,298,7,2,0,2,262144,0
FINAL_20261010_01,1,F03,91004,M_EVENT_16,F03:91004:P06,2,A,12427638,316,314,0,314,8,2,0,2,262144,0
FINAL_20261010_01,1,F03,91004,M_FIXED_2048,F03:91004:P07,1,A,241658368,0,0,0,0,0,0,0,0,262144,0
FINAL_20261010_01,1,F03,91004,R6,F03:91004:P07,1,B,40942652,300,298,0,298,7,2,0,2,262144,0
FINAL_20261010_01,1,F03,91004,R6,F03:91004:P07,2,B,40942652,300,298,0,298,7,2,0,2,262144,0
FINAL_20261010_01,1,F03,91004,M_FIXED_2048,F03:91004:P07,2,A,241658368,0,0,0,0,0,0,0,0,262144,0
FINAL_20261010_01,1,F03,91004,M_NO_IDLE,F03:91004:P08,1,A,198830230,32,0,0,0,32,32,1,2,262144,0
FINAL_20261010_01,1,F03,91004,R6,F03:91004:P08,1,B,40942652,300,298,0,298,7,2,0,2,262144,0
FINAL_20261010_01,1,F03,91004,R6,F03:91004:P08,2,B,40942652,300,298,0,298,7,2,0,2,262144,0
FINAL_20261010_01,1,F03,91004,M_NO_IDLE,F03:91004:P08,2,A,198830230,32,0,0,0,32,32,1,2,262144,0
FINAL_20261010_01,1,F03,91005,M_EVENT_16,F03:91005:DIA01,1,A,11267956,315,313,0,313,8,2,0,2,262144,0
FINAL_20261010_01,1,F03,91005,R6,F03:91005:DIA01,1,B,38951426,300,298,0,298,8,2,0,1,262144,0
FINAL_20261010_01,1,F03,91005,R6,F03:91005:DIA01,2,B,38951426,300,298,0,298,8,2,0,1,262144,0
FINAL_20261010_01,1,F03,91005,M_EVENT_16,F03:91005:DIA01,2,A,11267956,315,313,0,313,8,2,0,2,262144,0
FINAL_20261010_01,1,F03,91005,M_FIXED_128,F03:91005:DIA02,1,A,20456792,549,306,240,546,8,3,0,3,262144,0
FINAL_20261010_01,1,F03,91005,R6,F03:91005:DIA02,1,B,38951426,300,298,0,298,8,2,0,1,262144,0
FINAL_20261010_01,1,F03,91005,R6,F03:91005:DIA02,2,B,38951426,300,298,0,298,8,2,0,1,262144,0
FINAL_20261010_01,1,F03,91005,M_FIXED_128,F03:91005:DIA02,2,A,20456792,549,306,240,546,8,3,0,3,262144,0
FINAL_20261010_01,1,F03,91005,Original,F03:91005:P01,1,A,NA,0,NA,NA,NA,NA,0,NA,NA,262144,NA
FINAL_20261010_01,1,F03,91005,M_LIST,F03:91005:P01,1,B,NA,0,0,0,0,0,0,0,0,262144,0
FINAL_20261010_01,1,F03,91005,M_LIST,F03:91005:P01,2,B,NA,0,0,0,0,0,0,0,0,262144,0
FINAL_20261010_01,1,F03,91005,Original,F03:91005:P01,2,A,NA,0,NA,NA,NA,NA,0,NA,NA,262144,NA
FINAL_20261010_01,1,F03,91005,M_LIST,F03:91005:P02,1,A,NA,0,0,0,0,0,0,0,0,262144,0
FINAL_20261010_01,1,F03,91005,M_OBSERVE_LIST,F03:91005:P02,1,B,246623132,0,0,0,0,0,0,0,0,262144,0
FINAL_20261010_01,1,F03,91005,M_OBSERVE_LIST,F03:91005:P02,2,B,246623132,0,0,0,0,0,0,0,0,262144,0
FINAL_20261010_01,1,F03,91005,M_LIST,F03:91005:P02,2,A,NA,0,0,0,0,0,0,0,0,262144,0
FINAL_20261010_01,1,F03,91005,M_LIST,F03:91005:P03,1,A,NA,0,0,0,0,0,0,0,0,262144,0
FINAL_20261010_01,1,F03,91005,R6,F03:91005:P03,1,B,38951426,300,298,0,298,8,2,0,1,262144,0
FINAL_20261010_01,1,F03,91005,R6,F03:91005:P03,2,B,38951426,300,298,0,298,8,2,0,1,262144,0
FINAL_20261010_01,1,F03,91005,M_LIST,F03:91005:P03,2,A,NA,0,0,0,0,0,0,0,0,262144,0
FINAL_20261010_01,1,F03,91005,M_OBSERVE_LIST,F03:91005:P04,1,A,246623132,0,0,0,0,0,0,0,0,262144,0
FINAL_20261010_01,1,F03,91005,R6,F03:91005:P04,1,B,38951426,300,298,0,298,8,2,0,1,262144,0
FINAL_20261010_01,1,F03,91005,R6,F03:91005:P04,2,B,38951426,300,298,0,298,8,2,0,1,262144,0
FINAL_20261010_01,1,F03,91005,M_OBSERVE_LIST,F03:91005:P04,2,A,246623132,0,0,0,0,0,0,0,0,262144,0
FINAL_20261010_01,1,F03,91005,Original,F03:91005:P05,1,A,NA,0,NA,NA,NA,NA,0,NA,NA,262144,NA
FINAL_20261010_01,1,F03,91005,R6,F03:91005:P05,1,B,38951426,300,298,0,298,8,2,0,1,262144,0
FINAL_20261010_01,1,F03,91005,R6,F03:91005:P05,2,B,38951426,300,298,0,298,8,2,0,1,262144,0
FINAL_20261010_01,1,F03,91005,Original,F03:91005:P05,2,A,NA,0,NA,NA,NA,NA,0,NA,NA,262144,NA
FINAL_20261010_01,1,F03,91005,M_EVENT_16,F03:91005:P06,1,A,11267956,315,313,0,313,8,2,0,2,262144,0
FINAL_20261010_01,1,F03,91005,R6,F03:91005:P06,1,B,38951426,300,298,0,298,8,2,0,1,262144,0
FINAL_20261010_01,1,F03,91005,R6,F03:91005:P06,2,B,38951426,300,298,0,298,8,2,0,1,262144,0
FINAL_20261010_01,1,F03,91005,M_EVENT_16,F03:91005:P06,2,A,11267956,315,313,0,313,8,2,0,2,262144,0
FINAL_20261010_01,1,F03,91005,M_FIXED_2048,F03:91005:P07,1,A,246623132,0,0,0,0,0,0,0,0,262144,0
FINAL_20261010_01,1,F03,91005,R6,F03:91005:P07,1,B,38951426,300,298,0,298,8,2,0,1,262144,0
FINAL_20261010_01,1,F03,91005,R6,F03:91005:P07,2,B,38951426,300,298,0,298,8,2,0,1,262144,0
FINAL_20261010_01,1,F03,91005,M_FIXED_2048,F03:91005:P07,2,A,246623132,0,0,0,0,0,0,0,0,262144,0
FINAL_20261010_01,1,F03,91005,M_NO_IDLE,F03:91005:P08,1,A,219169346,32,0,0,0,32,32,1,2,262144,0
FINAL_20261010_01,1,F03,91005,R6,F03:91005:P08,1,B,38951426,300,298,0,298,8,2,0,1,262144,0
FINAL_20261010_01,1,F03,91005,R6,F03:91005:P08,2,B,38951426,300,298,0,298,8,2,0,1,262144,0
FINAL_20261010_01,1,F03,91005,M_NO_IDLE,F03:91005:P08,2,A,219169346,32,0,0,0,32,32,1,2,262144,0
FINAL_20261010_01,1,F03,91006,M_EVENT_16,F03:91006:DIA01,1,A,12720114,321,319,0,319,8,2,0,2,262144,0
FINAL_20261010_01,1,F03,91006,R6,F03:91006:DIA01,1,B,39580148,300,298,0,298,7,2,0,2,262144,0
FINAL_20261010_01,1,F03,91006,R6,F03:91006:DIA01,2,B,39580148,300,298,0,298,7,2,0,2,262144,0
FINAL_20261010_01,1,F03,91006,M_EVENT_16,F03:91006:DIA01,2,A,12720114,321,319,0,319,8,2,0,2,262144,0
FINAL_20261010_01,1,F03,91006,M_FIXED_128,F03:91006:DIA02,1,A,21541970,564,311,250,561,8,3,0,3,262144,0
FINAL_20261010_01,1,F03,91006,R6,F03:91006:DIA02,1,B,39580148,300,298,0,298,7,2,0,2,262144,0
FINAL_20261010_01,1,F03,91006,R6,F03:91006:DIA02,2,B,39580148,300,298,0,298,7,2,0,2,262144,0
FINAL_20261010_01,1,F03,91006,M_FIXED_128,F03:91006:DIA02,2,A,21541970,564,311,250,561,8,3,0,3,262144,0
FINAL_20261010_01,1,F03,91006,Original,F03:91006:P01,1,A,NA,0,NA,NA,NA,NA,0,NA,NA,262144,NA
FINAL_20261010_01,1,F03,91006,M_LIST,F03:91006:P01,1,B,NA,0,0,0,0,0,0,0,0,262144,0
FINAL_20261010_01,1,F03,91006,M_LIST,F03:91006:P01,2,B,NA,0,0,0,0,0,0,0,0,262144,0
FINAL_20261010_01,1,F03,91006,Original,F03:91006:P01,2,A,NA,0,NA,NA,NA,NA,0,NA,NA,262144,NA
FINAL_20261010_01,1,F03,91006,M_LIST,F03:91006:P02,1,A,NA,0,0,0,0,0,0,0,0,262144,0
FINAL_20261010_01,1,F03,91006,M_OBSERVE_LIST,F03:91006:P02,1,B,244430414,0,0,0,0,0,0,0,0,262144,0
FINAL_20261010_01,1,F03,91006,M_OBSERVE_LIST,F03:91006:P02,2,B,244430414,0,0,0,0,0,0,0,0,262144,0
FINAL_20261010_01,1,F03,91006,M_LIST,F03:91006:P02,2,A,NA,0,0,0,0,0,0,0,0,262144,0
FINAL_20261010_01,1,F03,91006,M_LIST,F03:91006:P03,1,A,NA,0,0,0,0,0,0,0,0,262144,0
FINAL_20261010_01,1,F03,91006,R6,F03:91006:P03,1,B,39580148,300,298,0,298,7,2,0,2,262144,0
FINAL_20261010_01,1,F03,91006,R6,F03:91006:P03,2,B,39580148,300,298,0,298,7,2,0,2,262144,0
FINAL_20261010_01,1,F03,91006,M_LIST,F03:91006:P03,2,A,NA,0,0,0,0,0,0,0,0,262144,0
FINAL_20261010_01,1,F03,91006,M_OBSERVE_LIST,F03:91006:P04,1,A,244430414,0,0,0,0,0,0,0,0,262144,0
FINAL_20261010_01,1,F03,91006,R6,F03:91006:P04,1,B,39580148,300,298,0,298,7,2,0,2,262144,0
FINAL_20261010_01,1,F03,91006,R6,F03:91006:P04,2,B,39580148,300,298,0,298,7,2,0,2,262144,0
FINAL_20261010_01,1,F03,91006,M_OBSERVE_LIST,F03:91006:P04,2,A,244430414,0,0,0,0,0,0,0,0,262144,0
FINAL_20261010_01,1,F03,91006,Original,F03:91006:P05,1,A,NA,0,NA,NA,NA,NA,0,NA,NA,262144,NA
FINAL_20261010_01,1,F03,91006,R6,F03:91006:P05,1,B,39580148,300,298,0,298,7,2,0,2,262144,0
FINAL_20261010_01,1,F03,91006,R6,F03:91006:P05,2,B,39580148,300,298,0,298,7,2,0,2,262144,0
FINAL_20261010_01,1,F03,91006,Original,F03:91006:P05,2,A,NA,0,NA,NA,NA,NA,0,NA,NA,262144,NA
FINAL_20261010_01,1,F03,91006,M_EVENT_16,F03:91006:P06,1,A,12720114,321,319,0,319,8,2,0,2,262144,0
FINAL_20261010_01,1,F03,91006,R6,F03:91006:P06,1,B,39580148,300,298,0,298,7,2,0,2,262144,0
FINAL_20261010_01,1,F03,91006,R6,F03:91006:P06,2,B,39580148,300,298,0,298,7,2,0,2,262144,0
FINAL_20261010_01,1,F03,91006,M_EVENT_16,F03:91006:P06,2,A,12720114,321,319,0,319,8,2,0,2,262144,0
FINAL_20261010_01,1,F03,91006,M_FIXED_2048,F03:91006:P07,1,A,244430414,0,0,0,0,0,0,0,0,262144,0
FINAL_20261010_01,1,F03,91006,R6,F03:91006:P07,1,B,39580148,300,298,0,298,7,2,0,2,262144,0
FINAL_20261010_01,1,F03,91006,R6,F03:91006:P07,2,B,39580148,300,298,0,298,7,2,0,2,262144,0
FINAL_20261010_01,1,F03,91006,M_FIXED_2048,F03:91006:P07,2,A,244430414,0,0,0,0,0,0,0,0,262144,0
FINAL_20261010_01,1,F03,91006,M_NO_IDLE,F03:91006:P08,1,A,217024404,32,0,0,0,32,32,1,2,262144,0
FINAL_20261010_01,1,F03,91006,R6,F03:91006:P08,1,B,39580148,300,298,0,298,7,2,0,2,262144,0
FINAL_20261010_01,1,F03,91006,R6,F03:91006:P08,2,B,39580148,300,298,0,298,7,2,0,2,262144,0
FINAL_20261010_01,1,F03,91006,M_NO_IDLE,F03:91006:P08,2,A,217024404,32,0,0,0,32,32,1,2,262144,0
FINAL_20261010_01,1,F03,91007,M_EVENT_16,F03:91007:DIA01,1,A,9670266,263,261,0,261,8,2,0,2,262144,0
FINAL_20261010_01,1,F03,91007,R6,F03:91007:DIA01,1,B,36235906,249,247,0,247,6,2,0,1,262144,0
FINAL_20261010_01,1,F03,91007,R6,F03:91007:DIA01,2,B,36235906,249,247,0,247,6,2,0,1,262144,0
FINAL_20261010_01,1,F03,91007,M_EVENT_16,F03:91007:DIA01,2,A,9670266,263,261,0,261,8,2,0,2,262144,0
FINAL_20261010_01,1,F03,91007,M_FIXED_128,F03:91007:DIA02,1,A,18817484,543,255,285,540,7,3,0,3,262144,0
FINAL_20261010_01,1,F03,91007,R6,F03:91007:DIA02,1,B,36235906,249,247,0,247,6,2,0,1,262144,0
FINAL_20261010_01,1,F03,91007,R6,F03:91007:DIA02,2,B,36235906,249,247,0,247,6,2,0,1,262144,0
FINAL_20261010_01,1,F03,91007,M_FIXED_128,F03:91007:DIA02,2,A,18817484,543,255,285,540,7,3,0,3,262144,0
FINAL_20261010_01,1,F03,91007,Original,F03:91007:P01,1,A,NA,0,NA,NA,NA,NA,0,NA,NA,262144,NA
FINAL_20261010_01,1,F03,91007,M_LIST,F03:91007:P01,1,B,NA,0,0,0,0,0,0,0,0,262144,0
FINAL_20261010_01,1,F03,91007,M_LIST,F03:91007:P01,2,B,NA,0,0,0,0,0,0,0,0,262144,0
FINAL_20261010_01,1,F03,91007,Original,F03:91007:P01,2,A,NA,0,NA,NA,NA,NA,0,NA,NA,262144,NA
FINAL_20261010_01,1,F03,91007,M_LIST,F03:91007:P02,1,A,NA,0,0,0,0,0,0,0,0,262144,0
FINAL_20261010_01,1,F03,91007,M_OBSERVE_LIST,F03:91007:P02,1,B,284408894,0,0,0,0,0,0,0,0,262144,0
FINAL_20261010_01,1,F03,91007,M_OBSERVE_LIST,F03:91007:P02,2,B,284408894,0,0,0,0,0,0,0,0,262144,0
FINAL_20261010_01,1,F03,91007,M_LIST,F03:91007:P02,2,A,NA,0,0,0,0,0,0,0,0,262144,0
FINAL_20261010_01,1,F03,91007,M_LIST,F03:91007:P03,1,A,NA,0,0,0,0,0,0,0,0,262144,0
FINAL_20261010_01,1,F03,91007,R6,F03:91007:P03,1,B,36235906,249,247,0,247,6,2,0,1,262144,0
FINAL_20261010_01,1,F03,91007,R6,F03:91007:P03,2,B,36235906,249,247,0,247,6,2,0,1,262144,0
FINAL_20261010_01,1,F03,91007,M_LIST,F03:91007:P03,2,A,NA,0,0,0,0,0,0,0,0,262144,0
FINAL_20261010_01,1,F03,91007,M_OBSERVE_LIST,F03:91007:P04,1,A,284408894,0,0,0,0,0,0,0,0,262144,0
FINAL_20261010_01,1,F03,91007,R6,F03:91007:P04,1,B,36235906,249,247,0,247,6,2,0,1,262144,0
FINAL_20261010_01,1,F03,91007,R6,F03:91007:P04,2,B,36235906,249,247,0,247,6,2,0,1,262144,0
FINAL_20261010_01,1,F03,91007,M_OBSERVE_LIST,F03:91007:P04,2,A,284408894,0,0,0,0,0,0,0,0,262144,0
FINAL_20261010_01,1,F03,91007,Original,F03:91007:P05,1,A,NA,0,NA,NA,NA,NA,0,NA,NA,262144,NA
FINAL_20261010_01,1,F03,91007,R6,F03:91007:P05,1,B,36235906,249,247,0,247,6,2,0,1,262144,0
FINAL_20261010_01,1,F03,91007,R6,F03:91007:P05,2,B,36235906,249,247,0,247,6,2,0,1,262144,0
FINAL_20261010_01,1,F03,91007,Original,F03:91007:P05,2,A,NA,0,NA,NA,NA,NA,0,NA,NA,262144,NA
FINAL_20261010_01,2,F03,91007,M_EVENT_16,F03:91007:P06,1,A,9670266,263,261,0,261,8,2,0,2,262144,0
FINAL_20261010_01,2,F03,91007,R6,F03:91007:P06,1,B,36235906,249,247,0,247,6,2,0,1,262144,0
FINAL_20261010_01,2,F03,91007,R6,F03:91007:P06,2,B,36235906,249,247,0,247,6,2,0,1,262144,0
FINAL_20261010_01,2,F03,91007,M_EVENT_16,F03:91007:P06,2,A,9670266,263,261,0,261,8,2,0,2,262144,0
FINAL_20261010_01,2,F03,91007,M_FIXED_2048,F03:91007:P07,1,A,284408894,0,0,0,0,0,0,0,0,262144,0
FINAL_20261010_01,2,F03,91007,R6,F03:91007:P07,1,B,36235906,249,247,0,247,6,2,0,1,262144,0
FINAL_20261010_01,2,F03,91007,R6,F03:91007:P07,2,B,36235906,249,247,0,247,6,2,0,1,262144,0
FINAL_20261010_01,2,F03,91007,M_FIXED_2048,F03:91007:P07,2,A,284408894,0,0,0,0,0,0,0,0,262144,0
FINAL_20261010_01,2,F03,91007,M_NO_IDLE,F03:91007:P08,1,A,249991262,32,0,0,0,32,32,1,2,262144,0
FINAL_20261010_01,2,F03,91007,R6,F03:91007:P08,1,B,36235906,249,247,0,247,6,2,0,1,262144,0
FINAL_20261010_01,2,F03,91007,R6,F03:91007:P08,2,B,36235906,249,247,0,247,6,2,0,1,262144,0
FINAL_20261010_01,2,F03,91007,M_NO_IDLE,F03:91007:P08,2,A,249991262,32,0,0,0,32,32,1,2,262144,0
FINAL_20261010_01,2,F03,91008,M_EVENT_16,F03:91008:DIA01,1,A,13037564,346,341,0,341,8,5,1,2,262144,0
FINAL_20261010_01,2,F03,91008,R6,F03:91008:DIA01,1,B,43617288,319,314,0,314,7,5,1,2,262144,0
FINAL_20261010_01,2,F03,91008,R6,F03:91008:DIA01,2,B,43617288,319,314,0,314,7,5,1,2,262144,0
FINAL_20261010_01,2,F03,91008,M_EVENT_16,F03:91008:DIA01,2,A,13037564,346,341,0,341,8,5,1,2,262144,0
FINAL_20261010_01,2,F03,91008,M_FIXED_128,F03:91008:DIA02,1,A,25195744,591,327,259,586,8,5,2,3,262144,0
FINAL_20261010_01,2,F03,91008,R6,F03:91008:DIA02,1,B,43617288,319,314,0,314,7,5,1,2,262144,0
FINAL_20261010_01,2,F03,91008,R6,F03:91008:DIA02,2,B,43617288,319,314,0,314,7,5,1,2,262144,0
FINAL_20261010_01,2,F03,91008,M_FIXED_128,F03:91008:DIA02,2,A,25195744,591,327,259,586,8,5,2,3,262144,0
FINAL_20261010_01,2,F03,91008,Original,F03:91008:P01,1,A,NA,0,NA,NA,NA,NA,0,NA,NA,262144,NA
FINAL_20261010_01,2,F03,91008,M_LIST,F03:91008:P01,1,B,NA,0,0,0,0,0,0,0,0,262144,0
FINAL_20261010_01,2,F03,91008,M_LIST,F03:91008:P01,2,B,NA,0,0,0,0,0,0,0,0,262144,0
FINAL_20261010_01,2,F03,91008,Original,F03:91008:P01,2,A,NA,0,NA,NA,NA,NA,0,NA,NA,262144,NA
FINAL_20261010_01,2,F03,91008,M_LIST,F03:91008:P02,1,A,NA,0,0,0,0,0,0,0,0,262144,0
FINAL_20261010_01,2,F03,91008,M_OBSERVE_LIST,F03:91008:P02,1,B,224941734,0,0,0,0,0,0,0,0,262144,0
FINAL_20261010_01,2,F03,91008,M_OBSERVE_LIST,F03:91008:P02,2,B,224941734,0,0,0,0,0,0,0,0,262144,0
FINAL_20261010_01,2,F03,91008,M_LIST,F03:91008:P02,2,A,NA,0,0,0,0,0,0,0,0,262144,0
FINAL_20261010_01,2,F03,91008,M_LIST,F03:91008:P03,1,A,NA,0,0,0,0,0,0,0,0,262144,0
FINAL_20261010_01,2,F03,91008,R6,F03:91008:P03,1,B,43617288,319,314,0,314,7,5,1,2,262144,0
FINAL_20261010_01,2,F03,91008,R6,F03:91008:P03,2,B,43617288,319,314,0,314,7,5,1,2,262144,0
FINAL_20261010_01,2,F03,91008,M_LIST,F03:91008:P03,2,A,NA,0,0,0,0,0,0,0,0,262144,0
FINAL_20261010_01,2,F03,91008,M_OBSERVE_LIST,F03:91008:P04,1,A,224941734,0,0,0,0,0,0,0,0,262144,0
FINAL_20261010_01,2,F03,91008,R6,F03:91008:P04,1,B,43617288,319,314,0,314,7,5,1,2,262144,0
FINAL_20261010_01,2,F03,91008,R6,F03:91008:P04,2,B,43617288,319,314,0,314,7,5,1,2,262144,0
FINAL_20261010_01,2,F03,91008,M_OBSERVE_LIST,F03:91008:P04,2,A,224941734,0,0,0,0,0,0,0,0,262144,0
FINAL_20261010_01,2,F03,91008,Original,F03:91008:P05,1,A,NA,0,NA,NA,NA,NA,0,NA,NA,262144,NA
FINAL_20261010_01,2,F03,91008,R6,F03:91008:P05,1,B,43617288,319,314,0,314,7,5,1,2,262144,0
FINAL_20261010_01,2,F03,91008,R6,F03:91008:P05,2,B,43617288,319,314,0,314,7,5,1,2,262144,0
FINAL_20261010_01,2,F03,91008,Original,F03:91008:P05,2,A,NA,0,NA,NA,NA,NA,0,NA,NA,262144,NA
FINAL_20261010_01,2,F03,91008,M_EVENT_16,F03:91008:P06,1,A,13037564,346,341,0,341,8,5,1,2,262144,0
FINAL_20261010_01,2,F03,91008,R6,F03:91008:P06,1,B,43617288,319,314,0,314,7,5,1,2,262144,0
FINAL_20261010_01,2,F03,91008,R6,F03:91008:P06,2,B,43617288,319,314,0,314,7,5,1,2,262144,0
FINAL_20261010_01,2,F03,91008,M_EVENT_16,F03:91008:P06,2,A,13037564,346,341,0,341,8,5,1,2,262144,0
FINAL_20261010_01,2,F03,91008,M_FIXED_2048,F03:91008:P07,1,A,224941734,0,0,0,0,0,0,0,0,262144,0
FINAL_20261010_01,2,F03,91008,R6,F03:91008:P07,1,B,43617288,319,314,0,314,7,5,1,2,262144,0
FINAL_20261010_01,2,F03,91008,R6,F03:91008:P07,2,B,43617288,319,314,0,314,7,5,1,2,262144,0
FINAL_20261010_01,2,F03,91008,M_FIXED_2048,F03:91008:P07,2,A,224941734,0,0,0,0,0,0,0,0,262144,0
FINAL_20261010_01,2,F03,91008,M_NO_IDLE,F03:91008:P08,1,A,220945368,32,0,0,0,32,32,1,2,262144,0
FINAL_20261010_01,2,F03,91008,R6,F03:91008:P08,1,B,43617288,319,314,0,314,7,5,1,2,262144,0
FINAL_20261010_01,2,F03,91008,R6,F03:91008:P08,2,B,43617288,319,314,0,314,7,5,1,2,262144,0
FINAL_20261010_01,2,F03,91008,M_NO_IDLE,F03:91008:P08,2,A,220945368,32,0,0,0,32,32,1,2,262144,0
FINAL_20261010_01,2,F03,91009,M_EVENT_16,F03:91009:DIA01,1,A,11724854,297,296,0,296,8,1,0,2,262144,0
FINAL_20261010_01,2,F03,91009,R6,F03:91009:DIA01,1,B,38180604,283,281,0,281,8,2,0,1,262144,0
FINAL_20261010_01,2,F03,91009,R6,F03:91009:DIA01,2,B,38180604,283,281,0,281,8,2,0,1,262144,0
FINAL_20261010_01,2,F03,91009,M_EVENT_16,F03:91009:DIA01,2,A,11724854,297,296,0,296,8,1,0,2,262144,0
FINAL_20261010_01,2,F03,91009,M_FIXED_128,F03:91009:DIA02,1,A,21386444,556,287,267,554,8,2,0,3,262144,0
FINAL_20261010_01,2,F03,91009,R6,F03:91009:DIA02,1,B,38180604,283,281,0,281,8,2,0,1,262144,0
FINAL_20261010_01,2,F03,91009,R6,F03:91009:DIA02,2,B,38180604,283,281,0,281,8,2,0,1,262144,0
FINAL_20261010_01,2,F03,91009,M_FIXED_128,F03:91009:DIA02,2,A,21386444,556,287,267,554,8,2,0,3,262144,0
FINAL_20261010_01,2,F03,91009,Original,F03:91009:P01,1,A,NA,0,NA,NA,NA,NA,0,NA,NA,262144,NA
FINAL_20261010_01,2,F03,91009,M_LIST,F03:91009:P01,1,B,NA,0,0,0,0,0,0,0,0,262144,0
FINAL_20261010_01,2,F03,91009,M_LIST,F03:91009:P01,2,B,NA,0,0,0,0,0,0,0,0,262144,0
FINAL_20261010_01,2,F03,91009,Original,F03:91009:P01,2,A,NA,0,NA,NA,NA,NA,0,NA,NA,262144,NA
FINAL_20261010_01,2,F03,91009,M_LIST,F03:91009:P02,1,A,NA,0,0,0,0,0,0,0,0,262144,0
FINAL_20261010_01,2,F03,91009,M_OBSERVE_LIST,F03:91009:P02,1,B,258761778,0,0,0,0,0,0,0,0,262144,0
FINAL_20261010_01,2,F03,91009,M_OBSERVE_LIST,F03:91009:P02,2,B,258761778,0,0,0,0,0,0,0,0,262144,0
FINAL_20261010_01,2,F03,91009,M_LIST,F03:91009:P02,2,A,NA,0,0,0,0,0,0,0,0,262144,0
FINAL_20261010_01,2,F03,91009,M_LIST,F03:91009:P03,1,A,NA,0,0,0,0,0,0,0,0,262144,0
FINAL_20261010_01,2,F03,91009,R6,F03:91009:P03,1,B,38180604,283,281,0,281,8,2,0,1,262144,0
FINAL_20261010_01,2,F03,91009,R6,F03:91009:P03,2,B,38180604,283,281,0,281,8,2,0,1,262144,0
FINAL_20261010_01,2,F03,91009,M_LIST,F03:91009:P03,2,A,NA,0,0,0,0,0,0,0,0,262144,0
FINAL_20261010_01,2,F03,91009,M_OBSERVE_LIST,F03:91009:P04,1,A,258761778,0,0,0,0,0,0,0,0,262144,0
FINAL_20261010_01,2,F03,91009,R6,F03:91009:P04,1,B,38180604,283,281,0,281,8,2,0,1,262144,0
FINAL_20261010_01,2,F03,91009,R6,F03:91009:P04,2,B,38180604,283,281,0,281,8,2,0,1,262144,0
FINAL_20261010_01,2,F03,91009,M_OBSERVE_LIST,F03:91009:P04,2,A,258761778,0,0,0,0,0,0,0,0,262144,0
FINAL_20261010_01,2,F03,91009,Original,F03:91009:P05,1,A,NA,0,NA,NA,NA,NA,0,NA,NA,262144,NA
FINAL_20261010_01,2,F03,91009,R6,F03:91009:P05,1,B,38180604,283,281,0,281,8,2,0,1,262144,0
FINAL_20261010_01,2,F03,91009,R6,F03:91009:P05,2,B,38180604,283,281,0,281,8,2,0,1,262144,0
FINAL_20261010_01,2,F03,91009,Original,F03:91009:P05,2,A,NA,0,NA,NA,NA,NA,0,NA,NA,262144,NA
FINAL_20261010_01,2,F03,91009,M_EVENT_16,F03:91009:P06,1,A,11724854,297,296,0,296,8,1,0,2,262144,0
FINAL_20261010_01,2,F03,91009,R6,F03:91009:P06,1,B,38180604,283,281,0,281,8,2,0,1,262144,0
FINAL_20261010_01,2,F03,91009,R6,F03:91009:P06,2,B,38180604,283,281,0,281,8,2,0,1,262144,0
FINAL_20261010_01,2,F03,91009,M_EVENT_16,F03:91009:P06,2,A,11724854,297,296,0,296,8,1,0,2,262144,0
FINAL_20261010_01,2,F03,91009,M_FIXED_2048,F03:91009:P07,1,A,258761778,0,0,0,0,0,0,0,0,262144,0
FINAL_20261010_01,2,F03,91009,R6,F03:91009:P07,1,B,38180604,283,281,0,281,8,2,0,1,262144,0
FINAL_20261010_01,2,F03,91009,R6,F03:91009:P07,2,B,38180604,283,281,0,281,8,2,0,1,262144,0
FINAL_20261010_01,2,F03,91009,M_FIXED_2048,F03:91009:P07,2,A,258761778,0,0,0,0,0,0,0,0,262144,0
FINAL_20261010_01,2,F03,91009,M_NO_IDLE,F03:91009:P08,1,A,245000262,32,0,0,0,32,32,1,2,262144,0
FINAL_20261010_01,2,F03,91009,R6,F03:91009:P08,1,B,38180604,283,281,0,281,8,2,0,1,262144,0
FINAL_20261010_01,2,F03,91009,R6,F03:91009:P08,2,B,38180604,283,281,0,281,8,2,0,1,262144,0
FINAL_20261010_01,2,F03,91009,M_NO_IDLE,F03:91009:P08,2,A,245000262,32,0,0,0,32,32,1,2,262144,0
FINAL_20261010_01,2,F03,91010,M_EVENT_16,F03:91010:DIA01,1,A,12737022,327,326,0,326,8,1,0,2,262144,0
FINAL_20261010_01,2,F03,91010,R6,F03:91010:DIA01,1,B,43144564,312,310,0,310,7,2,0,1,262144,0
FINAL_20261010_01,2,F03,91010,R6,F03:91010:DIA01,2,B,43144564,312,310,0,310,7,2,0,1,262144,0
FINAL_20261010_01,2,F03,91010,M_EVENT_16,F03:91010:DIA01,2,A,12737022,327,326,0,326,8,1,0,2,262144,0
FINAL_20261010_01,2,F03,91010,M_FIXED_128,F03:91010:DIA02,1,A,24144020,582,315,265,580,7,2,1,4,262144,0
FINAL_20261010_01,2,F03,91010,R6,F03:91010:DIA02,1,B,43144564,312,310,0,310,7,2,0,1,262144,0
FINAL_20261010_01,2,F03,91010,R6,F03:91010:DIA02,2,B,43144564,312,310,0,310,7,2,0,1,262144,0
FINAL_20261010_01,2,F03,91010,M_FIXED_128,F03:91010:DIA02,2,A,24144020,582,315,265,580,7,2,1,4,262144,0
FINAL_20261010_01,2,F03,91010,Original,F03:91010:P01,1,A,NA,0,NA,NA,NA,NA,0,NA,NA,262144,NA
FINAL_20261010_01,2,F03,91010,M_LIST,F03:91010:P01,1,B,NA,0,0,0,0,0,0,0,0,262144,0
FINAL_20261010_01,2,F03,91010,M_LIST,F03:91010:P01,2,B,NA,0,0,0,0,0,0,0,0,262144,0
FINAL_20261010_01,2,F03,91010,Original,F03:91010:P01,2,A,NA,0,NA,NA,NA,NA,0,NA,NA,262144,NA
FINAL_20261010_01,2,F03,91010,M_LIST,F03:91010:P02,1,A,NA,0,0,0,0,0,0,0,0,262144,0
FINAL_20261010_01,2,F03,91010,M_OBSERVE_LIST,F03:91010:P02,1,B,228443738,0,0,0,0,0,0,0,0,262144,0
FINAL_20261010_01,2,F03,91010,M_OBSERVE_LIST,F03:91010:P02,2,B,228443738,0,0,0,0,0,0,0,0,262144,0
FINAL_20261010_01,2,F03,91010,M_LIST,F03:91010:P02,2,A,NA,0,0,0,0,0,0,0,0,262144,0
FINAL_20261010_01,2,F03,91010,M_LIST,F03:91010:P03,1,A,NA,0,0,0,0,0,0,0,0,262144,0
FINAL_20261010_01,2,F03,91010,R6,F03:91010:P03,1,B,43144564,312,310,0,310,7,2,0,1,262144,0
FINAL_20261010_01,2,F03,91010,R6,F03:91010:P03,2,B,43144564,312,310,0,310,7,2,0,1,262144,0
FINAL_20261010_01,2,F03,91010,M_LIST,F03:91010:P03,2,A,NA,0,0,0,0,0,0,0,0,262144,0
FINAL_20261010_01,2,F03,91010,M_OBSERVE_LIST,F03:91010:P04,1,A,228443738,0,0,0,0,0,0,0,0,262144,0
FINAL_20261010_01,2,F03,91010,R6,F03:91010:P04,1,B,43144564,312,310,0,310,7,2,0,1,262144,0
FINAL_20261010_01,2,F03,91010,R6,F03:91010:P04,2,B,43144564,312,310,0,310,7,2,0,1,262144,0
FINAL_20261010_01,2,F03,91010,M_OBSERVE_LIST,F03:91010:P04,2,A,228443738,0,0,0,0,0,0,0,0,262144,0
FINAL_20261010_01,2,F03,91010,Original,F03:91010:P05,1,A,NA,0,NA,NA,NA,NA,0,NA,NA,262144,NA
FINAL_20261010_01,2,F03,91010,R6,F03:91010:P05,1,B,43144564,312,310,0,310,7,2,0,1,262144,0
FINAL_20261010_01,2,F03,91010,R6,F03:91010:P05,2,B,43144564,312,310,0,310,7,2,0,1,262144,0
FINAL_20261010_01,2,F03,91010,Original,F03:91010:P05,2,A,NA,0,NA,NA,NA,NA,0,NA,NA,262144,NA
FINAL_20261010_01,2,F03,91010,M_EVENT_16,F03:91010:P06,1,A,12737022,327,326,0,326,8,1,0,2,262144,0
FINAL_20261010_01,2,F03,91010,R6,F03:91010:P06,1,B,43144564,312,310,0,310,7,2,0,1,262144,0
FINAL_20261010_01,2,F03,91010,R6,F03:91010:P06,2,B,43144564,312,310,0,310,7,2,0,1,262144,0
FINAL_20261010_01,2,F03,91010,M_EVENT_16,F03:91010:P06,2,A,12737022,327,326,0,326,8,1,0,2,262144,0
FINAL_20261010_01,2,F03,91010,M_FIXED_2048,F03:91010:P07,1,A,228443738,0,0,0,0,0,0,0,0,262144,0
FINAL_20261010_01,2,F03,91010,R6,F03:91010:P07,1,B,43144564,312,310,0,310,7,2,0,1,262144,0
FINAL_20261010_01,2,F03,91010,R6,F03:91010:P07,2,B,43144564,312,310,0,310,7,2,0,1,262144,0
FINAL_20261010_01,2,F03,91010,M_FIXED_2048,F03:91010:P07,2,A,228443738,0,0,0,0,0,0,0,0,262144,0
FINAL_20261010_01,2,F03,91010,M_NO_IDLE,F03:91010:P08,1,A,212082144,32,0,0,0,32,32,1,2,262144,0
FINAL_20261010_01,2,F03,91010,R6,F03:91010:P08,1,B,43144564,312,310,0,310,7,2,0,1,262144,0
FINAL_20261010_01,2,F03,91010,R6,F03:91010:P08,2,B,43144564,312,310,0,310,7,2,0,1,262144,0
FINAL_20261010_01,2,F03,91010,M_NO_IDLE,F03:91010:P08,2,A,212082144,32,0,0,0,32,32,1,2,262144,0
FINAL_20261010_01,2,F04,91001,M_EVENT_16,F04:91001:DIA01,1,A,43778232,52,51,1,52,32,0,0,172,262144,0
FINAL_20261010_01,2,F04,91001,R6,F04:91001:DIA01,1,B,47619682,55,54,1,55,32,0,0,121,262144,0
FINAL_20261010_01,2,F04,91001,R6,F04:91001:DIA01,2,B,47619682,55,54,1,55,32,0,0,121,262144,0
FINAL_20261010_01,2,F04,91001,M_EVENT_16,F04:91001:DIA01,2,A,43849408,51,50,1,51,32,0,0,172,262144,0
FINAL_20261010_01,2,F04,91001,M_FIXED_128,F04:91001:DIA02,1,A,50052196,697,613,82,695,32,2,0,198,262144,0
FINAL_20261010_01,2,F04,91001,R6,F04:91001:DIA02,1,B,47619682,55,54,1,55,32,0,0,121,262144,0
FINAL_20261010_01,2,F04,91001,R6,F04:91001:DIA02,2,B,47619682,55,54,1,55,32,0,0,121,262144,0
FINAL_20261010_01,2,F04,91001,M_FIXED_128,F04:91001:DIA02,2,A,50052196,697,613,82,695,32,2,0,198,262144,0
FINAL_20261010_01,2,F04,91001,Original,F04:91001:P01,1,A,NA,0,NA,NA,NA,NA,0,NA,NA,262144,NA
FINAL_20261010_01,2,F04,91001,M_LIST,F04:91001:P01,1,B,NA,0,0,0,0,0,0,0,0,262144,0
FINAL_20261010_01,2,F04,91001,M_LIST,F04:91001:P01,2,B,NA,0,0,0,0,0,0,0,0,262144,0
FINAL_20261010_01,2,F04,91001,Original,F04:91001:P01,2,A,NA,0,NA,NA,NA,NA,0,NA,NA,262144,NA
FINAL_20261010_01,2,F04,91001,M_LIST,F04:91001:P02,1,A,NA,0,0,0,0,0,0,0,0,262144,0
FINAL_20261010_01,2,F04,91001,M_OBSERVE_LIST,F04:91001:P02,1,B,62292498,0,0,0,0,0,0,0,0,262144,0
FINAL_20261010_01,2,F04,91001,M_OBSERVE_LIST,F04:91001:P02,2,B,62292498,0,0,0,0,0,0,0,0,262144,0
FINAL_20261010_01,2,F04,91001,M_LIST,F04:91001:P02,2,A,NA,0,0,0,0,0,0,0,0,262144,0
FINAL_20261010_01,2,F04,91001,M_LIST,F04:91001:P03,1,A,NA,0,0,0,0,0,0,0,0,262144,0
FINAL_20261010_01,2,F04,91001,R6,F04:91001:P03,1,B,47619682,55,54,1,55,32,0,0,121,262144,0
FINAL_20261010_01,2,F04,91001,R6,F04:91001:P03,2,B,47619682,55,54,1,55,32,0,0,121,262144,0
FINAL_20261010_01,2,F04,91001,M_LIST,F04:91001:P03,2,A,NA,0,0,0,0,0,0,0,0,262144,0
FINAL_20261010_01,2,F04,91001,M_OBSERVE_LIST,F04:91001:P04,1,A,62292498,0,0,0,0,0,0,0,0,262144,0
FINAL_20261010_01,2,F04,91001,R6,F04:91001:P04,1,B,47619682,55,54,1,55,32,0,0,121,262144,0
FINAL_20261010_01,2,F04,91001,R6,F04:91001:P04,2,B,47619682,55,54,1,55,32,0,0,121,262144,0
FINAL_20261010_01,2,F04,91001,M_OBSERVE_LIST,F04:91001:P04,2,A,62292498,0,0,0,0,0,0,0,0,262144,0
FINAL_20261010_01,2,F04,91001,Original,F04:91001:P05,1,A,NA,0,NA,NA,NA,NA,0,NA,NA,262144,NA
FINAL_20261010_01,2,F04,91001,R6,F04:91001:P05,1,B,47619682,55,54,1,55,32,0,0,121,262144,0
FINAL_20261010_01,2,F04,91001,R6,F04:91001:P05,2,B,47619682,55,54,1,55,32,0,0,121,262144,0
FINAL_20261010_01,2,F04,91001,Original,F04:91001:P05,2,A,NA,0,NA,NA,NA,NA,0,NA,NA,262144,NA
FINAL_20261010_01,2,F04,91001,M_EVENT_16,F04:91001:P06,1,A,43750774,52,51,1,52,32,0,0,172,262144,0
FINAL_20261010_01,2,F04,91001,R6,F04:91001:P06,1,B,47619682,55,54,1,55,32,0,0,121,262144,0
FINAL_20261010_01,2,F04,91001,R6,F04:91001:P06,2,B,47619682,55,54,1,55,32,0,0,121,262144,0
FINAL_20261010_01,2,F04,91001,M_EVENT_16,F04:91001:P06,2,A,43850576,51,50,1,51,32,0,0,172,262144,0
FINAL_20261010_01,2,F04,91001,M_FIXED_2048,F04:91001:P07,1,A,62292498,0,0,0,0,0,0,0,0,262144,0
FINAL_20261010_01,2,F04,91001,R6,F04:91001:P07,1,B,47619682,55,54,1,55,32,0,0,121,262144,0
FINAL_20261010_01,2,F04,91001,R6,F04:91001:P07,2,B,47619682,55,54,1,55,32,0,0,121,262144,0
FINAL_20261010_01,2,F04,91001,M_FIXED_2048,F04:91001:P07,2,A,62292498,0,0,0,0,0,0,0,0,262144,0
FINAL_20261010_01,2,F04,91001,M_NO_IDLE,F04:91001:P08,1,A,47638914,32,0,31,31,32,1,0,124,262144,0
FINAL_20261010_01,2,F04,91001,R6,F04:91001:P08,1,B,47619682,55,54,1,55,32,0,0,121,262144,0
FINAL_20261010_01,2,F04,91001,R6,F04:91001:P08,2,B,47619682,55,54,1,55,32,0,0,121,262144,0
FINAL_20261010_01,2,F04,91001,M_NO_IDLE,F04:91001:P08,2,A,47638914,32,0,31,31,32,1,0,124,262144,0
FINAL_20261010_01,2,F04,91002,M_EVENT_16,F04:91002:DIA01,1,A,41313490,48,47,1,48,32,0,0,174,262144,0
FINAL_20261010_01,2,F04,91002,R6,F04:91002:DIA01,1,B,45988806,56,55,1,56,32,0,0,102,262144,0
FINAL_20261010_01,2,F04,91002,R6,F04:91002:DIA01,2,B,45988806,56,55,1,56,32,0,0,102,262144,0
FINAL_20261010_01,2,F04,91002,M_EVENT_16,F04:91002:DIA01,2,A,41305410,48,47,1,48,32,0,0,174,262144,0
FINAL_20261010_01,2,F04,91002,M_FIXED_128,F04:91002:DIA02,1,A,45579742,725,648,72,720,32,5,1,205,262144,0
FINAL_20261010_01,2,F04,91002,R6,F04:91002:DIA02,1,B,45988806,56,55,1,56,32,0,0,102,262144,0
FINAL_20261010_01,2,F04,91002,R6,F04:91002:DIA02,2,B,45988806,56,55,1,56,32,0,0,102,262144,0
FINAL_20261010_01,2,F04,91002,M_FIXED_128,F04:91002:DIA02,2,A,45579742,725,648,72,720,32,5,1,205,262144,0
FINAL_20261010_01,2,F04,91002,Original,F04:91002:P01,1,A,NA,0,NA,NA,NA,NA,0,NA,NA,262144,NA
FINAL_20261010_01,2,F04,91002,M_LIST,F04:91002:P01,1,B,NA,0,0,0,0,0,0,0,0,262144,0
FINAL_20261010_01,2,F04,91002,M_LIST,F04:91002:P01,2,B,NA,0,0,0,0,0,0,0,0,262144,0
FINAL_20261010_01,2,F04,91002,Original,F04:91002:P01,2,A,NA,0,NA,NA,NA,NA,0,NA,NA,262144,NA
FINAL_20261010_01,2,F04,91002,M_LIST,F04:91002:P02,1,A,NA,0,0,0,0,0,0,0,0,262144,0
FINAL_20261010_01,2,F04,91002,M_OBSERVE_LIST,F04:91002:P02,1,B,56778850,0,0,0,0,0,0,0,0,262144,0
FINAL_20261010_01,2,F04,91002,M_OBSERVE_LIST,F04:91002:P02,2,B,56778850,0,0,0,0,0,0,0,0,262144,0
FINAL_20261010_01,2,F04,91002,M_LIST,F04:91002:P02,2,A,NA,0,0,0,0,0,0,0,0,262144,0
FINAL_20261010_01,2,F04,91002,M_LIST,F04:91002:P03,1,A,NA,0,0,0,0,0,0,0,0,262144,0
FINAL_20261010_01,2,F04,91002,R6,F04:91002:P03,1,B,45988806,56,55,1,56,32,0,0,102,262144,0
FINAL_20261010_01,2,F04,91002,R6,F04:91002:P03,2,B,45988806,56,55,1,56,32,0,0,102,262144,0
FINAL_20261010_01,2,F04,91002,M_LIST,F04:91002:P03,2,A,NA,0,0,0,0,0,0,0,0,262144,0
FINAL_20261010_01,2,F04,91002,M_OBSERVE_LIST,F04:91002:P04,1,A,56778850,0,0,0,0,0,0,0,0,262144,0
FINAL_20261010_01,2,F04,91002,R6,F04:91002:P04,1,B,45988806,56,55,1,56,32,0,0,102,262144,0
FINAL_20261010_01,2,F04,91002,R6,F04:91002:P04,2,B,45988806,56,55,1,56,32,0,0,102,262144,0
FINAL_20261010_01,2,F04,91002,M_OBSERVE_LIST,F04:91002:P04,2,A,56778850,0,0,0,0,0,0,0,0,262144,0
FINAL_20261010_01,2,F04,91002,Original,F04:91002:P05,1,A,NA,0,NA,NA,NA,NA,0,NA,NA,262144,NA
FINAL_20261010_01,2,F04,91002,R6,F04:91002:P05,1,B,45988806,56,55,1,56,32,0,0,102,262144,0
FINAL_20261010_01,2,F04,91002,R6,F04:91002:P05,2,B,45988806,56,55,1,56,32,0,0,102,262144,0
FINAL_20261010_01,2,F04,91002,Original,F04:91002:P05,2,A,NA,0,NA,NA,NA,NA,0,NA,NA,262144,NA
FINAL_20261010_01,2,F04,91002,M_EVENT_16,F04:91002:P06,1,A,41313490,48,47,1,48,32,0,0,174,262144,0
FINAL_20261010_01,2,F04,91002,R6,F04:91002:P06,1,B,45988806,56,55,1,56,32,0,0,102,262144,0
FINAL_20261010_01,2,F04,91002,R6,F04:91002:P06,2,B,45988806,56,55,1,56,32,0,0,102,262144,0
FINAL_20261010_01,2,F04,91002,M_EVENT_16,F04:91002:P06,2,A,41304580,48,47,1,48,32,0,0,174,262144,0
FINAL_20261010_01,2,F04,91002,M_FIXED_2048,F04:91002:P07,1,A,56778850,0,0,0,0,0,0,0,0,262144,0
FINAL_20261010_01,2,F04,91002,R6,F04:91002:P07,1,B,45988806,56,55,1,56,32,0,0,102,262144,0
FINAL_20261010_01,2,F04,91002,R6,F04:91002:P07,2,B,45988806,56,55,1,56,32,0,0,102,262144,0
FINAL_20261010_01,2,F04,91002,M_FIXED_2048,F04:91002:P07,2,A,56778850,0,0,0,0,0,0,0,0,262144,0
FINAL_20261010_01,2,F04,91002,M_NO_IDLE,F04:91002:P08,1,A,49502636,33,0,33,33,32,0,0,108,262144,0
FINAL_20261010_01,2,F04,91002,R6,F04:91002:P08,1,B,45988806,56,55,1,56,32,0,0,102,262144,0
FINAL_20261010_01,2,F04,91002,R6,F04:91002:P08,2,B,45988806,56,55,1,56,32,0,0,102,262144,0
FINAL_20261010_01,2,F04,91002,M_NO_IDLE,F04:91002:P08,2,A,49502636,33,0,33,33,32,0,0,108,262144,0
FINAL_20261010_01,2,F04,91003,M_EVENT_16,F04:91003:DIA01,1,A,45839912,47,46,1,47,32,0,0,177,262144,0
FINAL_20261010_01,2,F04,91003,R6,F04:91003:DIA01,1,B,50270156,58,58,0,58,32,0,0,123,262144,0
FINAL_20261010_01,2,F04,91003,R6,F04:91003:DIA01,2,B,50270156,58,58,0,58,32,0,0,123,262144,0
FINAL_20261010_01,2,F04,91003,M_EVENT_16,F04:91003:DIA01,2,A,45895378,46,45,1,46,32,0,0,178,262144,0
FINAL_20261010_01,2,F04,91003,M_FIXED_128,F04:91003:DIA02,1,A,46387778,709,633,74,707,32,2,0,200,262144,0
FINAL_20261010_01,2,F04,91003,R6,F04:91003:DIA02,1,B,50270156,58,58,0,58,32,0,0,123,262144,0
FINAL_20261010_01,2,F04,91003,R6,F04:91003:DIA02,2,B,50270156,58,58,0,58,32,0,0,123,262144,0
FINAL_20261010_01,2,F04,91003,M_FIXED_128,F04:91003:DIA02,2,A,46387778,709,633,74,707,32,2,0,200,262144,0
FINAL_20261010_01,2,F04,91003,Original,F04:91003:P01,1,A,NA,0,NA,NA,NA,NA,0,NA,NA,262144,NA
FINAL_20261010_01,2,F04,91003,M_LIST,F04:91003:P01,1,B,NA,0,0,0,0,0,0,0,0,262144,0
FINAL_20261010_01,2,F04,91003,M_LIST,F04:91003:P01,2,B,NA,0,0,0,0,0,0,0,0,262144,0
FINAL_20261010_01,2,F04,91003,Original,F04:91003:P01,2,A,NA,0,NA,NA,NA,NA,0,NA,NA,262144,NA
FINAL_20261010_01,2,F04,91003,M_LIST,F04:91003:P02,1,A,NA,0,0,0,0,0,0,0,0,262144,0
FINAL_20261010_01,2,F04,91003,M_OBSERVE_LIST,F04:91003:P02,1,B,57791838,0,0,0,0,0,0,0,0,262144,0
FINAL_20261010_01,2,F04,91003,M_OBSERVE_LIST,F04:91003:P02,2,B,57791838,0,0,0,0,0,0,0,0,262144,0
FINAL_20261010_01,2,F04,91003,M_LIST,F04:91003:P02,2,A,NA,0,0,0,0,0,0,0,0,262144,0
FINAL_20261010_01,2,F04,91003,M_LIST,F04:91003:P03,1,A,NA,0,0,0,0,0,0,0,0,262144,0
FINAL_20261010_01,2,F04,91003,R6,F04:91003:P03,1,B,50270156,58,58,0,58,32,0,0,123,262144,0
FINAL_20261010_01,2,F04,91003,R6,F04:91003:P03,2,B,50270156,58,58,0,58,32,0,0,123,262144,0
FINAL_20261010_01,2,F04,91003,M_LIST,F04:91003:P03,2,A,NA,0,0,0,0,0,0,0,0,262144,0
FINAL_20261010_01,2,F04,91003,M_OBSERVE_LIST,F04:91003:P04,1,A,57791838,0,0,0,0,0,0,0,0,262144,0
FINAL_20261010_01,2,F04,91003,R6,F04:91003:P04,1,B,50270156,58,58,0,58,32,0,0,123,262144,0
FINAL_20261010_01,2,F04,91003,R6,F04:91003:P04,2,B,50270156,58,58,0,58,32,0,0,123,262144,0
FINAL_20261010_01,2,F04,91003,M_OBSERVE_LIST,F04:91003:P04,2,A,57791838,0,0,0,0,0,0,0,0,262144,0
FINAL_20261010_01,2,F04,91003,Original,F04:91003:P05,1,A,NA,0,NA,NA,NA,NA,0,NA,NA,262144,NA
FINAL_20261010_01,2,F04,91003,R6,F04:91003:P05,1,B,50270156,58,58,0,58,32,0,0,123,262144,0
FINAL_20261010_01,2,F04,91003,R6,F04:91003:P05,2,B,50270156,58,58,0,58,32,0,0,123,262144,0
FINAL_20261010_01,2,F04,91003,Original,F04:91003:P05,2,A,NA,0,NA,NA,NA,NA,0,NA,NA,262144,NA
FINAL_20261010_01,2,F04,91003,M_EVENT_16,F04:91003:P06,1,A,45895378,46,45,1,46,32,0,0,178,262144,0
FINAL_20261010_01,2,F04,91003,R6,F04:91003:P06,1,B,50270156,58,58,0,58,32,0,0,123,262144,0
FINAL_20261010_01,2,F04,91003,R6,F04:91003:P06,2,B,50270156,58,58,0,58,32,0,0,123,262144,0
FINAL_20261010_01,2,F04,91003,M_EVENT_16,F04:91003:P06,2,A,45839912,47,46,1,47,32,0,0,177,262144,0
FINAL_20261010_01,2,F04,91003,M_FIXED_2048,F04:91003:P07,1,A,57791838,0,0,0,0,0,0,0,0,262144,0
FINAL_20261010_01,2,F04,91003,R6,F04:91003:P07,1,B,50270156,58,58,0,58,32,0,0,123,262144,0
FINAL_20261010_01,2,F04,91003,R6,F04:91003:P07,2,B,50270156,58,58,0,58,32,0,0,123,262144,0
FINAL_20261010_01,2,F04,91003,M_FIXED_2048,F04:91003:P07,2,A,57791838,0,0,0,0,0,0,0,0,262144,0
FINAL_20261010_01,2,F04,91003,M_NO_IDLE,F04:91003:P08,1,A,50238780,32,0,32,32,32,0,0,129,262144,0
FINAL_20261010_01,2,F04,91003,R6,F04:91003:P08,1,B,50270156,58,58,0,58,32,0,0,123,262144,0
FINAL_20261010_01,2,F04,91003,R6,F04:91003:P08,2,B,50270156,58,58,0,58,32,0,0,123,262144,0
FINAL_20261010_01,2,F04,91003,M_NO_IDLE,F04:91003:P08,2,A,50238780,32,0,32,32,32,0,0,129,262144,0
FINAL_20261010_01,2,F04,91004,M_EVENT_16,F04:91004:DIA01,1,A,38585602,53,53,0,53,32,0,0,159,262144,0
FINAL_20261010_01,2,F04,91004,R6,F04:91004:DIA01,1,B,42436124,69,69,0,69,32,0,0,88,262144,0
FINAL_20261010_01,2,F04,91004,R6,F04:91004:DIA01,2,B,42436124,69,69,0,69,32,0,0,88,262144,0
FINAL_20261010_01,2,F04,91004,M_EVENT_16,F04:91004:DIA01,2,A,38622554,53,53,0,53,32,0,0,159,262144,0
FINAL_20261010_01,2,F04,91004,M_FIXED_128,F04:91004:DIA02,1,A,50604898,726,616,108,724,32,2,1,204,262144,0
FINAL_20261010_01,2,F04,91004,R6,F04:91004:DIA02,1,B,42436124,69,69,0,69,32,0,0,88,262144,0
FINAL_20261010_01,2,F04,91004,R6,F04:91004:DIA02,2,B,42436124,69,69,0,69,32,0,0,88,262144,0
FINAL_20261010_01,2,F04,91004,M_FIXED_128,F04:91004:DIA02,2,A,50604898,726,616,108,724,32,2,1,204,262144,0
FINAL_20261010_01,2,F04,91004,Original,F04:91004:P01,1,A,NA,0,NA,NA,NA,NA,0,NA,NA,262144,NA
FINAL_20261010_01,2,F04,91004,M_LIST,F04:91004:P01,1,B,NA,0,0,0,0,0,0,0,0,262144,0
FINAL_20261010_01,2,F04,91004,M_LIST,F04:91004:P01,2,B,NA,0,0,0,0,0,0,0,0,262144,0
FINAL_20261010_01,2,F04,91004,Original,F04:91004:P01,2,A,NA,0,NA,NA,NA,NA,0,NA,NA,262144,NA
FINAL_20261010_01,2,F04,91004,M_LIST,F04:91004:P02,1,A,NA,0,0,0,0,0,0,0,0,262144,0
FINAL_20261010_01,2,F04,91004,M_OBSERVE_LIST,F04:91004:P02,1,B,62927260,0,0,0,0,0,0,0,0,262144,0
FINAL_20261010_01,2,F04,91004,M_OBSERVE_LIST,F04:91004:P02,2,B,62927260,0,0,0,0,0,0,0,0,262144,0
FINAL_20261010_01,2,F04,91004,M_LIST,F04:91004:P02,2,A,NA,0,0,0,0,0,0,0,0,262144,0
FINAL_20261010_01,2,F04,91004,M_LIST,F04:91004:P03,1,A,NA,0,0,0,0,0,0,0,0,262144,0
FINAL_20261010_01,2,F04,91004,R6,F04:91004:P03,1,B,42436124,69,69,0,69,32,0,0,88,262144,0
FINAL_20261010_01,2,F04,91004,R6,F04:91004:P03,2,B,42436124,69,69,0,69,32,0,0,88,262144,0
FINAL_20261010_01,2,F04,91004,M_LIST,F04:91004:P03,2,A,NA,0,0,0,0,0,0,0,0,262144,0
FINAL_20261010_01,2,F04,91004,M_OBSERVE_LIST,F04:91004:P04,1,A,62927260,0,0,0,0,0,0,0,0,262144,0
FINAL_20261010_01,2,F04,91004,R6,F04:91004:P04,1,B,42436124,69,69,0,69,32,0,0,88,262144,0
FINAL_20261010_01,2,F04,91004,R6,F04:91004:P04,2,B,42436124,69,69,0,69,32,0,0,88,262144,0
FINAL_20261010_01,2,F04,91004,M_OBSERVE_LIST,F04:91004:P04,2,A,62927260,0,0,0,0,0,0,0,0,262144,0
FINAL_20261010_01,2,F04,91004,Original,F04:91004:P05,1,A,NA,0,NA,NA,NA,NA,0,NA,NA,262144,NA
FINAL_20261010_01,2,F04,91004,R6,F04:91004:P05,1,B,42436124,69,69,0,69,32,0,0,88,262144,0
FINAL_20261010_01,2,F04,91004,R6,F04:91004:P05,2,B,42436124,69,69,0,69,32,0,0,88,262144,0
FINAL_20261010_01,2,F04,91004,Original,F04:91004:P05,2,A,NA,0,NA,NA,NA,NA,0,NA,NA,262144,NA
FINAL_20261010_01,2,F04,91004,M_EVENT_16,F04:91004:P06,1,A,38584640,53,53,0,53,32,0,0,159,262144,0
FINAL_20261010_01,2,F04,91004,R6,F04:91004:P06,1,B,42436124,69,69,0,69,32,0,0,88,262144,0
FINAL_20261010_01,2,F04,91004,R6,F04:91004:P06,2,B,42436124,69,69,0,69,32,0,0,88,262144,0
FINAL_20261010_01,2,F04,91004,M_EVENT_16,F04:91004:P06,2,A,38622554,53,53,0,53,32,0,0,159,262144,0
FINAL_20261010_01,2,F04,91004,M_FIXED_2048,F04:91004:P07,1,A,62927260,0,0,0,0,0,0,0,0,262144,0
FINAL_20261010_01,2,F04,91004,R6,F04:91004:P07,1,B,42436124,69,69,0,69,32,0,0,88,262144,0
FINAL_20261010_01,2,F04,91004,R6,F04:91004:P07,2,B,42436124,69,69,0,69,32,0,0,88,262144,0
FINAL_20261010_01,2,F04,91004,M_FIXED_2048,F04:91004:P07,2,A,62927260,0,0,0,0,0,0,0,0,262144,0
FINAL_20261010_01,2,F04,91004,M_NO_IDLE,F04:91004:P08,1,A,47434674,32,0,30,30,32,2,0,95,262144,0
FINAL_20261010_01,2,F04,91004,R6,F04:91004:P08,1,B,42436124,69,69,0,69,32,0,0,88,262144,0
FINAL_20261010_01,2,F04,91004,R6,F04:91004:P08,2,B,42436124,69,69,0,69,32,0,0,88,262144,0
FINAL_20261010_01,2,F04,91004,M_NO_IDLE,F04:91004:P08,2,A,47434674,32,0,30,30,32,2,0,95,262144,0
FINAL_20261010_01,2,F04,91005,M_EVENT_16,F04:91005:DIA01,1,A,47500016,47,46,1,47,32,0,0,163,262144,0
FINAL_20261010_01,2,F04,91005,R6,F04:91005:DIA01,1,B,51921448,66,64,2,66,32,0,0,110,262144,0
FINAL_20261010_01,2,F04,91005,R6,F04:91005:DIA01,2,B,51921448,66,64,2,66,32,0,0,110,262144,0
FINAL_20261010_01,2,F04,91005,M_EVENT_16,F04:91005:DIA01,2,A,47500016,47,46,1,47,32,0,0,163,262144,0
FINAL_20261010_01,2,F04,91005,M_FIXED_128,F04:91005:DIA02,1,A,54148510,722,631,86,717,32,5,1,186,262144,0
FINAL_20261010_01,2,F04,91005,R6,F04:91005:DIA02,1,B,51921448,66,64,2,66,32,0,0,110,262144,0
FINAL_20261010_01,2,F04,91005,R6,F04:91005:DIA02,2,B,51921448,66,64,2,66,32,0,0,110,262144,0
FINAL_20261010_01,2,F04,91005,M_FIXED_128,F04:91005:DIA02,2,A,54148510,722,631,86,717,32,5,1,186,262144,0
FINAL_20261010_01,2,F04,91005,Original,F04:91005:P01,1,A,NA,0,NA,NA,NA,NA,0,NA,NA,262144,NA
FINAL_20261010_01,2,F04,91005,M_LIST,F04:91005:P01,1,B,NA,0,0,0,0,0,0,0,0,262144,0
FINAL_20261010_01,2,F04,91005,M_LIST,F04:91005:P01,2,B,NA,0,0,0,0,0,0,0,0,262144,0
FINAL_20261010_01,2,F04,91005,Original,F04:91005:P01,2,A,NA,0,NA,NA,NA,NA,0,NA,NA,262144,NA
FINAL_20261010_01,2,F04,91005,M_LIST,F04:91005:P02,1,A,NA,0,0,0,0,0,0,0,0,262144,0
FINAL_20261010_01,2,F04,91005,M_OBSERVE_LIST,F04:91005:P02,1,B,66664906,0,0,0,0,0,0,0,0,262144,0
FINAL_20261010_01,2,F04,91005,M_OBSERVE_LIST,F04:91005:P02,2,B,66664906,0,0,0,0,0,0,0,0,262144,0
FINAL_20261010_01,2,F04,91005,M_LIST,F04:91005:P02,2,A,NA,0,0,0,0,0,0,0,0,262144,0
FINAL_20261010_01,2,F04,91005,M_LIST,F04:91005:P03,1,A,NA,0,0,0,0,0,0,0,0,262144,0
FINAL_20261010_01,2,F04,91005,R6,F04:91005:P03,1,B,51921448,66,64,2,66,32,0,0,110,262144,0
FINAL_20261010_01,2,F04,91005,R6,F04:91005:P03,2,B,51921448,66,64,2,66,32,0,0,110,262144,0
FINAL_20261010_01,2,F04,91005,M_LIST,F04:91005:P03,2,A,NA,0,0,0,0,0,0,0,0,262144,0
FINAL_20261010_01,2,F04,91005,M_OBSERVE_LIST,F04:91005:P04,1,A,66664906,0,0,0,0,0,0,0,0,262144,0
FINAL_20261010_01,2,F04,91005,R6,F04:91005:P04,1,B,51921448,66,64,2,66,32,0,0,110,262144,0
FINAL_20261010_01,2,F04,91005,R6,F04:91005:P04,2,B,51921448,66,64,2,66,32,0,0,110,262144,0
FINAL_20261010_01,2,F04,91005,M_OBSERVE_LIST,F04:91005:P04,2,A,66664906,0,0,0,0,0,0,0,0,262144,0
FINAL_20261010_01,2,F04,91005,Original,F04:91005:P05,1,A,NA,0,NA,NA,NA,NA,0,NA,NA,262144,NA
FINAL_20261010_01,2,F04,91005,R6,F04:91005:P05,1,B,51921448,66,64,2,66,32,0,0,110,262144,0
FINAL_20261010_01,2,F04,91005,R6,F04:91005:P05,2,B,51921448,66,64,2,66,32,0,0,110,262144,0
FINAL_20261010_01,2,F04,91005,Original,F04:91005:P05,2,A,NA,0,NA,NA,NA,NA,0,NA,NA,262144,NA
FINAL_20261010_01,2,F04,91005,M_EVENT_16,F04:91005:P06,1,A,47473022,47,46,1,47,32,0,0,163,262144,0
FINAL_20261010_01,2,F04,91005,R6,F04:91005:P06,1,B,51921448,66,64,2,66,32,0,0,110,262144,0
FINAL_20261010_01,2,F04,91005,R6,F04:91005:P06,2,B,51921448,66,64,2,66,32,0,0,110,262144,0
FINAL_20261010_01,2,F04,91005,M_EVENT_16,F04:91005:P06,2,A,47473022,47,46,1,47,32,0,0,163,262144,0
FINAL_20261010_01,2,F04,91005,M_FIXED_2048,F04:91005:P07,1,A,66664906,0,0,0,0,0,0,0,0,262144,0
FINAL_20261010_01,2,F04,91005,R6,F04:91005:P07,1,B,51921448,66,64,2,66,32,0,0,110,262144,0
FINAL_20261010_01,2,F04,91005,R6,F04:91005:P07,2,B,51921448,66,64,2,66,32,0,0,110,262144,0
FINAL_20261010_01,2,F04,91005,M_FIXED_2048,F04:91005:P07,2,A,66664906,0,0,0,0,0,0,0,0,262144,0
FINAL_20261010_01,2,F04,91005,M_NO_IDLE,F04:91005:P08,1,A,52519476,32,0,31,31,32,1,0,118,262144,0
FINAL_20261010_01,2,F04,91005,R6,F04:91005:P08,1,B,51921448,66,64,2,66,32,0,0,110,262144,0
FINAL_20261010_01,2,F04,91005,R6,F04:91005:P08,2,B,51921448,66,64,2,66,32,0,0,110,262144,0
FINAL_20261010_01,2,F04,91005,M_NO_IDLE,F04:91005:P08,2,A,52519476,32,0,31,31,32,1,0,118,262144,0
FINAL_20261010_01,2,F04,91006,M_EVENT_16,F04:91006:DIA01,1,A,46338316,49,48,1,49,32,0,0,178,262144,0
FINAL_20261010_01,2,F04,91006,R6,F04:91006:DIA01,1,B,50421176,56,56,0,56,32,0,0,124,262144,0
FINAL_20261010_01,2,F04,91006,R6,F04:91006:DIA01,2,B,50421176,56,56,0,56,32,0,0,124,262144,0
FINAL_20261010_01,2,F04,91006,M_EVENT_16,F04:91006:DIA01,2,A,46334890,49,48,1,49,32,0,0,178,262144,0
FINAL_20261010_01,2,F04,91006,M_FIXED_128,F04:91006:DIA02,1,A,56108570,717,621,91,712,32,5,2,195,262144,0
FINAL_20261010_01,2,F04,91006,R6,F04:91006:DIA02,1,B,50421176,56,56,0,56,32,0,0,124,262144,0
FINAL_20261010_01,2,F04,91006,R6,F04:91006:DIA02,2,B,50421176,56,56,0,56,32,0,0,124,262144,0
FINAL_20261010_01,2,F04,91006,M_FIXED_128,F04:91006:DIA02,2,A,56108570,717,621,91,712,32,5,2,195,262144,0
FINAL_20261010_01,2,F04,91006,Original,F04:91006:P01,1,A,NA,0,NA,NA,NA,NA,0,NA,NA,262144,NA
FINAL_20261010_01,2,F04,91006,M_LIST,F04:91006:P01,1,B,NA,0,0,0,0,0,0,0,0,262144,0
FINAL_20261010_01,2,F04,91006,M_LIST,F04:91006:P01,2,B,NA,0,0,0,0,0,0,0,0,262144,0
FINAL_20261010_01,2,F04,91006,Original,F04:91006:P01,2,A,NA,0,NA,NA,NA,NA,0,NA,NA,262144,NA
FINAL_20261010_01,2,F04,91006,M_LIST,F04:91006:P02,1,A,NA,0,0,0,0,0,0,0,0,262144,0
FINAL_20261010_01,2,F04,91006,M_OBSERVE_LIST,F04:91006:P02,1,B,68231648,0,0,0,0,0,0,0,0,262144,0
FINAL_20261010_01,2,F04,91006,M_OBSERVE_LIST,F04:91006:P02,2,B,68231648,0,0,0,0,0,0,0,0,262144,0
FINAL_20261010_01,2,F04,91006,M_LIST,F04:91006:P02,2,A,NA,0,0,0,0,0,0,0,0,262144,0
FINAL_20261010_01,2,F04,91006,M_LIST,F04:91006:P03,1,A,NA,0,0,0,0,0,0,0,0,262144,0
FINAL_20261010_01,2,F04,91006,R6,F04:91006:P03,1,B,50421176,56,56,0,56,32,0,0,124,262144,0
FINAL_20261010_01,2,F04,91006,R6,F04:91006:P03,2,B,50421176,56,56,0,56,32,0,0,124,262144,0
FINAL_20261010_01,2,F04,91006,M_LIST,F04:91006:P03,2,A,NA,0,0,0,0,0,0,0,0,262144,0
FINAL_20261010_01,2,F04,91006,M_OBSERVE_LIST,F04:91006:P04,1,A,68231648,0,0,0,0,0,0,0,0,262144,0
FINAL_20261010_01,2,F04,91006,R6,F04:91006:P04,1,B,50421176,56,56,0,56,32,0,0,124,262144,0
FINAL_20261010_01,2,F04,91006,R6,F04:91006:P04,2,B,50421176,56,56,0,56,32,0,0,124,262144,0
FINAL_20261010_01,2,F04,91006,M_OBSERVE_LIST,F04:91006:P04,2,A,68231648,0,0,0,0,0,0,0,0,262144,0
FINAL_20261010_01,2,F04,91006,Original,F04:91006:P05,1,A,NA,0,NA,NA,NA,NA,0,NA,NA,262144,NA
FINAL_20261010_01,2,F04,91006,R6,F04:91006:P05,1,B,50421176,56,56,0,56,32,0,0,124,262144,0
FINAL_20261010_01,2,F04,91006,R6,F04:91006:P05,2,B,50421176,56,56,0,56,32,0,0,124,262144,0
FINAL_20261010_01,2,F04,91006,Original,F04:91006:P05,2,A,NA,0,NA,NA,NA,NA,0,NA,NA,262144,NA
FINAL_20261010_01,2,F04,91006,M_EVENT_16,F04:91006:P06,1,A,46278170,48,47,1,48,32,0,0,178,262144,0
FINAL_20261010_01,2,F04,91006,R6,F04:91006:P06,1,B,50421176,56,56,0,56,32,0,0,124,262144,0
FINAL_20261010_01,2,F04,91006,R6,F04:91006:P06,2,B,50421176,56,56,0,56,32,0,0,124,262144,0
FINAL_20261010_01,2,F04,91006,M_EVENT_16,F04:91006:P06,2,A,46275176,48,47,1,48,32,0,0,178,262144,0
FINAL_20261010_01,2,F04,91006,M_FIXED_2048,F04:91006:P07,1,A,68231648,0,0,0,0,0,0,0,0,262144,0
FINAL_20261010_01,2,F04,91006,R6,F04:91006:P07,1,B,50421176,56,56,0,56,32,0,0,124,262144,0
FINAL_20261010_01,2,F04,91006,R6,F04:91006:P07,2,B,50421176,56,56,0,56,32,0,0,124,262144,0
FINAL_20261010_01,2,F04,91006,M_FIXED_2048,F04:91006:P07,2,A,68231648,0,0,0,0,0,0,0,0,262144,0
FINAL_20261010_01,2,F04,91006,M_NO_IDLE,F04:91006:P08,1,A,50146704,32,0,31,31,32,1,0,124,262144,0
FINAL_20261010_01,2,F04,91006,R6,F04:91006:P08,1,B,50421176,56,56,0,56,32,0,0,124,262144,0
FINAL_20261010_01,2,F04,91006,R6,F04:91006:P08,2,B,50421176,56,56,0,56,32,0,0,124,262144,0
FINAL_20261010_01,2,F04,91006,M_NO_IDLE,F04:91006:P08,2,A,50146704,32,0,31,31,32,1,0,124,262144,0
FINAL_20261010_01,2,F04,91007,M_EVENT_16,F04:91007:DIA01,1,A,39472750,51,50,1,51,32,0,0,168,262144,0
FINAL_20261010_01,2,F04,91007,R6,F04:91007:DIA01,1,B,42518668,63,63,0,63,32,0,0,95,262144,0
FINAL_20261010_01,2,F04,91007,R6,F04:91007:DIA01,2,B,42518668,63,63,0,63,32,0,0,95,262144,0
FINAL_20261010_01,2,F04,91007,M_EVENT_16,F04:91007:DIA01,2,A,39472866,51,50,1,51,32,0,0,168,262144,0
FINAL_20261010_01,2,F04,91007,M_FIXED_128,F04:91007:DIA02,1,A,43072086,731,608,120,728,32,3,1,217,262144,0
FINAL_20261010_01,2,F04,91007,R6,F04:91007:DIA02,1,B,42518668,63,63,0,63,32,0,0,95,262144,0
FINAL_20261010_01,2,F04,91007,R6,F04:91007:DIA02,2,B,42518668,63,63,0,63,32,0,0,95,262144,0
FINAL_20261010_01,2,F04,91007,M_FIXED_128,F04:91007:DIA02,2,A,43072086,731,608,120,728,32,3,1,217,262144,0
FINAL_20261010_01,2,F04,91007,Original,F04:91007:P01,1,A,NA,0,NA,NA,NA,NA,0,NA,NA,262144,NA
FINAL_20261010_01,2,F04,91007,M_LIST,F04:91007:P01,1,B,NA,0,0,0,0,0,0,0,0,262144,0
FINAL_20261010_01,2,F04,91007,M_LIST,F04:91007:P01,2,B,NA,0,0,0,0,0,0,0,0,262144,0
FINAL_20261010_01,2,F04,91007,Original,F04:91007:P01,2,A,NA,0,NA,NA,NA,NA,0,NA,NA,262144,NA
FINAL_20261010_01,2,F04,91007,M_LIST,F04:91007:P02,1,A,NA,0,0,0,0,0,0,0,0,262144,0
FINAL_20261010_01,2,F04,91007,M_OBSERVE_LIST,F04:91007:P02,1,B,54134008,0,0,0,0,0,0,0,0,262144,0
FINAL_20261010_01,2,F04,91007,M_OBSERVE_LIST,F04:91007:P02,2,B,54134008,0,0,0,0,0,0,0,0,262144,0
FINAL_20261010_01,2,F04,91007,M_LIST,F04:91007:P02,2,A,NA,0,0,0,0,0,0,0,0,262144,0
FINAL_20261010_01,2,F04,91007,M_LIST,F04:91007:P03,1,A,NA,0,0,0,0,0,0,0,0,262144,0
FINAL_20261010_01,2,F04,91007,R6,F04:91007:P03,1,B,42518668,63,63,0,63,32,0,0,95,262144,0
FINAL_20261010_01,2,F04,91007,R6,F04:91007:P03,2,B,42518668,63,63,0,63,32,0,0,95,262144,0
FINAL_20261010_01,2,F04,91007,M_LIST,F04:91007:P03,2,A,NA,0,0,0,0,0,0,0,0,262144,0
FINAL_20261010_01,2,F04,91007,M_OBSERVE_LIST,F04:91007:P04,1,A,54134008,0,0,0,0,0,0,0,0,262144,0
FINAL_20261010_01,2,F04,91007,R6,F04:91007:P04,1,B,42518668,63,63,0,63,32,0,0,95,262144,0
FINAL_20261010_01,2,F04,91007,R6,F04:91007:P04,2,B,42518668,63,63,0,63,32,0,0,95,262144,0
FINAL_20261010_01,2,F04,91007,M_OBSERVE_LIST,F04:91007:P04,2,A,54134008,0,0,0,0,0,0,0,0,262144,0
FINAL_20261010_01,2,F04,91007,Original,F04:91007:P05,1,A,NA,0,NA,NA,NA,NA,0,NA,NA,262144,NA
FINAL_20261010_01,2,F04,91007,R6,F04:91007:P05,1,B,42518668,63,63,0,63,32,0,0,95,262144,0
FINAL_20261010_01,2,F04,91007,R6,F04:91007:P05,2,B,42518668,63,63,0,63,32,0,0,95,262144,0
FINAL_20261010_01,2,F04,91007,Original,F04:91007:P05,2,A,NA,0,NA,NA,NA,NA,0,NA,NA,262144,NA
FINAL_20261010_01,2,F04,91007,M_EVENT_16,F04:91007:P06,1,A,39472866,51,50,1,51,32,0,0,168,262144,0
FINAL_20261010_01,2,F04,91007,R6,F04:91007:P06,1,B,42518668,63,63,0,63,32,0,0,95,262144,0
FINAL_20261010_01,2,F04,91007,R6,F04:91007:P06,2,B,42518668,63,63,0,63,32,0,0,95,262144,0
FINAL_20261010_01,2,F04,91007,M_EVENT_16,F04:91007:P06,2,A,39472750,51,50,1,51,32,0,0,168,262144,0
FINAL_20261010_01,2,F04,91007,M_FIXED_2048,F04:91007:P07,1,A,54134008,0,0,0,0,0,0,0,0,262144,0
FINAL_20261010_01,2,F04,91007,R6,F04:91007:P07,1,B,42518668,63,63,0,63,32,0,0,95,262144,0
FINAL_20261010_01,2,F04,91007,R6,F04:91007:P07,2,B,42518668,63,63,0,63,32,0,0,95,262144,0
FINAL_20261010_01,2,F04,91007,M_FIXED_2048,F04:91007:P07,2,A,54134008,0,0,0,0,0,0,0,0,262144,0
FINAL_20261010_01,2,F04,91007,M_NO_IDLE,F04:91007:P08,1,A,48666440,32,0,32,32,32,0,0,104,262144,0
FINAL_20261010_01,2,F04,91007,R6,F04:91007:P08,1,B,42518668,63,63,0,63,32,0,0,95,262144,0
FINAL_20261010_01,2,F04,91007,R6,F04:91007:P08,2,B,42518668,63,63,0,63,32,0,0,95,262144,0
FINAL_20261010_01,2,F04,91007,M_NO_IDLE,F04:91007:P08,2,A,48666440,32,0,32,32,32,0,0,104,262144,0
FINAL_20261010_01,2,F04,91008,M_EVENT_16,F04:91008:DIA01,1,A,47048476,52,50,2,52,32,0,0,172,262144,0
FINAL_20261010_01,2,F04,91008,R6,F04:91008:DIA01,1,B,51828824,62,61,1,62,32,0,0,122,262144,0
FINAL_20261010_01,2,F04,91008,R6,F04:91008:DIA01,2,B,51828824,62,61,1,62,32,0,0,122,262144,0
FINAL_20261010_01,2,F04,91008,M_EVENT_16,F04:91008:DIA01,2,A,47065400,51,49,2,51,32,0,0,172,262144,0
FINAL_20261010_01,2,F04,91008,M_FIXED_128,F04:91008:DIA02,1,A,50542220,711,632,77,709,32,2,0,197,262144,0
FINAL_20261010_01,2,F04,91008,R6,F04:91008:DIA02,1,B,51828824,62,61,1,62,32,0,0,122,262144,0
FINAL_20261010_01,2,F04,91008,R6,F04:91008:DIA02,2,B,51828824,62,61,1,62,32,0,0,122,262144,0
FINAL_20261010_01,2,F04,91008,M_FIXED_128,F04:91008:DIA02,2,A,50542220,711,632,77,709,32,2,0,197,262144,0
FINAL_20261010_01,2,F04,91008,Original,F04:91008:P01,1,A,NA,0,NA,NA,NA,NA,0,NA,NA,262144,NA
FINAL_20261010_01,2,F04,91008,M_LIST,F04:91008:P01,1,B,NA,0,0,0,0,0,0,0,0,262144,0
FINAL_20261010_01,2,F04,91008,M_LIST,F04:91008:P01,2,B,NA,0,0,0,0,0,0,0,0,262144,0
FINAL_20261010_01,2,F04,91008,Original,F04:91008:P01,2,A,NA,0,NA,NA,NA,NA,0,NA,NA,262144,NA
FINAL_20261010_01,2,F04,91008,M_LIST,F04:91008:P02,1,A,NA,0,0,0,0,0,0,0,0,262144,0
FINAL_20261010_01,2,F04,91008,M_OBSERVE_LIST,F04:91008:P02,1,B,62292578,0,0,0,0,0,0,0,0,262144,0
FINAL_20261010_01,2,F04,91008,M_OBSERVE_LIST,F04:91008:P02,2,B,62292578,0,0,0,0,0,0,0,0,262144,0
FINAL_20261010_01,2,F04,91008,M_LIST,F04:91008:P02,2,A,NA,0,0,0,0,0,0,0,0,262144,0
FINAL_20261010_01,2,F04,91008,M_LIST,F04:91008:P03,1,A,NA,0,0,0,0,0,0,0,0,262144,0
FINAL_20261010_01,2,F04,91008,R6,F04:91008:P03,1,B,51828824,62,61,1,62,32,0,0,122,262144,0
FINAL_20261010_01,2,F04,91008,R6,F04:91008:P03,2,B,51828824,62,61,1,62,32,0,0,122,262144,0
FINAL_20261010_01,2,F04,91008,M_LIST,F04:91008:P03,2,A,NA,0,0,0,0,0,0,0,0,262144,0
FINAL_20261010_01,2,F04,91008,M_OBSERVE_LIST,F04:91008:P04,1,A,62292578,0,0,0,0,0,0,0,0,262144,0
FINAL_20261010_01,2,F04,91008,R6,F04:91008:P04,1,B,51828824,62,61,1,62,32,0,0,122,262144,0
FINAL_20261010_01,2,F04,91008,R6,F04:91008:P04,2,B,51828824,62,61,1,62,32,0,0,122,262144,0
FINAL_20261010_01,2,F04,91008,M_OBSERVE_LIST,F04:91008:P04,2,A,62292578,0,0,0,0,0,0,0,0,262144,0
FINAL_20261010_01,2,F04,91008,Original,F04:91008:P05,1,A,NA,0,NA,NA,NA,NA,0,NA,NA,262144,NA
FINAL_20261010_01,2,F04,91008,R6,F04:91008:P05,1,B,51828824,62,61,1,62,32,0,0,122,262144,0
FINAL_20261010_01,2,F04,91008,R6,F04:91008:P05,2,B,51828824,62,61,1,62,32,0,0,122,262144,0
FINAL_20261010_01,2,F04,91008,Original,F04:91008:P05,2,A,NA,0,NA,NA,NA,NA,0,NA,NA,262144,NA
FINAL_20261010_01,2,F04,91008,M_EVENT_16,F04:91008:P06,1,A,47082448,53,51,2,53,32,0,0,172,262144,0
FINAL_20261010_01,2,F04,91008,R6,F04:91008:P06,1,B,51828824,62,61,1,62,32,0,0,122,262144,0
FINAL_20261010_01,2,F04,91008,R6,F04:91008:P06,2,B,51828824,62,61,1,62,32,0,0,122,262144,0
FINAL_20261010_01,2,F04,91008,M_EVENT_16,F04:91008:P06,2,A,47082448,53,51,2,53,32,0,0,172,262144,0
FINAL_20261010_01,2,F04,91008,M_FIXED_2048,F04:91008:P07,1,A,62292578,0,0,0,0,0,0,0,0,262144,0
FINAL_20261010_01,2,F04,91008,R6,F04:91008:P07,1,B,51828824,62,61,1,62,32,0,0,122,262144,0
FINAL_20261010_01,2,F04,91008,R6,F04:91008:P07,2,B,51828824,62,61,1,62,32,0,0,122,262144,0
FINAL_20261010_01,2,F04,91008,M_FIXED_2048,F04:91008:P07,2,A,62292578,0,0,0,0,0,0,0,0,262144,0
FINAL_20261010_01,2,F04,91008,M_NO_IDLE,F04:91008:P08,1,A,54106964,32,0,32,32,32,0,0,126,262144,0
FINAL_20261010_01,2,F04,91008,R6,F04:91008:P08,1,B,51828824,62,61,1,62,32,0,0,122,262144,0
FINAL_20261010_01,2,F04,91008,R6,F04:91008:P08,2,B,51828824,62,61,1,62,32,0,0,122,262144,0
FINAL_20261010_01,2,F04,91008,M_NO_IDLE,F04:91008:P08,2,A,54106964,32,0,32,32,32,0,0,126,262144,0
FINAL_20261010_01,2,F04,91009,M_EVENT_16,F04:91009:DIA01,1,A,41872712,48,48,0,48,32,0,0,189,262144,0
FINAL_20261010_01,2,F04,91009,R6,F04:91009:DIA01,1,B,44934404,52,52,0,52,32,0,0,117,262144,0
FINAL_20261010_01,2,F04,91009,R6,F04:91009:DIA01,2,B,44934404,52,52,0,52,32,0,0,117,262144,0
FINAL_20261010_01,2,F04,91009,M_EVENT_16,F04:91009:DIA01,2,A,41924924,47,47,0,47,32,0,0,189,262144,0
FINAL_20261010_01,2,F04,91009,M_FIXED_128,F04:91009:DIA02,1,A,50756144,697,602,93,695,32,2,0,217,262144,0
FINAL_20261010_01,2,F04,91009,R6,F04:91009:DIA02,1,B,44934404,52,52,0,52,32,0,0,117,262144,0
FINAL_20261010_01,2,F04,91009,R6,F04:91009:DIA02,2,B,44934404,52,52,0,52,32,0,0,117,262144,0
FINAL_20261010_01,2,F04,91009,M_FIXED_128,F04:91009:DIA02,2,A,50734080,700,605,93,698,32,2,0,217,262144,0
FINAL_20261010_01,2,F04,91009,Original,F04:91009:P01,1,A,NA,0,NA,NA,NA,NA,0,NA,NA,262144,NA
FINAL_20261010_01,2,F04,91009,M_LIST,F04:91009:P01,1,B,NA,0,0,0,0,0,0,0,0,262144,0
FINAL_20261010_01,2,F04,91009,M_LIST,F04:91009:P01,2,B,NA,0,0,0,0,0,0,0,0,262144,0
FINAL_20261010_01,2,F04,91009,Original,F04:91009:P01,2,A,NA,0,NA,NA,NA,NA,0,NA,NA,262144,NA
FINAL_20261010_01,2,F04,91009,M_LIST,F04:91009:P02,1,A,NA,0,0,0,0,0,0,0,0,262144,0
FINAL_20261010_01,2,F04,91009,M_OBSERVE_LIST,F04:91009:P02,1,B,61142212,0,0,0,0,0,0,0,0,262144,0
FINAL_20261010_01,2,F04,91009,M_OBSERVE_LIST,F04:91009:P02,2,B,61142212,0,0,0,0,0,0,0,0,262144,0
FINAL_20261010_01,2,F04,91009,M_LIST,F04:91009:P02,2,A,NA,0,0,0,0,0,0,0,0,262144,0
FINAL_20261010_01,2,F04,91009,M_LIST,F04:91009:P03,1,A,NA,0,0,0,0,0,0,0,0,262144,0
FINAL_20261010_01,2,F04,91009,R6,F04:91009:P03,1,B,44934404,52,52,0,52,32,0,0,117,262144,0
FINAL_20261010_01,2,F04,91009,R6,F04:91009:P03,2,B,44934404,52,52,0,52,32,0,0,117,262144,0
FINAL_20261010_01,2,F04,91009,M_LIST,F04:91009:P03,2,A,NA,0,0,0,0,0,0,0,0,262144,0
FINAL_20261010_01,2,F04,91009,M_OBSERVE_LIST,F04:91009:P04,1,A,61142212,0,0,0,0,0,0,0,0,262144,0
FINAL_20261010_01,2,F04,91009,R6,F04:91009:P04,1,B,44934404,52,52,0,52,32,0,0,117,262144,0
FINAL_20261010_01,2,F04,91009,R6,F04:91009:P04,2,B,44934404,52,52,0,52,32,0,0,117,262144,0
FINAL_20261010_01,2,F04,91009,M_OBSERVE_LIST,F04:91009:P04,2,A,61142212,0,0,0,0,0,0,0,0,262144,0
FINAL_20261010_01,2,F04,91009,Original,F04:91009:P05,1,A,NA,0,NA,NA,NA,NA,0,NA,NA,262144,NA
FINAL_20261010_01,2,F04,91009,R6,F04:91009:P05,1,B,44934404,52,52,0,52,32,0,0,117,262144,0
FINAL_20261010_01,2,F04,91009,R6,F04:91009:P05,2,B,44934404,52,52,0,52,32,0,0,117,262144,0
FINAL_20261010_01,2,F04,91009,Original,F04:91009:P05,2,A,NA,0,NA,NA,NA,NA,0,NA,NA,262144,NA
FINAL_20261010_01,2,F04,91009,M_EVENT_16,F04:91009:P06,1,A,41924924,47,47,0,47,32,0,0,189,262144,0
FINAL_20261010_01,2,F04,91009,R6,F04:91009:P06,1,B,44934404,52,52,0,52,32,0,0,117,262144,0
FINAL_20261010_01,2,F04,91009,R6,F04:91009:P06,2,B,44934404,52,52,0,52,32,0,0,117,262144,0
FINAL_20261010_01,2,F04,91009,M_EVENT_16,F04:91009:P06,2,A,41872712,48,48,0,48,32,0,0,189,262144,0
FINAL_20261010_01,2,F04,91009,M_FIXED_2048,F04:91009:P07,1,A,61142212,0,0,0,0,0,0,0,0,262144,0
FINAL_20261010_01,2,F04,91009,R6,F04:91009:P07,1,B,44934404,52,52,0,52,32,0,0,117,262144,0
FINAL_20261010_01,2,F04,91009,R6,F04:91009:P07,2,B,44934404,52,52,0,52,32,0,0,117,262144,0
FINAL_20261010_01,2,F04,91009,M_FIXED_2048,F04:91009:P07,2,A,61142212,0,0,0,0,0,0,0,0,262144,0
FINAL_20261010_01,2,F04,91009,M_NO_IDLE,F04:91009:P08,1,A,44745570,32,0,31,31,32,1,0,121,262144,0
FINAL_20261010_01,2,F04,91009,R6,F04:91009:P08,1,B,44934404,52,52,0,52,32,0,0,117,262144,0
FINAL_20261010_01,2,F04,91009,R6,F04:91009:P08,2,B,44934404,52,52,0,52,32,0,0,117,262144,0
FINAL_20261010_01,2,F04,91009,M_NO_IDLE,F04:91009:P08,2,A,44745570,32,0,31,31,32,1,0,121,262144,0
FINAL_20261010_01,2,F04,91010,M_EVENT_16,F04:91010:DIA01,1,A,44026234,48,48,0,48,32,0,0,162,262144,0
FINAL_20261010_01,2,F04,91010,R6,F04:91010:DIA01,1,B,48952524,67,65,2,67,32,0,0,105,262144,0
FINAL_20261010_01,2,F04,91010,R6,F04:91010:DIA01,2,B,48952524,67,65,2,67,32,0,0,105,262144,0
FINAL_20261010_01,2,F04,91010,M_EVENT_16,F04:91010:DIA01,2,A,44025866,48,48,0,48,32,0,0,162,262144,0
FINAL_20261010_01,2,F04,91010,M_FIXED_128,F04:91010:DIA02,1,A,48667066,729,650,76,726,32,3,1,194,262144,0
FINAL_20261010_01,2,F04,91010,R6,F04:91010:DIA02,1,B,48952524,67,65,2,67,32,0,0,105,262144,0
FINAL_20261010_01,2,F04,91010,R6,F04:91010:DIA02,2,B,48952524,67,65,2,67,32,0,0,105,262144,0
FINAL_20261010_01,2,F04,91010,M_FIXED_128,F04:91010:DIA02,2,A,48667066,729,650,76,726,32,3,1,194,262144,0
FINAL_20261010_01,2,F04,91010,Original,F04:91010:P01,1,A,NA,0,NA,NA,NA,NA,0,NA,NA,262144,NA
FINAL_20261010_01,2,F04,91010,M_LIST,F04:91010:P01,1,B,NA,0,0,0,0,0,0,0,0,262144,0
FINAL_20261010_01,2,F04,91010,M_LIST,F04:91010:P01,2,B,NA,0,0,0,0,0,0,0,0,262144,0
FINAL_20261010_01,2,F04,91010,Original,F04:91010:P01,2,A,NA,0,NA,NA,NA,NA,0,NA,NA,262144,NA
FINAL_20261010_01,2,F04,91010,M_LIST,F04:91010:P02,1,A,NA,0,0,0,0,0,0,0,0,262144,0
FINAL_20261010_01,2,F04,91010,M_OBSERVE_LIST,F04:91010:P02,1,B,60838060,0,0,0,0,0,0,0,0,262144,0
FINAL_20261010_01,2,F04,91010,M_OBSERVE_LIST,F04:91010:P02,2,B,60838060,0,0,0,0,0,0,0,0,262144,0
FINAL_20261010_01,2,F04,91010,M_LIST,F04:91010:P02,2,A,NA,0,0,0,0,0,0,0,0,262144,0
FINAL_20261010_01,2,F04,91010,M_LIST,F04:91010:P03,1,A,NA,0,0,0,0,0,0,0,0,262144,0
FINAL_20261010_01,2,F04,91010,R6,F04:91010:P03,1,B,48952524,67,65,2,67,32,0,0,105,262144,0
FINAL_20261010_01,2,F04,91010,R6,F04:91010:P03,2,B,48952524,67,65,2,67,32,0,0,105,262144,0
FINAL_20261010_01,2,F04,91010,M_LIST,F04:91010:P03,2,A,NA,0,0,0,0,0,0,0,0,262144,0
FINAL_20261010_01,2,F04,91010,M_OBSERVE_LIST,F04:91010:P04,1,A,60838060,0,0,0,0,0,0,0,0,262144,0
FINAL_20261010_01,2,F04,91010,R6,F04:91010:P04,1,B,48952524,67,65,2,67,32,0,0,105,262144,0
FINAL_20261010_01,2,F04,91010,R6,F04:91010:P04,2,B,48952524,67,65,2,67,32,0,0,105,262144,0
FINAL_20261010_01,2,F04,91010,M_OBSERVE_LIST,F04:91010:P04,2,A,60838060,0,0,0,0,0,0,0,0,262144,0
FINAL_20261010_01,2,F04,91010,Original,F04:91010:P05,1,A,NA,0,NA,NA,NA,NA,0,NA,NA,262144,NA
FINAL_20261010_01,2,F04,91010,R6,F04:91010:P05,1,B,48952524,67,65,2,67,32,0,0,105,262144,0
FINAL_20261010_01,2,F04,91010,R6,F04:91010:P05,2,B,48952524,67,65,2,67,32,0,0,105,262144,0
FINAL_20261010_01,2,F04,91010,Original,F04:91010:P05,2,A,NA,0,NA,NA,NA,NA,0,NA,NA,262144,NA
FINAL_20261010_01,2,F04,91010,M_EVENT_16,F04:91010:P06,1,A,44041070,48,48,0,48,32,0,0,162,262144,0
FINAL_20261010_01,2,F04,91010,R6,F04:91010:P06,1,B,48952524,67,65,2,67,32,0,0,105,262144,0
FINAL_20261010_01,2,F04,91010,R6,F04:91010:P06,2,B,48952524,67,65,2,67,32,0,0,105,262144,0
FINAL_20261010_01,2,F04,91010,M_EVENT_16,F04:91010:P06,2,A,44025496,48,48,0,48,32,0,0,162,262144,0
FINAL_20261010_01,2,F04,91010,M_FIXED_2048,F04:91010:P07,1,A,60838060,0,0,0,0,0,0,0,0,262144,0
FINAL_20261010_01,2,F04,91010,R6,F04:91010:P07,1,B,48952524,67,65,2,67,32,0,0,105,262144,0
FINAL_20261010_01,2,F04,91010,R6,F04:91010:P07,2,B,48952524,67,65,2,67,32,0,0,105,262144,0
FINAL_20261010_01,2,F04,91010,M_FIXED_2048,F04:91010:P07,2,A,60838060,0,0,0,0,0,0,0,0,262144,0
FINAL_20261010_01,2,F04,91010,M_NO_IDLE,F04:91010:P08,1,A,54440534,32,0,32,32,32,0,0,114,262144,0
FINAL_20261010_01,2,F04,91010,R6,F04:91010:P08,1,B,48952524,67,65,2,67,32,0,0,105,262144,0
FINAL_20261010_01,2,F04,91010,R6,F04:91010:P08,2,B,48952524,67,65,2,67,32,0,0,105,262144,0
FINAL_20261010_01,2,F04,91010,M_NO_IDLE,F04:91010:P08,2,A,54440534,32,0,32,32,32,0,0,114,262144,0
FINAL_20261010_01,2,F05,91001,M_EVENT_16,F05:91001:DIA01,1,A,4092,1,0,0,0,1,1,0,1,8192,0
FINAL_20261010_01,2,F05,91001,R6,F05:91001:DIA01,1,B,66132,0,0,0,0,0,0,0,0,8192,0
FINAL_20261010_01,2,F05,91001,R6,F05:91001:DIA01,2,B,66132,0,0,0,0,0,0,0,0,8192,0
FINAL_20261010_01,2,F05,91001,M_EVENT_16,F05:91001:DIA01,2,A,4092,1,0,0,0,1,1,0,1,8192,0
FINAL_20261010_01,2,F05,91001,M_FIXED_128,F05:91001:DIA02,1,A,4092,1,0,0,0,1,1,0,1,8192,0
FINAL_20261010_01,2,F05,91001,R6,F05:91001:DIA02,1,B,66132,0,0,0,0,0,0,0,0,8192,0
FINAL_20261010_01,2,F05,91001,R6,F05:91001:DIA02,2,B,66132,0,0,0,0,0,0,0,0,8192,0
FINAL_20261010_01,2,F05,91001,M_FIXED_128,F05:91001:DIA02,2,A,4092,1,0,0,0,1,1,0,1,8192,0
FINAL_20261010_01,2,F05,91001,Original,F05:91001:P01,1,A,NA,0,NA,NA,NA,NA,0,NA,NA,8192,NA
FINAL_20261010_01,2,F05,91001,M_LIST,F05:91001:P01,1,B,NA,0,0,0,0,0,0,0,0,8192,0
FINAL_20261010_01,2,F05,91001,M_LIST,F05:91001:P01,2,B,NA,0,0,0,0,0,0,0,0,8192,0
FINAL_20261010_01,2,F05,91001,Original,F05:91001:P01,2,A,NA,0,NA,NA,NA,NA,0,NA,NA,8192,NA
FINAL_20261010_01,2,F05,91001,M_LIST,F05:91001:P02,1,A,NA,0,0,0,0,0,0,0,0,8192,0
FINAL_20261010_01,2,F05,91001,M_OBSERVE_LIST,F05:91001:P02,1,B,66132,0,0,0,0,0,0,0,0,8192,0
FINAL_20261010_01,2,F05,91001,M_OBSERVE_LIST,F05:91001:P02,2,B,66132,0,0,0,0,0,0,0,0,8192,0
FINAL_20261010_01,2,F05,91001,M_LIST,F05:91001:P02,2,A,NA,0,0,0,0,0,0,0,0,8192,0
FINAL_20261010_01,2,F05,91001,M_LIST,F05:91001:P03,1,A,NA,0,0,0,0,0,0,0,0,8192,0
FINAL_20261010_01,2,F05,91001,R6,F05:91001:P03,1,B,66132,0,0,0,0,0,0,0,0,8192,0
FINAL_20261010_01,2,F05,91001,R6,F05:91001:P03,2,B,66132,0,0,0,0,0,0,0,0,8192,0
FINAL_20261010_01,2,F05,91001,M_LIST,F05:91001:P03,2,A,NA,0,0,0,0,0,0,0,0,8192,0
FINAL_20261010_01,2,F05,91001,M_OBSERVE_LIST,F05:91001:P04,1,A,66132,0,0,0,0,0,0,0,0,8192,0
FINAL_20261010_01,2,F05,91001,R6,F05:91001:P04,1,B,66132,0,0,0,0,0,0,0,0,8192,0
FINAL_20261010_01,2,F05,91001,R6,F05:91001:P04,2,B,66132,0,0,0,0,0,0,0,0,8192,0
FINAL_20261010_01,2,F05,91001,M_OBSERVE_LIST,F05:91001:P04,2,A,66132,0,0,0,0,0,0,0,0,8192,0
FINAL_20261010_01,2,F05,91001,Original,F05:91001:P05,1,A,NA,0,NA,NA,NA,NA,0,NA,NA,8192,NA
FINAL_20261010_01,2,F05,91001,R6,F05:91001:P05,1,B,66132,0,0,0,0,0,0,0,0,8192,0
FINAL_20261010_01,2,F05,91001,R6,F05:91001:P05,2,B,66132,0,0,0,0,0,0,0,0,8192,0
FINAL_20261010_01,2,F05,91001,Original,F05:91001:P05,2,A,NA,0,NA,NA,NA,NA,0,NA,NA,8192,NA
FINAL_20261010_01,2,F05,91001,M_EVENT_16,F05:91001:P06,1,A,4092,1,0,0,0,1,1,0,1,8192,0
FINAL_20261010_01,2,F05,91001,R6,F05:91001:P06,1,B,66132,0,0,0,0,0,0,0,0,8192,0
FINAL_20261010_01,2,F05,91001,R6,F05:91001:P06,2,B,66132,0,0,0,0,0,0,0,0,8192,0
FINAL_20261010_01,2,F05,91001,M_EVENT_16,F05:91001:P06,2,A,4092,1,0,0,0,1,1,0,1,8192,0
FINAL_20261010_01,2,F05,91001,M_FIXED_2048,F05:91001:P07,1,A,4092,1,0,0,0,1,1,0,1,8192,0
FINAL_20261010_01,2,F05,91001,R6,F05:91001:P07,1,B,66132,0,0,0,0,0,0,0,0,8192,0
FINAL_20261010_01,2,F05,91001,R6,F05:91001:P07,2,B,66132,0,0,0,0,0,0,0,0,8192,0
FINAL_20261010_01,2,F05,91001,M_FIXED_2048,F05:91001:P07,2,A,4092,1,0,0,0,1,1,0,1,8192,0
FINAL_20261010_01,2,F05,91001,M_NO_IDLE,F05:91001:P08,1,A,66132,0,0,0,0,0,0,0,0,8192,0
FINAL_20261010_01,2,F05,91001,R6,F05:91001:P08,1,B,66132,0,0,0,0,0,0,0,0,8192,0
FINAL_20261010_01,2,F05,91001,R6,F05:91001:P08,2,B,66132,0,0,0,0,0,0,0,0,8192,0
FINAL_20261010_01,2,F05,91001,M_NO_IDLE,F05:91001:P08,2,A,66132,0,0,0,0,0,0,0,0,8192,0
FINAL_20261010_01,2,F05,91002,M_EVENT_16,F05:91002:DIA01,1,A,4172,1,0,0,0,1,1,0,1,8192,0
FINAL_20261010_01,2,F05,91002,R6,F05:91002:DIA01,1,B,65480,0,0,0,0,0,0,0,0,8192,0
FINAL_20261010_01,2,F05,91002,R6,F05:91002:DIA01,2,B,65480,0,0,0,0,0,0,0,0,8192,0
FINAL_20261010_01,2,F05,91002,M_EVENT_16,F05:91002:DIA01,2,A,4172,1,0,0,0,1,1,0,1,8192,0
FINAL_20261010_01,2,F05,91002,M_FIXED_128,F05:91002:DIA02,1,A,4172,1,0,0,0,1,1,0,1,8192,0
FINAL_20261010_01,2,F05,91002,R6,F05:91002:DIA02,1,B,65480,0,0,0,0,0,0,0,0,8192,0
FINAL_20261010_01,2,F05,91002,R6,F05:91002:DIA02,2,B,65480,0,0,0,0,0,0,0,0,8192,0
FINAL_20261010_01,2,F05,91002,M_FIXED_128,F05:91002:DIA02,2,A,4172,1,0,0,0,1,1,0,1,8192,0
FINAL_20261010_01,2,F05,91002,Original,F05:91002:P01,1,A,NA,0,NA,NA,NA,NA,0,NA,NA,8192,NA
FINAL_20261010_01,2,F05,91002,M_LIST,F05:91002:P01,1,B,NA,0,0,0,0,0,0,0,0,8192,0
FINAL_20261010_01,2,F05,91002,M_LIST,F05:91002:P01,2,B,NA,0,0,0,0,0,0,0,0,8192,0
FINAL_20261010_01,2,F05,91002,Original,F05:91002:P01,2,A,NA,0,NA,NA,NA,NA,0,NA,NA,8192,NA
FINAL_20261010_01,2,F05,91002,M_LIST,F05:91002:P02,1,A,NA,0,0,0,0,0,0,0,0,8192,0
FINAL_20261010_01,2,F05,91002,M_OBSERVE_LIST,F05:91002:P02,1,B,65480,0,0,0,0,0,0,0,0,8192,0
FINAL_20261010_01,2,F05,91002,M_OBSERVE_LIST,F05:91002:P02,2,B,65480,0,0,0,0,0,0,0,0,8192,0
FINAL_20261010_01,2,F05,91002,M_LIST,F05:91002:P02,2,A,NA,0,0,0,0,0,0,0,0,8192,0
FINAL_20261010_01,2,F05,91002,M_LIST,F05:91002:P03,1,A,NA,0,0,0,0,0,0,0,0,8192,0
FINAL_20261010_01,2,F05,91002,R6,F05:91002:P03,1,B,65480,0,0,0,0,0,0,0,0,8192,0
FINAL_20261010_01,2,F05,91002,R6,F05:91002:P03,2,B,65480,0,0,0,0,0,0,0,0,8192,0
FINAL_20261010_01,2,F05,91002,M_LIST,F05:91002:P03,2,A,NA,0,0,0,0,0,0,0,0,8192,0
FINAL_20261010_01,2,F05,91002,M_OBSERVE_LIST,F05:91002:P04,1,A,65480,0,0,0,0,0,0,0,0,8192,0
FINAL_20261010_01,2,F05,91002,R6,F05:91002:P04,1,B,65480,0,0,0,0,0,0,0,0,8192,0
FINAL_20261010_01,2,F05,91002,R6,F05:91002:P04,2,B,65480,0,0,0,0,0,0,0,0,8192,0
FINAL_20261010_01,2,F05,91002,M_OBSERVE_LIST,F05:91002:P04,2,A,65480,0,0,0,0,0,0,0,0,8192,0
FINAL_20261010_01,2,F05,91002,Original,F05:91002:P05,1,A,NA,0,NA,NA,NA,NA,0,NA,NA,8192,NA
FINAL_20261010_01,2,F05,91002,R6,F05:91002:P05,1,B,65480,0,0,0,0,0,0,0,0,8192,0
FINAL_20261010_01,2,F05,91002,R6,F05:91002:P05,2,B,65480,0,0,0,0,0,0,0,0,8192,0
FINAL_20261010_01,2,F05,91002,Original,F05:91002:P05,2,A,NA,0,NA,NA,NA,NA,0,NA,NA,8192,NA
FINAL_20261010_01,2,F05,91002,M_EVENT_16,F05:91002:P06,1,A,4172,1,0,0,0,1,1,0,1,8192,0
FINAL_20261010_01,2,F05,91002,R6,F05:91002:P06,1,B,65480,0,0,0,0,0,0,0,0,8192,0
FINAL_20261010_01,2,F05,91002,R6,F05:91002:P06,2,B,65480,0,0,0,0,0,0,0,0,8192,0
FINAL_20261010_01,2,F05,91002,M_EVENT_16,F05:91002:P06,2,A,4172,1,0,0,0,1,1,0,1,8192,0
FINAL_20261010_01,2,F05,91002,M_FIXED_2048,F05:91002:P07,1,A,4172,1,0,0,0,1,1,0,1,8192,0
FINAL_20261010_01,2,F05,91002,R6,F05:91002:P07,1,B,65480,0,0,0,0,0,0,0,0,8192,0
FINAL_20261010_01,2,F05,91002,R6,F05:91002:P07,2,B,65480,0,0,0,0,0,0,0,0,8192,0
FINAL_20261010_01,2,F05,91002,M_FIXED_2048,F05:91002:P07,2,A,4172,1,0,0,0,1,1,0,1,8192,0
FINAL_20261010_01,2,F05,91002,M_NO_IDLE,F05:91002:P08,1,A,65480,0,0,0,0,0,0,0,0,8192,0
FINAL_20261010_01,2,F05,91002,R6,F05:91002:P08,1,B,65480,0,0,0,0,0,0,0,0,8192,0
FINAL_20261010_01,2,F05,91002,R6,F05:91002:P08,2,B,65480,0,0,0,0,0,0,0,0,8192,0
FINAL_20261010_01,2,F05,91002,M_NO_IDLE,F05:91002:P08,2,A,65480,0,0,0,0,0,0,0,0,8192,0
FINAL_20261010_01,2,F05,91003,M_EVENT_16,F05:91003:DIA01,1,A,4056,1,0,0,0,1,1,0,1,8192,0
FINAL_20261010_01,2,F05,91003,R6,F05:91003:DIA01,1,B,65392,0,0,0,0,0,0,0,0,8192,0
FINAL_20261010_01,2,F05,91003,R6,F05:91003:DIA01,2,B,65392,0,0,0,0,0,0,0,0,8192,0
FINAL_20261010_01,2,F05,91003,M_EVENT_16,F05:91003:DIA01,2,A,4056,1,0,0,0,1,1,0,1,8192,0
FINAL_20261010_01,2,F05,91003,M_FIXED_128,F05:91003:DIA02,1,A,4056,1,0,0,0,1,1,0,1,8192,0
FINAL_20261010_01,2,F05,91003,R6,F05:91003:DIA02,1,B,65392,0,0,0,0,0,0,0,0,8192,0
FINAL_20261010_01,2,F05,91003,R6,F05:91003:DIA02,2,B,65392,0,0,0,0,0,0,0,0,8192,0
FINAL_20261010_01,2,F05,91003,M_FIXED_128,F05:91003:DIA02,2,A,4056,1,0,0,0,1,1,0,1,8192,0
FINAL_20261010_01,2,F05,91003,Original,F05:91003:P01,1,A,NA,0,NA,NA,NA,NA,0,NA,NA,8192,NA
FINAL_20261010_01,2,F05,91003,M_LIST,F05:91003:P01,1,B,NA,0,0,0,0,0,0,0,0,8192,0
FINAL_20261010_01,2,F05,91003,M_LIST,F05:91003:P01,2,B,NA,0,0,0,0,0,0,0,0,8192,0
FINAL_20261010_01,2,F05,91003,Original,F05:91003:P01,2,A,NA,0,NA,NA,NA,NA,0,NA,NA,8192,NA
FINAL_20261010_01,2,F05,91003,M_LIST,F05:91003:P02,1,A,NA,0,0,0,0,0,0,0,0,8192,0
FINAL_20261010_01,2,F05,91003,M_OBSERVE_LIST,F05:91003:P02,1,B,65392,0,0,0,0,0,0,0,0,8192,0
FINAL_20261010_01,2,F05,91003,M_OBSERVE_LIST,F05:91003:P02,2,B,65392,0,0,0,0,0,0,0,0,8192,0
FINAL_20261010_01,2,F05,91003,M_LIST,F05:91003:P02,2,A,NA,0,0,0,0,0,0,0,0,8192,0
FINAL_20261010_01,2,F05,91003,M_LIST,F05:91003:P03,1,A,NA,0,0,0,0,0,0,0,0,8192,0
FINAL_20261010_01,2,F05,91003,R6,F05:91003:P03,1,B,65392,0,0,0,0,0,0,0,0,8192,0
FINAL_20261010_01,2,F05,91003,R6,F05:91003:P03,2,B,65392,0,0,0,0,0,0,0,0,8192,0
FINAL_20261010_01,2,F05,91003,M_LIST,F05:91003:P03,2,A,NA,0,0,0,0,0,0,0,0,8192,0
FINAL_20261010_01,2,F05,91003,M_OBSERVE_LIST,F05:91003:P04,1,A,65392,0,0,0,0,0,0,0,0,8192,0
FINAL_20261010_01,2,F05,91003,R6,F05:91003:P04,1,B,65392,0,0,0,0,0,0,0,0,8192,0
FINAL_20261010_01,2,F05,91003,R6,F05:91003:P04,2,B,65392,0,0,0,0,0,0,0,0,8192,0
FINAL_20261010_01,2,F05,91003,M_OBSERVE_LIST,F05:91003:P04,2,A,65392,0,0,0,0,0,0,0,0,8192,0
FINAL_20261010_01,2,F05,91003,Original,F05:91003:P05,1,A,NA,0,NA,NA,NA,NA,0,NA,NA,8192,NA
FINAL_20261010_01,2,F05,91003,R6,F05:91003:P05,1,B,65392,0,0,0,0,0,0,0,0,8192,0
FINAL_20261010_01,2,F05,91003,R6,F05:91003:P05,2,B,65392,0,0,0,0,0,0,0,0,8192,0
FINAL_20261010_01,2,F05,91003,Original,F05:91003:P05,2,A,NA,0,NA,NA,NA,NA,0,NA,NA,8192,NA
FINAL_20261010_01,2,F05,91003,M_EVENT_16,F05:91003:P06,1,A,4056,1,0,0,0,1,1,0,1,8192,0
FINAL_20261010_01,2,F05,91003,R6,F05:91003:P06,1,B,65392,0,0,0,0,0,0,0,0,8192,0
FINAL_20261010_01,2,F05,91003,R6,F05:91003:P06,2,B,65392,0,0,0,0,0,0,0,0,8192,0
FINAL_20261010_01,2,F05,91003,M_EVENT_16,F05:91003:P06,2,A,4056,1,0,0,0,1,1,0,1,8192,0
FINAL_20261010_01,2,F05,91003,M_FIXED_2048,F05:91003:P07,1,A,4056,1,0,0,0,1,1,0,1,8192,0
FINAL_20261010_01,2,F05,91003,R6,F05:91003:P07,1,B,65392,0,0,0,0,0,0,0,0,8192,0
FINAL_20261010_01,2,F05,91003,R6,F05:91003:P07,2,B,65392,0,0,0,0,0,0,0,0,8192,0
FINAL_20261010_01,2,F05,91003,M_FIXED_2048,F05:91003:P07,2,A,4056,1,0,0,0,1,1,0,1,8192,0
FINAL_20261010_01,2,F05,91003,M_NO_IDLE,F05:91003:P08,1,A,65392,0,0,0,0,0,0,0,0,8192,0
FINAL_20261010_01,2,F05,91003,R6,F05:91003:P08,1,B,65392,0,0,0,0,0,0,0,0,8192,0
FINAL_20261010_01,2,F05,91003,R6,F05:91003:P08,2,B,65392,0,0,0,0,0,0,0,0,8192,0
FINAL_20261010_01,2,F05,91003,M_NO_IDLE,F05:91003:P08,2,A,65392,0,0,0,0,0,0,0,0,8192,0
FINAL_20261010_01,2,F05,91004,M_EVENT_16,F05:91004:DIA01,1,A,4168,1,0,0,0,1,1,0,1,8192,0
FINAL_20261010_01,2,F05,91004,R6,F05:91004:DIA01,1,B,65064,0,0,0,0,0,0,0,0,8192,0
FINAL_20261010_01,2,F05,91004,R6,F05:91004:DIA01,2,B,65064,0,0,0,0,0,0,0,0,8192,0
FINAL_20261010_01,2,F05,91004,M_EVENT_16,F05:91004:DIA01,2,A,4168,1,0,0,0,1,1,0,1,8192,0
FINAL_20261010_01,2,F05,91004,M_FIXED_128,F05:91004:DIA02,1,A,4168,1,0,0,0,1,1,0,1,8192,0
FINAL_20261010_01,2,F05,91004,R6,F05:91004:DIA02,1,B,65064,0,0,0,0,0,0,0,0,8192,0
FINAL_20261010_01,2,F05,91004,R6,F05:91004:DIA02,2,B,65064,0,0,0,0,0,0,0,0,8192,0
FINAL_20261010_01,2,F05,91004,M_FIXED_128,F05:91004:DIA02,2,A,4168,1,0,0,0,1,1,0,1,8192,0
FINAL_20261010_01,2,F05,91004,Original,F05:91004:P01,1,A,NA,0,NA,NA,NA,NA,0,NA,NA,8192,NA
FINAL_20261010_01,2,F05,91004,M_LIST,F05:91004:P01,1,B,NA,0,0,0,0,0,0,0,0,8192,0
FINAL_20261010_01,2,F05,91004,M_LIST,F05:91004:P01,2,B,NA,0,0,0,0,0,0,0,0,8192,0
FINAL_20261010_01,2,F05,91004,Original,F05:91004:P01,2,A,NA,0,NA,NA,NA,NA,0,NA,NA,8192,NA
FINAL_20261010_01,2,F05,91004,M_LIST,F05:91004:P02,1,A,NA,0,0,0,0,0,0,0,0,8192,0
FINAL_20261010_01,2,F05,91004,M_OBSERVE_LIST,F05:91004:P02,1,B,65064,0,0,0,0,0,0,0,0,8192,0
FINAL_20261010_01,2,F05,91004,M_OBSERVE_LIST,F05:91004:P02,2,B,65064,0,0,0,0,0,0,0,0,8192,0
FINAL_20261010_01,2,F05,91004,M_LIST,F05:91004:P02,2,A,NA,0,0,0,0,0,0,0,0,8192,0
FINAL_20261010_01,2,F05,91004,M_LIST,F05:91004:P03,1,A,NA,0,0,0,0,0,0,0,0,8192,0
FINAL_20261010_01,2,F05,91004,R6,F05:91004:P03,1,B,65064,0,0,0,0,0,0,0,0,8192,0
FINAL_20261010_01,2,F05,91004,R6,F05:91004:P03,2,B,65064,0,0,0,0,0,0,0,0,8192,0
FINAL_20261010_01,2,F05,91004,M_LIST,F05:91004:P03,2,A,NA,0,0,0,0,0,0,0,0,8192,0
FINAL_20261010_01,2,F05,91004,M_OBSERVE_LIST,F05:91004:P04,1,A,65064,0,0,0,0,0,0,0,0,8192,0
FINAL_20261010_01,2,F05,91004,R6,F05:91004:P04,1,B,65064,0,0,0,0,0,0,0,0,8192,0
FINAL_20261010_01,2,F05,91004,R6,F05:91004:P04,2,B,65064,0,0,0,0,0,0,0,0,8192,0
FINAL_20261010_01,2,F05,91004,M_OBSERVE_LIST,F05:91004:P04,2,A,65064,0,0,0,0,0,0,0,0,8192,0
FINAL_20261010_01,2,F05,91004,Original,F05:91004:P05,1,A,NA,0,NA,NA,NA,NA,0,NA,NA,8192,NA
FINAL_20261010_01,2,F05,91004,R6,F05:91004:P05,1,B,65064,0,0,0,0,0,0,0,0,8192,0
FINAL_20261010_01,2,F05,91004,R6,F05:91004:P05,2,B,65064,0,0,0,0,0,0,0,0,8192,0
FINAL_20261010_01,2,F05,91004,Original,F05:91004:P05,2,A,NA,0,NA,NA,NA,NA,0,NA,NA,8192,NA
FINAL_20261010_01,2,F05,91004,M_EVENT_16,F05:91004:P06,1,A,4168,1,0,0,0,1,1,0,1,8192,0
FINAL_20261010_01,2,F05,91004,R6,F05:91004:P06,1,B,65064,0,0,0,0,0,0,0,0,8192,0
FINAL_20261010_01,2,F05,91004,R6,F05:91004:P06,2,B,65064,0,0,0,0,0,0,0,0,8192,0
FINAL_20261010_01,2,F05,91004,M_EVENT_16,F05:91004:P06,2,A,4168,1,0,0,0,1,1,0,1,8192,0
FINAL_20261010_01,2,F05,91004,M_FIXED_2048,F05:91004:P07,1,A,4168,1,0,0,0,1,1,0,1,8192,0
FINAL_20261010_01,2,F05,91004,R6,F05:91004:P07,1,B,65064,0,0,0,0,0,0,0,0,8192,0
FINAL_20261010_01,2,F05,91004,R6,F05:91004:P07,2,B,65064,0,0,0,0,0,0,0,0,8192,0
FINAL_20261010_01,2,F05,91004,M_FIXED_2048,F05:91004:P07,2,A,4168,1,0,0,0,1,1,0,1,8192,0
FINAL_20261010_01,2,F05,91004,M_NO_IDLE,F05:91004:P08,1,A,65064,0,0,0,0,0,0,0,0,8192,0
FINAL_20261010_01,2,F05,91004,R6,F05:91004:P08,1,B,65064,0,0,0,0,0,0,0,0,8192,0
FINAL_20261010_01,2,F05,91004,R6,F05:91004:P08,2,B,65064,0,0,0,0,0,0,0,0,8192,0
FINAL_20261010_01,2,F05,91004,M_NO_IDLE,F05:91004:P08,2,A,65064,0,0,0,0,0,0,0,0,8192,0
FINAL_20261010_01,2,F05,91005,M_EVENT_16,F05:91005:DIA01,1,A,4620,1,0,0,0,1,1,0,1,8192,0
FINAL_20261010_01,2,F05,91005,R6,F05:91005:DIA01,1,B,64920,0,0,0,0,0,0,0,0,8192,0
FINAL_20261010_01,2,F05,91005,R6,F05:91005:DIA01,2,B,64920,0,0,0,0,0,0,0,0,8192,0
FINAL_20261010_01,2,F05,91005,M_EVENT_16,F05:91005:DIA01,2,A,4620,1,0,0,0,1,1,0,1,8192,0
FINAL_20261010_01,2,F05,91005,M_FIXED_128,F05:91005:DIA02,1,A,4620,1,0,0,0,1,1,0,1,8192,0
FINAL_20261010_01,2,F05,91005,R6,F05:91005:DIA02,1,B,64920,0,0,0,0,0,0,0,0,8192,0
FINAL_20261010_01,2,F05,91005,R6,F05:91005:DIA02,2,B,64920,0,0,0,0,0,0,0,0,8192,0
FINAL_20261010_01,2,F05,91005,M_FIXED_128,F05:91005:DIA02,2,A,4620,1,0,0,0,1,1,0,1,8192,0
FINAL_20261010_01,2,F05,91005,Original,F05:91005:P01,1,A,NA,0,NA,NA,NA,NA,0,NA,NA,8192,NA
FINAL_20261010_01,2,F05,91005,M_LIST,F05:91005:P01,1,B,NA,0,0,0,0,0,0,0,0,8192,0
FINAL_20261010_01,2,F05,91005,M_LIST,F05:91005:P01,2,B,NA,0,0,0,0,0,0,0,0,8192,0
FINAL_20261010_01,2,F05,91005,Original,F05:91005:P01,2,A,NA,0,NA,NA,NA,NA,0,NA,NA,8192,NA
FINAL_20261010_01,2,F05,91005,M_LIST,F05:91005:P02,1,A,NA,0,0,0,0,0,0,0,0,8192,0
FINAL_20261010_01,2,F05,91005,M_OBSERVE_LIST,F05:91005:P02,1,B,64920,0,0,0,0,0,0,0,0,8192,0
FINAL_20261010_01,2,F05,91005,M_OBSERVE_LIST,F05:91005:P02,2,B,64920,0,0,0,0,0,0,0,0,8192,0
FINAL_20261010_01,2,F05,91005,M_LIST,F05:91005:P02,2,A,NA,0,0,0,0,0,0,0,0,8192,0
FINAL_20261010_01,2,F05,91005,M_LIST,F05:91005:P03,1,A,NA,0,0,0,0,0,0,0,0,8192,0
FINAL_20261010_01,2,F05,91005,R6,F05:91005:P03,1,B,64920,0,0,0,0,0,0,0,0,8192,0
FINAL_20261010_01,2,F05,91005,R6,F05:91005:P03,2,B,64920,0,0,0,0,0,0,0,0,8192,0
FINAL_20261010_01,2,F05,91005,M_LIST,F05:91005:P03,2,A,NA,0,0,0,0,0,0,0,0,8192,0
FINAL_20261010_01,2,F05,91005,M_OBSERVE_LIST,F05:91005:P04,1,A,64920,0,0,0,0,0,0,0,0,8192,0
FINAL_20261010_01,2,F05,91005,R6,F05:91005:P04,1,B,64920,0,0,0,0,0,0,0,0,8192,0
FINAL_20261010_01,2,F05,91005,R6,F05:91005:P04,2,B,64920,0,0,0,0,0,0,0,0,8192,0
FINAL_20261010_01,2,F05,91005,M_OBSERVE_LIST,F05:91005:P04,2,A,64920,0,0,0,0,0,0,0,0,8192,0
FINAL_20261010_01,2,F05,91005,Original,F05:91005:P05,1,A,NA,0,NA,NA,NA,NA,0,NA,NA,8192,NA
FINAL_20261010_01,2,F05,91005,R6,F05:91005:P05,1,B,64920,0,0,0,0,0,0,0,0,8192,0
FINAL_20261010_01,2,F05,91005,R6,F05:91005:P05,2,B,64920,0,0,0,0,0,0,0,0,8192,0
FINAL_20261010_01,2,F05,91005,Original,F05:91005:P05,2,A,NA,0,NA,NA,NA,NA,0,NA,NA,8192,NA
FINAL_20261010_01,2,F05,91005,M_EVENT_16,F05:91005:P06,1,A,4620,1,0,0,0,1,1,0,1,8192,0
FINAL_20261010_01,2,F05,91005,R6,F05:91005:P06,1,B,64920,0,0,0,0,0,0,0,0,8192,0
FINAL_20261010_01,2,F05,91005,R6,F05:91005:P06,2,B,64920,0,0,0,0,0,0,0,0,8192,0
FINAL_20261010_01,2,F05,91005,M_EVENT_16,F05:91005:P06,2,A,4620,1,0,0,0,1,1,0,1,8192,0
FINAL_20261010_01,2,F05,91005,M_FIXED_2048,F05:91005:P07,1,A,4620,1,0,0,0,1,1,0,1,8192,0
FINAL_20261010_01,2,F05,91005,R6,F05:91005:P07,1,B,64920,0,0,0,0,0,0,0,0,8192,0
FINAL_20261010_01,2,F05,91005,R6,F05:91005:P07,2,B,64920,0,0,0,0,0,0,0,0,8192,0
FINAL_20261010_01,2,F05,91005,M_FIXED_2048,F05:91005:P07,2,A,4620,1,0,0,0,1,1,0,1,8192,0
FINAL_20261010_01,2,F05,91005,M_NO_IDLE,F05:91005:P08,1,A,64920,0,0,0,0,0,0,0,0,8192,0
FINAL_20261010_01,2,F05,91005,R6,F05:91005:P08,1,B,64920,0,0,0,0,0,0,0,0,8192,0
FINAL_20261010_01,2,F05,91005,R6,F05:91005:P08,2,B,64920,0,0,0,0,0,0,0,0,8192,0
FINAL_20261010_01,2,F05,91005,M_NO_IDLE,F05:91005:P08,2,A,64920,0,0,0,0,0,0,0,0,8192,0
FINAL_20261010_01,2,F05,91006,M_EVENT_16,F05:91006:DIA01,1,A,4168,1,0,0,0,1,1,0,1,8192,0
FINAL_20261010_01,2,F05,91006,R6,F05:91006:DIA01,1,B,65148,0,0,0,0,0,0,0,0,8192,0
FINAL_20261010_01,2,F05,91006,R6,F05:91006:DIA01,2,B,65148,0,0,0,0,0,0,0,0,8192,0
FINAL_20261010_01,2,F05,91006,M_EVENT_16,F05:91006:DIA01,2,A,4168,1,0,0,0,1,1,0,1,8192,0
FINAL_20261010_01,2,F05,91006,M_FIXED_128,F05:91006:DIA02,1,A,4168,1,0,0,0,1,1,0,1,8192,0
FINAL_20261010_01,2,F05,91006,R6,F05:91006:DIA02,1,B,65148,0,0,0,0,0,0,0,0,8192,0
FINAL_20261010_01,2,F05,91006,R6,F05:91006:DIA02,2,B,65148,0,0,0,0,0,0,0,0,8192,0
FINAL_20261010_01,2,F05,91006,M_FIXED_128,F05:91006:DIA02,2,A,4168,1,0,0,0,1,1,0,1,8192,0
FINAL_20261010_01,2,F05,91006,Original,F05:91006:P01,1,A,NA,0,NA,NA,NA,NA,0,NA,NA,8192,NA
FINAL_20261010_01,2,F05,91006,M_LIST,F05:91006:P01,1,B,NA,0,0,0,0,0,0,0,0,8192,0
FINAL_20261010_01,2,F05,91006,M_LIST,F05:91006:P01,2,B,NA,0,0,0,0,0,0,0,0,8192,0
FINAL_20261010_01,2,F05,91006,Original,F05:91006:P01,2,A,NA,0,NA,NA,NA,NA,0,NA,NA,8192,NA
FINAL_20261010_01,2,F05,91006,M_LIST,F05:91006:P02,1,A,NA,0,0,0,0,0,0,0,0,8192,0
FINAL_20261010_01,2,F05,91006,M_OBSERVE_LIST,F05:91006:P02,1,B,65148,0,0,0,0,0,0,0,0,8192,0
FINAL_20261010_01,2,F05,91006,M_OBSERVE_LIST,F05:91006:P02,2,B,65148,0,0,0,0,0,0,0,0,8192,0
FINAL_20261010_01,2,F05,91006,M_LIST,F05:91006:P02,2,A,NA,0,0,0,0,0,0,0,0,8192,0
FINAL_20261010_01,2,F05,91006,M_LIST,F05:91006:P03,1,A,NA,0,0,0,0,0,0,0,0,8192,0
FINAL_20261010_01,2,F05,91006,R6,F05:91006:P03,1,B,65148,0,0,0,0,0,0,0,0,8192,0
FINAL_20261010_01,2,F05,91006,R6,F05:91006:P03,2,B,65148,0,0,0,0,0,0,0,0,8192,0
FINAL_20261010_01,2,F05,91006,M_LIST,F05:91006:P03,2,A,NA,0,0,0,0,0,0,0,0,8192,0
FINAL_20261010_01,2,F05,91006,M_OBSERVE_LIST,F05:91006:P04,1,A,65148,0,0,0,0,0,0,0,0,8192,0
FINAL_20261010_01,2,F05,91006,R6,F05:91006:P04,1,B,65148,0,0,0,0,0,0,0,0,8192,0
FINAL_20261010_01,2,F05,91006,R6,F05:91006:P04,2,B,65148,0,0,0,0,0,0,0,0,8192,0
FINAL_20261010_01,2,F05,91006,M_OBSERVE_LIST,F05:91006:P04,2,A,65148,0,0,0,0,0,0,0,0,8192,0
FINAL_20261010_01,2,F05,91006,Original,F05:91006:P05,1,A,NA,0,NA,NA,NA,NA,0,NA,NA,8192,NA
FINAL_20261010_01,2,F05,91006,R6,F05:91006:P05,1,B,65148,0,0,0,0,0,0,0,0,8192,0
FINAL_20261010_01,2,F05,91006,R6,F05:91006:P05,2,B,65148,0,0,0,0,0,0,0,0,8192,0
FINAL_20261010_01,2,F05,91006,Original,F05:91006:P05,2,A,NA,0,NA,NA,NA,NA,0,NA,NA,8192,NA
FINAL_20261010_01,2,F05,91006,M_EVENT_16,F05:91006:P06,1,A,4168,1,0,0,0,1,1,0,1,8192,0
FINAL_20261010_01,2,F05,91006,R6,F05:91006:P06,1,B,65148,0,0,0,0,0,0,0,0,8192,0
FINAL_20261010_01,2,F05,91006,R6,F05:91006:P06,2,B,65148,0,0,0,0,0,0,0,0,8192,0
FINAL_20261010_01,2,F05,91006,M_EVENT_16,F05:91006:P06,2,A,4168,1,0,0,0,1,1,0,1,8192,0
FINAL_20261010_01,2,F05,91006,M_FIXED_2048,F05:91006:P07,1,A,4168,1,0,0,0,1,1,0,1,8192,0
FINAL_20261010_01,2,F05,91006,R6,F05:91006:P07,1,B,65148,0,0,0,0,0,0,0,0,8192,0
FINAL_20261010_01,2,F05,91006,R6,F05:91006:P07,2,B,65148,0,0,0,0,0,0,0,0,8192,0
FINAL_20261010_01,2,F05,91006,M_FIXED_2048,F05:91006:P07,2,A,4168,1,0,0,0,1,1,0,1,8192,0
FINAL_20261010_01,2,F05,91006,M_NO_IDLE,F05:91006:P08,1,A,65148,0,0,0,0,0,0,0,0,8192,0
FINAL_20261010_01,2,F05,91006,R6,F05:91006:P08,1,B,65148,0,0,0,0,0,0,0,0,8192,0
FINAL_20261010_01,2,F05,91006,R6,F05:91006:P08,2,B,65148,0,0,0,0,0,0,0,0,8192,0
FINAL_20261010_01,2,F05,91006,M_NO_IDLE,F05:91006:P08,2,A,65148,0,0,0,0,0,0,0,0,8192,0
FINAL_20261010_01,2,F05,91007,M_EVENT_16,F05:91007:DIA01,1,A,4056,1,0,0,0,1,1,0,1,8192,0
FINAL_20261010_01,2,F05,91007,R6,F05:91007:DIA01,1,B,64844,0,0,0,0,0,0,0,0,8192,0
FINAL_20261010_01,2,F05,91007,R6,F05:91007:DIA01,2,B,64844,0,0,0,0,0,0,0,0,8192,0
FINAL_20261010_01,2,F05,91007,M_EVENT_16,F05:91007:DIA01,2,A,4056,1,0,0,0,1,1,0,1,8192,0
FINAL_20261010_01,2,F05,91007,M_FIXED_128,F05:91007:DIA02,1,A,4056,1,0,0,0,1,1,0,1,8192,0
FINAL_20261010_01,2,F05,91007,R6,F05:91007:DIA02,1,B,64844,0,0,0,0,0,0,0,0,8192,0
FINAL_20261010_01,2,F05,91007,R6,F05:91007:DIA02,2,B,64844,0,0,0,0,0,0,0,0,8192,0
FINAL_20261010_01,2,F05,91007,M_FIXED_128,F05:91007:DIA02,2,A,4056,1,0,0,0,1,1,0,1,8192,0
FINAL_20261010_01,2,F05,91007,Original,F05:91007:P01,1,A,NA,0,NA,NA,NA,NA,0,NA,NA,8192,NA
FINAL_20261010_01,2,F05,91007,M_LIST,F05:91007:P01,1,B,NA,0,0,0,0,0,0,0,0,8192,0
FINAL_20261010_01,2,F05,91007,M_LIST,F05:91007:P01,2,B,NA,0,0,0,0,0,0,0,0,8192,0
FINAL_20261010_01,2,F05,91007,Original,F05:91007:P01,2,A,NA,0,NA,NA,NA,NA,0,NA,NA,8192,NA
FINAL_20261010_01,2,F05,91007,M_LIST,F05:91007:P02,1,A,NA,0,0,0,0,0,0,0,0,8192,0
FINAL_20261010_01,2,F05,91007,M_OBSERVE_LIST,F05:91007:P02,1,B,64844,0,0,0,0,0,0,0,0,8192,0
FINAL_20261010_01,2,F05,91007,M_OBSERVE_LIST,F05:91007:P02,2,B,64844,0,0,0,0,0,0,0,0,8192,0
FINAL_20261010_01,2,F05,91007,M_LIST,F05:91007:P02,2,A,NA,0,0,0,0,0,0,0,0,8192,0
FINAL_20261010_01,2,F05,91007,M_LIST,F05:91007:P03,1,A,NA,0,0,0,0,0,0,0,0,8192,0
FINAL_20261010_01,2,F05,91007,R6,F05:91007:P03,1,B,64844,0,0,0,0,0,0,0,0,8192,0
FINAL_20261010_01,2,F05,91007,R6,F05:91007:P03,2,B,64844,0,0,0,0,0,0,0,0,8192,0
FINAL_20261010_01,2,F05,91007,M_LIST,F05:91007:P03,2,A,NA,0,0,0,0,0,0,0,0,8192,0
FINAL_20261010_01,2,F05,91007,M_OBSERVE_LIST,F05:91007:P04,1,A,64844,0,0,0,0,0,0,0,0,8192,0
FINAL_20261010_01,2,F05,91007,R6,F05:91007:P04,1,B,64844,0,0,0,0,0,0,0,0,8192,0
FINAL_20261010_01,2,F05,91007,R6,F05:91007:P04,2,B,64844,0,0,0,0,0,0,0,0,8192,0
FINAL_20261010_01,2,F05,91007,M_OBSERVE_LIST,F05:91007:P04,2,A,64844,0,0,0,0,0,0,0,0,8192,0
FINAL_20261010_01,2,F05,91007,Original,F05:91007:P05,1,A,NA,0,NA,NA,NA,NA,0,NA,NA,8192,NA
FINAL_20261010_01,2,F05,91007,R6,F05:91007:P05,1,B,64844,0,0,0,0,0,0,0,0,8192,0
FINAL_20261010_01,2,F05,91007,R6,F05:91007:P05,2,B,64844,0,0,0,0,0,0,0,0,8192,0
FINAL_20261010_01,2,F05,91007,Original,F05:91007:P05,2,A,NA,0,NA,NA,NA,NA,0,NA,NA,8192,NA
FINAL_20261010_01,2,F05,91007,M_EVENT_16,F05:91007:P06,1,A,4056,1,0,0,0,1,1,0,1,8192,0
FINAL_20261010_01,2,F05,91007,R6,F05:91007:P06,1,B,64844,0,0,0,0,0,0,0,0,8192,0
FINAL_20261010_01,2,F05,91007,R6,F05:91007:P06,2,B,64844,0,0,0,0,0,0,0,0,8192,0
FINAL_20261010_01,2,F05,91007,M_EVENT_16,F05:91007:P06,2,A,4056,1,0,0,0,1,1,0,1,8192,0
FINAL_20261010_01,2,F05,91007,M_FIXED_2048,F05:91007:P07,1,A,4056,1,0,0,0,1,1,0,1,8192,0
FINAL_20261010_01,2,F05,91007,R6,F05:91007:P07,1,B,64844,0,0,0,0,0,0,0,0,8192,0
FINAL_20261010_01,2,F05,91007,R6,F05:91007:P07,2,B,64844,0,0,0,0,0,0,0,0,8192,0
FINAL_20261010_01,2,F05,91007,M_FIXED_2048,F05:91007:P07,2,A,4056,1,0,0,0,1,1,0,1,8192,0
FINAL_20261010_01,2,F05,91007,M_NO_IDLE,F05:91007:P08,1,A,64844,0,0,0,0,0,0,0,0,8192,0
FINAL_20261010_01,2,F05,91007,R6,F05:91007:P08,1,B,64844,0,0,0,0,0,0,0,0,8192,0
FINAL_20261010_01,2,F05,91007,R6,F05:91007:P08,2,B,64844,0,0,0,0,0,0,0,0,8192,0
FINAL_20261010_01,2,F05,91007,M_NO_IDLE,F05:91007:P08,2,A,64844,0,0,0,0,0,0,0,0,8192,0
FINAL_20261010_01,2,F05,91008,M_EVENT_16,F05:91008:DIA01,1,A,3736,1,0,0,0,1,1,0,1,8192,0
FINAL_20261010_01,2,F05,91008,R6,F05:91008:DIA01,1,B,65192,0,0,0,0,0,0,0,0,8192,0
FINAL_20261010_01,2,F05,91008,R6,F05:91008:DIA01,2,B,65192,0,0,0,0,0,0,0,0,8192,0
FINAL_20261010_01,2,F05,91008,M_EVENT_16,F05:91008:DIA01,2,A,3736,1,0,0,0,1,1,0,1,8192,0
FINAL_20261010_01,2,F05,91008,M_FIXED_128,F05:91008:DIA02,1,A,3736,1,0,0,0,1,1,0,1,8192,0
FINAL_20261010_01,2,F05,91008,R6,F05:91008:DIA02,1,B,65192,0,0,0,0,0,0,0,0,8192,0
FINAL_20261010_01,2,F05,91008,R6,F05:91008:DIA02,2,B,65192,0,0,0,0,0,0,0,0,8192,0
FINAL_20261010_01,2,F05,91008,M_FIXED_128,F05:91008:DIA02,2,A,3736,1,0,0,0,1,1,0,1,8192,0
FINAL_20261010_01,2,F05,91008,Original,F05:91008:P01,1,A,NA,0,NA,NA,NA,NA,0,NA,NA,8192,NA
FINAL_20261010_01,2,F05,91008,M_LIST,F05:91008:P01,1,B,NA,0,0,0,0,0,0,0,0,8192,0
FINAL_20261010_01,2,F05,91008,M_LIST,F05:91008:P01,2,B,NA,0,0,0,0,0,0,0,0,8192,0
FINAL_20261010_01,2,F05,91008,Original,F05:91008:P01,2,A,NA,0,NA,NA,NA,NA,0,NA,NA,8192,NA
FINAL_20261010_01,2,F05,91008,M_LIST,F05:91008:P02,1,A,NA,0,0,0,0,0,0,0,0,8192,0
FINAL_20261010_01,2,F05,91008,M_OBSERVE_LIST,F05:91008:P02,1,B,65192,0,0,0,0,0,0,0,0,8192,0
FINAL_20261010_01,2,F05,91008,M_OBSERVE_LIST,F05:91008:P02,2,B,65192,0,0,0,0,0,0,0,0,8192,0
FINAL_20261010_01,2,F05,91008,M_LIST,F05:91008:P02,2,A,NA,0,0,0,0,0,0,0,0,8192,0
FINAL_20261010_01,2,F05,91008,M_LIST,F05:91008:P03,1,A,NA,0,0,0,0,0,0,0,0,8192,0
FINAL_20261010_01,2,F05,91008,R6,F05:91008:P03,1,B,65192,0,0,0,0,0,0,0,0,8192,0
FINAL_20261010_01,2,F05,91008,R6,F05:91008:P03,2,B,65192,0,0,0,0,0,0,0,0,8192,0
FINAL_20261010_01,2,F05,91008,M_LIST,F05:91008:P03,2,A,NA,0,0,0,0,0,0,0,0,8192,0
FINAL_20261010_01,2,F05,91008,M_OBSERVE_LIST,F05:91008:P04,1,A,65192,0,0,0,0,0,0,0,0,8192,0
FINAL_20261010_01,2,F05,91008,R6,F05:91008:P04,1,B,65192,0,0,0,0,0,0,0,0,8192,0
FINAL_20261010_01,2,F05,91008,R6,F05:91008:P04,2,B,65192,0,0,0,0,0,0,0,0,8192,0
FINAL_20261010_01,2,F05,91008,M_OBSERVE_LIST,F05:91008:P04,2,A,65192,0,0,0,0,0,0,0,0,8192,0
FINAL_20261010_01,2,F05,91008,Original,F05:91008:P05,1,A,NA,0,NA,NA,NA,NA,0,NA,NA,8192,NA
FINAL_20261010_01,2,F05,91008,R6,F05:91008:P05,1,B,65192,0,0,0,0,0,0,0,0,8192,0
FINAL_20261010_01,2,F05,91008,R6,F05:91008:P05,2,B,65192,0,0,0,0,0,0,0,0,8192,0
FINAL_20261010_01,2,F05,91008,Original,F05:91008:P05,2,A,NA,0,NA,NA,NA,NA,0,NA,NA,8192,NA
FINAL_20261010_01,2,F05,91008,M_EVENT_16,F05:91008:P06,1,A,3736,1,0,0,0,1,1,0,1,8192,0
FINAL_20261010_01,2,F05,91008,R6,F05:91008:P06,1,B,65192,0,0,0,0,0,0,0,0,8192,0
FINAL_20261010_01,2,F05,91008,R6,F05:91008:P06,2,B,65192,0,0,0,0,0,0,0,0,8192,0
FINAL_20261010_01,2,F05,91008,M_EVENT_16,F05:91008:P06,2,A,3736,1,0,0,0,1,1,0,1,8192,0
FINAL_20261010_01,2,F05,91008,M_FIXED_2048,F05:91008:P07,1,A,3736,1,0,0,0,1,1,0,1,8192,0
FINAL_20261010_01,2,F05,91008,R6,F05:91008:P07,1,B,65192,0,0,0,0,0,0,0,0,8192,0
FINAL_20261010_01,2,F05,91008,R6,F05:91008:P07,2,B,65192,0,0,0,0,0,0,0,0,8192,0
FINAL_20261010_01,2,F05,91008,M_FIXED_2048,F05:91008:P07,2,A,3736,1,0,0,0,1,1,0,1,8192,0
FINAL_20261010_01,2,F05,91008,M_NO_IDLE,F05:91008:P08,1,A,65192,0,0,0,0,0,0,0,0,8192,0
FINAL_20261010_01,2,F05,91008,R6,F05:91008:P08,1,B,65192,0,0,0,0,0,0,0,0,8192,0
FINAL_20261010_01,2,F05,91008,R6,F05:91008:P08,2,B,65192,0,0,0,0,0,0,0,0,8192,0
FINAL_20261010_01,2,F05,91008,M_NO_IDLE,F05:91008:P08,2,A,65192,0,0,0,0,0,0,0,0,8192,0
FINAL_20261010_01,2,F05,91009,M_EVENT_16,F05:91009:DIA01,1,A,4276,1,0,0,0,1,1,0,1,8192,0
FINAL_20261010_01,2,F05,91009,R6,F05:91009:DIA01,1,B,65660,0,0,0,0,0,0,0,0,8192,0
FINAL_20261010_01,2,F05,91009,R6,F05:91009:DIA01,2,B,65660,0,0,0,0,0,0,0,0,8192,0
FINAL_20261010_01,2,F05,91009,M_EVENT_16,F05:91009:DIA01,2,A,4276,1,0,0,0,1,1,0,1,8192,0
FINAL_20261010_01,2,F05,91009,M_FIXED_128,F05:91009:DIA02,1,A,4276,1,0,0,0,1,1,0,1,8192,0
FINAL_20261010_01,2,F05,91009,R6,F05:91009:DIA02,1,B,65660,0,0,0,0,0,0,0,0,8192,0
FINAL_20261010_01,2,F05,91009,R6,F05:91009:DIA02,2,B,65660,0,0,0,0,0,0,0,0,8192,0
FINAL_20261010_01,2,F05,91009,M_FIXED_128,F05:91009:DIA02,2,A,4276,1,0,0,0,1,1,0,1,8192,0
FINAL_20261010_01,2,F05,91009,Original,F05:91009:P01,1,A,NA,0,NA,NA,NA,NA,0,NA,NA,8192,NA
FINAL_20261010_01,2,F05,91009,M_LIST,F05:91009:P01,1,B,NA,0,0,0,0,0,0,0,0,8192,0
FINAL_20261010_01,2,F05,91009,M_LIST,F05:91009:P01,2,B,NA,0,0,0,0,0,0,0,0,8192,0
FINAL_20261010_01,2,F05,91009,Original,F05:91009:P01,2,A,NA,0,NA,NA,NA,NA,0,NA,NA,8192,NA
FINAL_20261010_01,2,F05,91009,M_LIST,F05:91009:P02,1,A,NA,0,0,0,0,0,0,0,0,8192,0
FINAL_20261010_01,2,F05,91009,M_OBSERVE_LIST,F05:91009:P02,1,B,65660,0,0,0,0,0,0,0,0,8192,0
FINAL_20261010_01,2,F05,91009,M_OBSERVE_LIST,F05:91009:P02,2,B,65660,0,0,0,0,0,0,0,0,8192,0
FINAL_20261010_01,2,F05,91009,M_LIST,F05:91009:P02,2,A,NA,0,0,0,0,0,0,0,0,8192,0
FINAL_20261010_01,2,F05,91009,M_LIST,F05:91009:P03,1,A,NA,0,0,0,0,0,0,0,0,8192,0
FINAL_20261010_01,2,F05,91009,R6,F05:91009:P03,1,B,65660,0,0,0,0,0,0,0,0,8192,0
FINAL_20261010_01,2,F05,91009,R6,F05:91009:P03,2,B,65660,0,0,0,0,0,0,0,0,8192,0
FINAL_20261010_01,2,F05,91009,M_LIST,F05:91009:P03,2,A,NA,0,0,0,0,0,0,0,0,8192,0
FINAL_20261010_01,2,F05,91009,M_OBSERVE_LIST,F05:91009:P04,1,A,65660,0,0,0,0,0,0,0,0,8192,0
FINAL_20261010_01,2,F05,91009,R6,F05:91009:P04,1,B,65660,0,0,0,0,0,0,0,0,8192,0
FINAL_20261010_01,2,F05,91009,R6,F05:91009:P04,2,B,65660,0,0,0,0,0,0,0,0,8192,0
FINAL_20261010_01,2,F05,91009,M_OBSERVE_LIST,F05:91009:P04,2,A,65660,0,0,0,0,0,0,0,0,8192,0
FINAL_20261010_01,2,F05,91009,Original,F05:91009:P05,1,A,NA,0,NA,NA,NA,NA,0,NA,NA,8192,NA
FINAL_20261010_01,2,F05,91009,R6,F05:91009:P05,1,B,65660,0,0,0,0,0,0,0,0,8192,0
FINAL_20261010_01,2,F05,91009,R6,F05:91009:P05,2,B,65660,0,0,0,0,0,0,0,0,8192,0
FINAL_20261010_01,2,F05,91009,Original,F05:91009:P05,2,A,NA,0,NA,NA,NA,NA,0,NA,NA,8192,NA
FINAL_20261010_01,2,F05,91009,M_EVENT_16,F05:91009:P06,1,A,4276,1,0,0,0,1,1,0,1,8192,0
FINAL_20261010_01,2,F05,91009,R6,F05:91009:P06,1,B,65660,0,0,0,0,0,0,0,0,8192,0
FINAL_20261010_01,2,F05,91009,R6,F05:91009:P06,2,B,65660,0,0,0,0,0,0,0,0,8192,0
FINAL_20261010_01,2,F05,91009,M_EVENT_16,F05:91009:P06,2,A,4276,1,0,0,0,1,1,0,1,8192,0
FINAL_20261010_01,2,F05,91009,M_FIXED_2048,F05:91009:P07,1,A,4276,1,0,0,0,1,1,0,1,8192,0
FINAL_20261010_01,2,F05,91009,R6,F05:91009:P07,1,B,65660,0,0,0,0,0,0,0,0,8192,0
FINAL_20261010_01,2,F05,91009,R6,F05:91009:P07,2,B,65660,0,0,0,0,0,0,0,0,8192,0
FINAL_20261010_01,2,F05,91009,M_FIXED_2048,F05:91009:P07,2,A,4276,1,0,0,0,1,1,0,1,8192,0
FINAL_20261010_01,2,F05,91009,M_NO_IDLE,F05:91009:P08,1,A,65660,0,0,0,0,0,0,0,0,8192,0
FINAL_20261010_01,2,F05,91009,R6,F05:91009:P08,1,B,65660,0,0,0,0,0,0,0,0,8192,0
FINAL_20261010_01,2,F05,91009,R6,F05:91009:P08,2,B,65660,0,0,0,0,0,0,0,0,8192,0
FINAL_20261010_01,2,F05,91009,M_NO_IDLE,F05:91009:P08,2,A,65660,0,0,0,0,0,0,0,0,8192,0
FINAL_20261010_01,2,F05,91010,M_EVENT_16,F05:91010:DIA01,1,A,4016,1,0,0,0,1,1,0,1,8192,0
FINAL_20261010_01,2,F05,91010,R6,F05:91010:DIA01,1,B,65712,0,0,0,0,0,0,0,0,8192,0
FINAL_20261010_01,2,F05,91010,R6,F05:91010:DIA01,2,B,65712,0,0,0,0,0,0,0,0,8192,0
FINAL_20261010_01,2,F05,91010,M_EVENT_16,F05:91010:DIA01,2,A,4016,1,0,0,0,1,1,0,1,8192,0
FINAL_20261010_01,2,F05,91010,M_FIXED_128,F05:91010:DIA02,1,A,4016,1,0,0,0,1,1,0,1,8192,0
FINAL_20261010_01,2,F05,91010,R6,F05:91010:DIA02,1,B,65712,0,0,0,0,0,0,0,0,8192,0
FINAL_20261010_01,2,F05,91010,R6,F05:91010:DIA02,2,B,65712,0,0,0,0,0,0,0,0,8192,0
FINAL_20261010_01,2,F05,91010,M_FIXED_128,F05:91010:DIA02,2,A,4016,1,0,0,0,1,1,0,1,8192,0
FINAL_20261010_01,2,F05,91010,Original,F05:91010:P01,1,A,NA,0,NA,NA,NA,NA,0,NA,NA,8192,NA
FINAL_20261010_01,2,F05,91010,M_LIST,F05:91010:P01,1,B,NA,0,0,0,0,0,0,0,0,8192,0
FINAL_20261010_01,2,F05,91010,M_LIST,F05:91010:P01,2,B,NA,0,0,0,0,0,0,0,0,8192,0
FINAL_20261010_01,2,F05,91010,Original,F05:91010:P01,2,A,NA,0,NA,NA,NA,NA,0,NA,NA,8192,NA
FINAL_20261010_01,2,F05,91010,M_LIST,F05:91010:P02,1,A,NA,0,0,0,0,0,0,0,0,8192,0
FINAL_20261010_01,2,F05,91010,M_OBSERVE_LIST,F05:91010:P02,1,B,65712,0,0,0,0,0,0,0,0,8192,0
FINAL_20261010_01,2,F05,91010,M_OBSERVE_LIST,F05:91010:P02,2,B,65712,0,0,0,0,0,0,0,0,8192,0
FINAL_20261010_01,2,F05,91010,M_LIST,F05:91010:P02,2,A,NA,0,0,0,0,0,0,0,0,8192,0
FINAL_20261010_01,2,F05,91010,M_LIST,F05:91010:P03,1,A,NA,0,0,0,0,0,0,0,0,8192,0
FINAL_20261010_01,2,F05,91010,R6,F05:91010:P03,1,B,65712,0,0,0,0,0,0,0,0,8192,0
FINAL_20261010_01,2,F05,91010,R6,F05:91010:P03,2,B,65712,0,0,0,0,0,0,0,0,8192,0
FINAL_20261010_01,2,F05,91010,M_LIST,F05:91010:P03,2,A,NA,0,0,0,0,0,0,0,0,8192,0
FINAL_20261010_01,2,F05,91010,M_OBSERVE_LIST,F05:91010:P04,1,A,65712,0,0,0,0,0,0,0,0,8192,0
FINAL_20261010_01,2,F05,91010,R6,F05:91010:P04,1,B,65712,0,0,0,0,0,0,0,0,8192,0
FINAL_20261010_01,2,F05,91010,R6,F05:91010:P04,2,B,65712,0,0,0,0,0,0,0,0,8192,0
FINAL_20261010_01,2,F05,91010,M_OBSERVE_LIST,F05:91010:P04,2,A,65712,0,0,0,0,0,0,0,0,8192,0
FINAL_20261010_01,2,F05,91010,Original,F05:91010:P05,1,A,NA,0,NA,NA,NA,NA,0,NA,NA,8192,NA
FINAL_20261010_01,2,F05,91010,R6,F05:91010:P05,1,B,65712,0,0,0,0,0,0,0,0,8192,0
FINAL_20261010_01,2,F05,91010,R6,F05:91010:P05,2,B,65712,0,0,0,0,0,0,0,0,8192,0
FINAL_20261010_01,2,F05,91010,Original,F05:91010:P05,2,A,NA,0,NA,NA,NA,NA,0,NA,NA,8192,NA
FINAL_20261010_01,2,F05,91010,M_EVENT_16,F05:91010:P06,1,A,4016,1,0,0,0,1,1,0,1,8192,0
FINAL_20261010_01,2,F05,91010,R6,F05:91010:P06,1,B,65712,0,0,0,0,0,0,0,0,8192,0
FINAL_20261010_01,2,F05,91010,R6,F05:91010:P06,2,B,65712,0,0,0,0,0,0,0,0,8192,0
FINAL_20261010_01,2,F05,91010,M_EVENT_16,F05:91010:P06,2,A,4016,1,0,0,0,1,1,0,1,8192,0
FINAL_20261010_01,2,F05,91010,M_FIXED_2048,F05:91010:P07,1,A,4016,1,0,0,0,1,1,0,1,8192,0
FINAL_20261010_01,2,F05,91010,R6,F05:91010:P07,1,B,65712,0,0,0,0,0,0,0,0,8192,0
FINAL_20261010_01,2,F05,91010,R6,F05:91010:P07,2,B,65712,0,0,0,0,0,0,0,0,8192,0
FINAL_20261010_01,2,F05,91010,M_FIXED_2048,F05:91010:P07,2,A,4016,1,0,0,0,1,1,0,1,8192,0
FINAL_20261010_01,2,F05,91010,M_NO_IDLE,F05:91010:P08,1,A,65712,0,0,0,0,0,0,0,0,8192,0
FINAL_20261010_01,2,F05,91010,R6,F05:91010:P08,1,B,65712,0,0,0,0,0,0,0,0,8192,0
FINAL_20261010_01,2,F05,91010,R6,F05:91010:P08,2,B,65712,0,0,0,0,0,0,0,0,8192,0
FINAL_20261010_01,2,F05,91010,M_NO_IDLE,F05:91010:P08,2,A,65712,0,0,0,0,0,0,0,0,8192,0
FINAL_20261010_01,2,F06,91001,M_EVENT_16,F06:91001:DIA01,1,A,3124890,1,0,0,0,1,1,0,1,8192,0
FINAL_20261010_01,2,F06,91001,R6,F06:91001:DIA01,1,B,3124890,1,0,0,0,1,1,0,1,8192,0
FINAL_20261010_01,2,F06,91001,R6,F06:91001:DIA01,2,B,3124890,1,0,0,0,1,1,0,1,8192,0
FINAL_20261010_01,2,F06,91001,M_EVENT_16,F06:91001:DIA01,2,A,3124890,1,0,0,0,1,1,0,1,8192,0
FINAL_20261010_01,2,F06,91001,M_FIXED_128,F06:91001:DIA02,1,A,3124890,1,0,0,0,1,1,0,1,8192,0
FINAL_20261010_01,2,F06,91001,R6,F06:91001:DIA02,1,B,3124890,1,0,0,0,1,1,0,1,8192,0
FINAL_20261010_01,2,F06,91001,R6,F06:91001:DIA02,2,B,3124890,1,0,0,0,1,1,0,1,8192,0
FINAL_20261010_01,2,F06,91001,M_FIXED_128,F06:91001:DIA02,2,A,3124890,1,0,0,0,1,1,0,1,8192,0
FINAL_20261010_01,2,F06,91001,Original,F06:91001:P01,1,A,NA,0,NA,NA,NA,NA,0,NA,NA,8192,NA
FINAL_20261010_01,2,F06,91001,M_LIST,F06:91001:P01,1,B,NA,0,0,0,0,0,0,0,0,8192,0
FINAL_20261010_01,2,F06,91001,M_LIST,F06:91001:P01,2,B,NA,0,0,0,0,0,0,0,0,8192,0
FINAL_20261010_01,2,F06,91001,Original,F06:91001:P01,2,A,NA,0,NA,NA,NA,NA,0,NA,NA,8192,NA
FINAL_20261010_01,2,F06,91001,M_LIST,F06:91001:P02,1,A,NA,0,0,0,0,0,0,0,0,8192,0
FINAL_20261010_01,2,F06,91001,M_OBSERVE_LIST,F06:91001:P02,1,B,50252352,0,0,0,0,0,0,0,0,8192,0
FINAL_20261010_01,2,F06,91001,M_OBSERVE_LIST,F06:91001:P02,2,B,50252352,0,0,0,0,0,0,0,0,8192,0
FINAL_20261010_01,2,F06,91001,M_LIST,F06:91001:P02,2,A,NA,0,0,0,0,0,0,0,0,8192,0
FINAL_20261010_01,2,F06,91001,M_LIST,F06:91001:P03,1,A,NA,0,0,0,0,0,0,0,0,8192,0
FINAL_20261010_01,2,F06,91001,R6,F06:91001:P03,1,B,3124890,1,0,0,0,1,1,0,1,8192,0
FINAL_20261010_01,2,F06,91001,R6,F06:91001:P03,2,B,3124890,1,0,0,0,1,1,0,1,8192,0
FINAL_20261010_01,2,F06,91001,M_LIST,F06:91001:P03,2,A,NA,0,0,0,0,0,0,0,0,8192,0
FINAL_20261010_01,2,F06,91001,M_OBSERVE_LIST,F06:91001:P04,1,A,50252352,0,0,0,0,0,0,0,0,8192,0
FINAL_20261010_01,2,F06,91001,R6,F06:91001:P04,1,B,3124890,1,0,0,0,1,1,0,1,8192,0
FINAL_20261010_01,2,F06,91001,R6,F06:91001:P04,2,B,3124890,1,0,0,0,1,1,0,1,8192,0
FINAL_20261010_01,2,F06,91001,M_OBSERVE_LIST,F06:91001:P04,2,A,50252352,0,0,0,0,0,0,0,0,8192,0
FINAL_20261010_01,2,F06,91001,Original,F06:91001:P05,1,A,NA,0,NA,NA,NA,NA,0,NA,NA,8192,NA
FINAL_20261010_01,2,F06,91001,R6,F06:91001:P05,1,B,3124890,1,0,0,0,1,1,0,1,8192,0
FINAL_20261010_01,2,F06,91001,R6,F06:91001:P05,2,B,3124890,1,0,0,0,1,1,0,1,8192,0
FINAL_20261010_01,2,F06,91001,Original,F06:91001:P05,2,A,NA,0,NA,NA,NA,NA,0,NA,NA,8192,NA
FINAL_20261010_01,2,F06,91001,M_EVENT_16,F06:91001:P06,1,A,3124890,1,0,0,0,1,1,0,1,8192,0
FINAL_20261010_01,2,F06,91001,R6,F06:91001:P06,1,B,3124890,1,0,0,0,1,1,0,1,8192,0
FINAL_20261010_01,2,F06,91001,R6,F06:91001:P06,2,B,3124890,1,0,0,0,1,1,0,1,8192,0
FINAL_20261010_01,2,F06,91001,M_EVENT_16,F06:91001:P06,2,A,3124890,1,0,0,0,1,1,0,1,8192,0
FINAL_20261010_01,2,F06,91001,M_FIXED_2048,F06:91001:P07,1,A,3124890,1,0,0,0,1,1,0,1,8192,0
FINAL_20261010_01,2,F06,91001,R6,F06:91001:P07,1,B,3124890,1,0,0,0,1,1,0,1,8192,0
FINAL_20261010_01,2,F06,91001,R6,F06:91001:P07,2,B,3124890,1,0,0,0,1,1,0,1,8192,0
FINAL_20261010_01,2,F06,91001,M_FIXED_2048,F06:91001:P07,2,A,3124890,1,0,0,0,1,1,0,1,8192,0
FINAL_20261010_01,2,F06,91001,M_NO_IDLE,F06:91001:P08,1,A,3124890,1,0,0,0,1,1,0,1,8192,0
FINAL_20261010_01,2,F06,91001,R6,F06:91001:P08,1,B,3124890,1,0,0,0,1,1,0,1,8192,0
FINAL_20261010_01,2,F06,91001,R6,F06:91001:P08,2,B,3124890,1,0,0,0,1,1,0,1,8192,0
FINAL_20261010_01,2,F06,91001,M_NO_IDLE,F06:91001:P08,2,A,3124890,1,0,0,0,1,1,0,1,8192,0
FINAL_20261010_01,2,F06,91002,M_EVENT_16,F06:91002:DIA01,1,A,3115950,1,0,0,0,1,1,0,1,8192,0
FINAL_20261010_01,2,F06,91002,R6,F06:91002:DIA01,1,B,3115950,1,0,0,0,1,1,0,1,8192,0
FINAL_20261010_01,2,F06,91002,R6,F06:91002:DIA01,2,B,3115950,1,0,0,0,1,1,0,1,8192,0
FINAL_20261010_01,2,F06,91002,M_EVENT_16,F06:91002:DIA01,2,A,3115950,1,0,0,0,1,1,0,1,8192,0
FINAL_20261010_01,2,F06,91002,M_FIXED_128,F06:91002:DIA02,1,A,3115950,1,0,0,0,1,1,0,1,8192,0
FINAL_20261010_01,2,F06,91002,R6,F06:91002:DIA02,1,B,3115950,1,0,0,0,1,1,0,1,8192,0
FINAL_20261010_01,2,F06,91002,R6,F06:91002:DIA02,2,B,3115950,1,0,0,0,1,1,0,1,8192,0
FINAL_20261010_01,2,F06,91002,M_FIXED_128,F06:91002:DIA02,2,A,3115950,1,0,0,0,1,1,0,1,8192,0
FINAL_20261010_01,2,F06,91002,Original,F06:91002:P01,1,A,NA,0,NA,NA,NA,NA,0,NA,NA,8192,NA
FINAL_20261010_01,2,F06,91002,M_LIST,F06:91002:P01,1,B,NA,0,0,0,0,0,0,0,0,8192,0
FINAL_20261010_01,2,F06,91002,M_LIST,F06:91002:P01,2,B,NA,0,0,0,0,0,0,0,0,8192,0
FINAL_20261010_01,2,F06,91002,Original,F06:91002:P01,2,A,NA,0,NA,NA,NA,NA,0,NA,NA,8192,NA
FINAL_20261010_01,2,F06,91002,M_LIST,F06:91002:P02,1,A,NA,0,0,0,0,0,0,0,0,8192,0
FINAL_20261010_01,2,F06,91002,M_OBSERVE_LIST,F06:91002:P02,1,B,50393160,0,0,0,0,0,0,0,0,8192,0
FINAL_20261010_01,2,F06,91002,M_OBSERVE_LIST,F06:91002:P02,2,B,50393160,0,0,0,0,0,0,0,0,8192,0
FINAL_20261010_01,2,F06,91002,M_LIST,F06:91002:P02,2,A,NA,0,0,0,0,0,0,0,0,8192,0
FINAL_20261010_01,2,F06,91002,M_LIST,F06:91002:P03,1,A,NA,0,0,0,0,0,0,0,0,8192,0
FINAL_20261010_01,2,F06,91002,R6,F06:91002:P03,1,B,3115950,1,0,0,0,1,1,0,1,8192,0
FINAL_20261010_01,2,F06,91002,R6,F06:91002:P03,2,B,3115950,1,0,0,0,1,1,0,1,8192,0
FINAL_20261010_01,2,F06,91002,M_LIST,F06:91002:P03,2,A,NA,0,0,0,0,0,0,0,0,8192,0
FINAL_20261010_01,2,F06,91002,M_OBSERVE_LIST,F06:91002:P04,1,A,50393160,0,0,0,0,0,0,0,0,8192,0
FINAL_20261010_01,2,F06,91002,R6,F06:91002:P04,1,B,3115950,1,0,0,0,1,1,0,1,8192,0
FINAL_20261010_01,2,F06,91002,R6,F06:91002:P04,2,B,3115950,1,0,0,0,1,1,0,1,8192,0
FINAL_20261010_01,2,F06,91002,M_OBSERVE_LIST,F06:91002:P04,2,A,50393160,0,0,0,0,0,0,0,0,8192,0
FINAL_20261010_01,2,F06,91002,Original,F06:91002:P05,1,A,NA,0,NA,NA,NA,NA,0,NA,NA,8192,NA
FINAL_20261010_01,2,F06,91002,R6,F06:91002:P05,1,B,3115950,1,0,0,0,1,1,0,1,8192,0
FINAL_20261010_01,2,F06,91002,R6,F06:91002:P05,2,B,3115950,1,0,0,0,1,1,0,1,8192,0
FINAL_20261010_01,2,F06,91002,Original,F06:91002:P05,2,A,NA,0,NA,NA,NA,NA,0,NA,NA,8192,NA
FINAL_20261010_01,2,F06,91002,M_EVENT_16,F06:91002:P06,1,A,3115950,1,0,0,0,1,1,0,1,8192,0
FINAL_20261010_01,2,F06,91002,R6,F06:91002:P06,1,B,3115950,1,0,0,0,1,1,0,1,8192,0
FINAL_20261010_01,2,F06,91002,R6,F06:91002:P06,2,B,3115950,1,0,0,0,1,1,0,1,8192,0
FINAL_20261010_01,2,F06,91002,M_EVENT_16,F06:91002:P06,2,A,3115950,1,0,0,0,1,1,0,1,8192,0
FINAL_20261010_01,2,F06,91002,M_FIXED_2048,F06:91002:P07,1,A,3115950,1,0,0,0,1,1,0,1,8192,0
FINAL_20261010_01,2,F06,91002,R6,F06:91002:P07,1,B,3115950,1,0,0,0,1,1,0,1,8192,0
FINAL_20261010_01,2,F06,91002,R6,F06:91002:P07,2,B,3115950,1,0,0,0,1,1,0,1,8192,0
FINAL_20261010_01,2,F06,91002,M_FIXED_2048,F06:91002:P07,2,A,3115950,1,0,0,0,1,1,0,1,8192,0
FINAL_20261010_01,2,F06,91002,M_NO_IDLE,F06:91002:P08,1,A,3115950,1,0,0,0,1,1,0,1,8192,0
FINAL_20261010_01,2,F06,91002,R6,F06:91002:P08,1,B,3115950,1,0,0,0,1,1,0,1,8192,0
FINAL_20261010_01,2,F06,91002,R6,F06:91002:P08,2,B,3115950,1,0,0,0,1,1,0,1,8192,0
FINAL_20261010_01,2,F06,91002,M_NO_IDLE,F06:91002:P08,2,A,3115950,1,0,0,0,1,1,0,1,8192,0
FINAL_20261010_01,2,F06,91003,M_EVENT_16,F06:91003:DIA01,1,A,3116574,1,0,0,0,1,1,0,1,8192,0
FINAL_20261010_01,2,F06,91003,R6,F06:91003:DIA01,1,B,3116574,1,0,0,0,1,1,0,1,8192,0
FINAL_20261010_01,2,F06,91003,R6,F06:91003:DIA01,2,B,3116574,1,0,0,0,1,1,0,1,8192,0
FINAL_20261010_01,2,F06,91003,M_EVENT_16,F06:91003:DIA01,2,A,3116574,1,0,0,0,1,1,0,1,8192,0
FINAL_20261010_01,2,F06,91003,M_FIXED_128,F06:91003:DIA02,1,A,3116574,1,0,0,0,1,1,0,1,8192,0
FINAL_20261010_01,2,F06,91003,R6,F06:91003:DIA02,1,B,3116574,1,0,0,0,1,1,0,1,8192,0
FINAL_20261010_01,2,F06,91003,R6,F06:91003:DIA02,2,B,3116574,1,0,0,0,1,1,0,1,8192,0
FINAL_20261010_01,2,F06,91003,M_FIXED_128,F06:91003:DIA02,2,A,3116574,1,0,0,0,1,1,0,1,8192,0
FINAL_20261010_01,2,F06,91003,Original,F06:91003:P01,1,A,NA,0,NA,NA,NA,NA,0,NA,NA,8192,NA
FINAL_20261010_01,2,F06,91003,M_LIST,F06:91003:P01,1,B,NA,0,0,0,0,0,0,0,0,8192,0
FINAL_20261010_01,2,F06,91003,M_LIST,F06:91003:P01,2,B,NA,0,0,0,0,0,0,0,0,8192,0
FINAL_20261010_01,2,F06,91003,Original,F06:91003:P01,2,A,NA,0,NA,NA,NA,NA,0,NA,NA,8192,NA
FINAL_20261010_01,2,F06,91003,M_LIST,F06:91003:P02,1,A,NA,0,0,0,0,0,0,0,0,8192,0
FINAL_20261010_01,2,F06,91003,M_OBSERVE_LIST,F06:91003:P02,1,B,50098288,0,0,0,0,0,0,0,0,8192,0
FINAL_20261010_01,2,F06,91003,M_OBSERVE_LIST,F06:91003:P02,2,B,50098288,0,0,0,0,0,0,0,0,8192,0
FINAL_20261010_01,2,F06,91003,M_LIST,F06:91003:P02,2,A,NA,0,0,0,0,0,0,0,0,8192,0
FINAL_20261010_01,2,F06,91003,M_LIST,F06:91003:P03,1,A,NA,0,0,0,0,0,0,0,0,8192,0
FINAL_20261010_01,2,F06,91003,R6,F06:91003:P03,1,B,3116574,1,0,0,0,1,1,0,1,8192,0
FINAL_20261010_01,2,F06,91003,R6,F06:91003:P03,2,B,3116574,1,0,0,0,1,1,0,1,8192,0
FINAL_20261010_01,2,F06,91003,M_LIST,F06:91003:P03,2,A,NA,0,0,0,0,0,0,0,0,8192,0
FINAL_20261010_01,2,F06,91003,M_OBSERVE_LIST,F06:91003:P04,1,A,50098288,0,0,0,0,0,0,0,0,8192,0
FINAL_20261010_01,2,F06,91003,R6,F06:91003:P04,1,B,3116574,1,0,0,0,1,1,0,1,8192,0
FINAL_20261010_01,2,F06,91003,R6,F06:91003:P04,2,B,3116574,1,0,0,0,1,1,0,1,8192,0
FINAL_20261010_01,2,F06,91003,M_OBSERVE_LIST,F06:91003:P04,2,A,50098288,0,0,0,0,0,0,0,0,8192,0
FINAL_20261010_01,2,F06,91003,Original,F06:91003:P05,1,A,NA,0,NA,NA,NA,NA,0,NA,NA,8192,NA
FINAL_20261010_01,2,F06,91003,R6,F06:91003:P05,1,B,3116574,1,0,0,0,1,1,0,1,8192,0
FINAL_20261010_01,2,F06,91003,R6,F06:91003:P05,2,B,3116574,1,0,0,0,1,1,0,1,8192,0
FINAL_20261010_01,2,F06,91003,Original,F06:91003:P05,2,A,NA,0,NA,NA,NA,NA,0,NA,NA,8192,NA
FINAL_20261010_01,2,F06,91003,M_EVENT_16,F06:91003:P06,1,A,3116574,1,0,0,0,1,1,0,1,8192,0
FINAL_20261010_01,2,F06,91003,R6,F06:91003:P06,1,B,3116574,1,0,0,0,1,1,0,1,8192,0
FINAL_20261010_01,2,F06,91003,R6,F06:91003:P06,2,B,3116574,1,0,0,0,1,1,0,1,8192,0
FINAL_20261010_01,2,F06,91003,M_EVENT_16,F06:91003:P06,2,A,3116574,1,0,0,0,1,1,0,1,8192,0
FINAL_20261010_01,2,F06,91003,M_FIXED_2048,F06:91003:P07,1,A,3116574,1,0,0,0,1,1,0,1,8192,0
FINAL_20261010_01,2,F06,91003,R6,F06:91003:P07,1,B,3116574,1,0,0,0,1,1,0,1,8192,0
FINAL_20261010_01,2,F06,91003,R6,F06:91003:P07,2,B,3116574,1,0,0,0,1,1,0,1,8192,0
FINAL_20261010_01,2,F06,91003,M_FIXED_2048,F06:91003:P07,2,A,3116574,1,0,0,0,1,1,0,1,8192,0
FINAL_20261010_01,2,F06,91003,M_NO_IDLE,F06:91003:P08,1,A,3116574,1,0,0,0,1,1,0,1,8192,0
FINAL_20261010_01,2,F06,91003,R6,F06:91003:P08,1,B,3116574,1,0,0,0,1,1,0,1,8192,0
FINAL_20261010_01,2,F06,91003,R6,F06:91003:P08,2,B,3116574,1,0,0,0,1,1,0,1,8192,0
FINAL_20261010_01,2,F06,91003,M_NO_IDLE,F06:91003:P08,2,A,3116574,1,0,0,0,1,1,0,1,8192,0
FINAL_20261010_01,2,F06,91004,M_EVENT_16,F06:91004:DIA01,1,A,3190264,1,0,0,0,1,1,0,1,8192,0
FINAL_20261010_01,2,F06,91004,R6,F06:91004:DIA01,1,B,3190264,1,0,0,0,1,1,0,1,8192,0
FINAL_20261010_01,2,F06,91004,R6,F06:91004:DIA01,2,B,3190264,1,0,0,0,1,1,0,1,8192,0
FINAL_20261010_01,2,F06,91004,M_EVENT_16,F06:91004:DIA01,2,A,3190264,1,0,0,0,1,1,0,1,8192,0
FINAL_20261010_01,2,F06,91004,M_FIXED_128,F06:91004:DIA02,1,A,3190264,1,0,0,0,1,1,0,1,8192,0
FINAL_20261010_01,2,F06,91004,R6,F06:91004:DIA02,1,B,3190264,1,0,0,0,1,1,0,1,8192,0
FINAL_20261010_01,2,F06,91004,R6,F06:91004:DIA02,2,B,3190264,1,0,0,0,1,1,0,1,8192,0
FINAL_20261010_01,2,F06,91004,M_FIXED_128,F06:91004:DIA02,2,A,3190264,1,0,0,0,1,1,0,1,8192,0
FINAL_20261010_01,2,F06,91004,Original,F06:91004:P01,1,A,NA,0,NA,NA,NA,NA,0,NA,NA,8192,NA
FINAL_20261010_01,2,F06,91004,M_LIST,F06:91004:P01,1,B,NA,0,0,0,0,0,0,0,0,8192,0
FINAL_20261010_01,2,F06,91004,M_LIST,F06:91004:P01,2,B,NA,0,0,0,0,0,0,0,0,8192,0
FINAL_20261010_01,2,F06,91004,Original,F06:91004:P01,2,A,NA,0,NA,NA,NA,NA,0,NA,NA,8192,NA
FINAL_20261010_01,2,F06,91004,M_LIST,F06:91004:P02,1,A,NA,0,0,0,0,0,0,0,0,8192,0
FINAL_20261010_01,2,F06,91004,M_OBSERVE_LIST,F06:91004:P02,1,B,50312562,0,0,0,0,0,0,0,0,8192,0
FINAL_20261010_01,2,F06,91004,M_OBSERVE_LIST,F06:91004:P02,2,B,50312562,0,0,0,0,0,0,0,0,8192,0
FINAL_20261010_01,2,F06,91004,M_LIST,F06:91004:P02,2,A,NA,0,0,0,0,0,0,0,0,8192,0
FINAL_20261010_01,2,F06,91004,M_LIST,F06:91004:P03,1,A,NA,0,0,0,0,0,0,0,0,8192,0
FINAL_20261010_01,2,F06,91004,R6,F06:91004:P03,1,B,3190264,1,0,0,0,1,1,0,1,8192,0
FINAL_20261010_01,2,F06,91004,R6,F06:91004:P03,2,B,3190264,1,0,0,0,1,1,0,1,8192,0
FINAL_20261010_01,2,F06,91004,M_LIST,F06:91004:P03,2,A,NA,0,0,0,0,0,0,0,0,8192,0
FINAL_20261010_01,2,F06,91004,M_OBSERVE_LIST,F06:91004:P04,1,A,50312562,0,0,0,0,0,0,0,0,8192,0
FINAL_20261010_01,2,F06,91004,R6,F06:91004:P04,1,B,3190264,1,0,0,0,1,1,0,1,8192,0
FINAL_20261010_01,2,F06,91004,R6,F06:91004:P04,2,B,3190264,1,0,0,0,1,1,0,1,8192,0
FINAL_20261010_01,2,F06,91004,M_OBSERVE_LIST,F06:91004:P04,2,A,50312562,0,0,0,0,0,0,0,0,8192,0
FINAL_20261010_01,2,F06,91004,Original,F06:91004:P05,1,A,NA,0,NA,NA,NA,NA,0,NA,NA,8192,NA
FINAL_20261010_01,2,F06,91004,R6,F06:91004:P05,1,B,3190264,1,0,0,0,1,1,0,1,8192,0
FINAL_20261010_01,2,F06,91004,R6,F06:91004:P05,2,B,3190264,1,0,0,0,1,1,0,1,8192,0
FINAL_20261010_01,2,F06,91004,Original,F06:91004:P05,2,A,NA,0,NA,NA,NA,NA,0,NA,NA,8192,NA
FINAL_20261010_01,2,F06,91004,M_EVENT_16,F06:91004:P06,1,A,3190264,1,0,0,0,1,1,0,1,8192,0
FINAL_20261010_01,2,F06,91004,R6,F06:91004:P06,1,B,3190264,1,0,0,0,1,1,0,1,8192,0
FINAL_20261010_01,2,F06,91004,R6,F06:91004:P06,2,B,3190264,1,0,0,0,1,1,0,1,8192,0
FINAL_20261010_01,2,F06,91004,M_EVENT_16,F06:91004:P06,2,A,3190264,1,0,0,0,1,1,0,1,8192,0
FINAL_20261010_01,2,F06,91004,M_FIXED_2048,F06:91004:P07,1,A,3190264,1,0,0,0,1,1,0,1,8192,0
FINAL_20261010_01,2,F06,91004,R6,F06:91004:P07,1,B,3190264,1,0,0,0,1,1,0,1,8192,0
FINAL_20261010_01,2,F06,91004,R6,F06:91004:P07,2,B,3190264,1,0,0,0,1,1,0,1,8192,0
FINAL_20261010_01,2,F06,91004,M_FIXED_2048,F06:91004:P07,2,A,3190264,1,0,0,0,1,1,0,1,8192,0
FINAL_20261010_01,2,F06,91004,M_NO_IDLE,F06:91004:P08,1,A,3190264,1,0,0,0,1,1,0,1,8192,0
FINAL_20261010_01,2,F06,91004,R6,F06:91004:P08,1,B,3190264,1,0,0,0,1,1,0,1,8192,0
FINAL_20261010_01,2,F06,91004,R6,F06:91004:P08,2,B,3190264,1,0,0,0,1,1,0,1,8192,0
FINAL_20261010_01,2,F06,91004,M_NO_IDLE,F06:91004:P08,2,A,3190264,1,0,0,0,1,1,0,1,8192,0
FINAL_20261010_01,2,F06,91005,M_EVENT_16,F06:91005:DIA01,1,A,3153048,1,0,0,0,1,1,0,1,8192,0
FINAL_20261010_01,2,F06,91005,R6,F06:91005:DIA01,1,B,3153048,1,0,0,0,1,1,0,1,8192,0
FINAL_20261010_01,2,F06,91005,R6,F06:91005:DIA01,2,B,3153048,1,0,0,0,1,1,0,1,8192,0
FINAL_20261010_01,2,F06,91005,M_EVENT_16,F06:91005:DIA01,2,A,3153048,1,0,0,0,1,1,0,1,8192,0
FINAL_20261010_01,2,F06,91005,M_FIXED_128,F06:91005:DIA02,1,A,3153048,1,0,0,0,1,1,0,1,8192,0
FINAL_20261010_01,2,F06,91005,R6,F06:91005:DIA02,1,B,3153048,1,0,0,0,1,1,0,1,8192,0
FINAL_20261010_01,2,F06,91005,R6,F06:91005:DIA02,2,B,3153048,1,0,0,0,1,1,0,1,8192,0
FINAL_20261010_01,2,F06,91005,M_FIXED_128,F06:91005:DIA02,2,A,3153048,1,0,0,0,1,1,0,1,8192,0
FINAL_20261010_01,2,F06,91005,Original,F06:91005:P01,1,A,NA,0,NA,NA,NA,NA,0,NA,NA,8192,NA
FINAL_20261010_01,2,F06,91005,M_LIST,F06:91005:P01,1,B,NA,0,0,0,0,0,0,0,0,8192,0
FINAL_20261010_01,2,F06,91005,M_LIST,F06:91005:P01,2,B,NA,0,0,0,0,0,0,0,0,8192,0
FINAL_20261010_01,2,F06,91005,Original,F06:91005:P01,2,A,NA,0,NA,NA,NA,NA,0,NA,NA,8192,NA
FINAL_20261010_01,2,F06,91005,M_LIST,F06:91005:P02,1,A,NA,0,0,0,0,0,0,0,0,8192,0
FINAL_20261010_01,2,F06,91005,M_OBSERVE_LIST,F06:91005:P02,1,B,50210580,0,0,0,0,0,0,0,0,8192,0
FINAL_20261010_01,2,F06,91005,M_OBSERVE_LIST,F06:91005:P02,2,B,50210580,0,0,0,0,0,0,0,0,8192,0
FINAL_20261010_01,2,F06,91005,M_LIST,F06:91005:P02,2,A,NA,0,0,0,0,0,0,0,0,8192,0
FINAL_20261010_01,2,F06,91005,M_LIST,F06:91005:P03,1,A,NA,0,0,0,0,0,0,0,0,8192,0
FINAL_20261010_01,2,F06,91005,R6,F06:91005:P03,1,B,3153048,1,0,0,0,1,1,0,1,8192,0
FINAL_20261010_01,2,F06,91005,R6,F06:91005:P03,2,B,3153048,1,0,0,0,1,1,0,1,8192,0
FINAL_20261010_01,2,F06,91005,M_LIST,F06:91005:P03,2,A,NA,0,0,0,0,0,0,0,0,8192,0
FINAL_20261010_01,2,F06,91005,M_OBSERVE_LIST,F06:91005:P04,1,A,50210580,0,0,0,0,0,0,0,0,8192,0
FINAL_20261010_01,2,F06,91005,R6,F06:91005:P04,1,B,3153048,1,0,0,0,1,1,0,1,8192,0
FINAL_20261010_01,2,F06,91005,R6,F06:91005:P04,2,B,3153048,1,0,0,0,1,1,0,1,8192,0
FINAL_20261010_01,2,F06,91005,M_OBSERVE_LIST,F06:91005:P04,2,A,50210580,0,0,0,0,0,0,0,0,8192,0
FINAL_20261010_01,2,F06,91005,Original,F06:91005:P05,1,A,NA,0,NA,NA,NA,NA,0,NA,NA,8192,NA
FINAL_20261010_01,2,F06,91005,R6,F06:91005:P05,1,B,3153048,1,0,0,0,1,1,0,1,8192,0
FINAL_20261010_01,2,F06,91005,R6,F06:91005:P05,2,B,3153048,1,0,0,0,1,1,0,1,8192,0
FINAL_20261010_01,2,F06,91005,Original,F06:91005:P05,2,A,NA,0,NA,NA,NA,NA,0,NA,NA,8192,NA
FINAL_20261010_01,2,F06,91005,M_EVENT_16,F06:91005:P06,1,A,3153048,1,0,0,0,1,1,0,1,8192,0
FINAL_20261010_01,2,F06,91005,R6,F06:91005:P06,1,B,3153048,1,0,0,0,1,1,0,1,8192,0
FINAL_20261010_01,2,F06,91005,R6,F06:91005:P06,2,B,3153048,1,0,0,0,1,1,0,1,8192,0
FINAL_20261010_01,2,F06,91005,M_EVENT_16,F06:91005:P06,2,A,3153048,1,0,0,0,1,1,0,1,8192,0
FINAL_20261010_01,2,F06,91005,M_FIXED_2048,F06:91005:P07,1,A,3153048,1,0,0,0,1,1,0,1,8192,0
FINAL_20261010_01,2,F06,91005,R6,F06:91005:P07,1,B,3153048,1,0,0,0,1,1,0,1,8192,0
FINAL_20261010_01,2,F06,91005,R6,F06:91005:P07,2,B,3153048,1,0,0,0,1,1,0,1,8192,0
FINAL_20261010_01,2,F06,91005,M_FIXED_2048,F06:91005:P07,2,A,3153048,1,0,0,0,1,1,0,1,8192,0
FINAL_20261010_01,2,F06,91005,M_NO_IDLE,F06:91005:P08,1,A,3153048,1,0,0,0,1,1,0,1,8192,0
FINAL_20261010_01,2,F06,91005,R6,F06:91005:P08,1,B,3153048,1,0,0,0,1,1,0,1,8192,0
FINAL_20261010_01,2,F06,91005,R6,F06:91005:P08,2,B,3153048,1,0,0,0,1,1,0,1,8192,0
FINAL_20261010_01,2,F06,91005,M_NO_IDLE,F06:91005:P08,2,A,3153048,1,0,0,0,1,1,0,1,8192,0
FINAL_20261010_01,2,F06,91006,M_EVENT_16,F06:91006:DIA01,1,A,3136516,1,0,0,0,1,1,0,1,8192,0
FINAL_20261010_01,2,F06,91006,R6,F06:91006:DIA01,1,B,3136516,1,0,0,0,1,1,0,1,8192,0
FINAL_20261010_01,2,F06,91006,R6,F06:91006:DIA01,2,B,3136516,1,0,0,0,1,1,0,1,8192,0
FINAL_20261010_01,2,F06,91006,M_EVENT_16,F06:91006:DIA01,2,A,3136516,1,0,0,0,1,1,0,1,8192,0
FINAL_20261010_01,2,F06,91006,M_FIXED_128,F06:91006:DIA02,1,A,3136516,1,0,0,0,1,1,0,1,8192,0
FINAL_20261010_01,2,F06,91006,R6,F06:91006:DIA02,1,B,3136516,1,0,0,0,1,1,0,1,8192,0
FINAL_20261010_01,2,F06,91006,R6,F06:91006:DIA02,2,B,3136516,1,0,0,0,1,1,0,1,8192,0
FINAL_20261010_01,2,F06,91006,M_FIXED_128,F06:91006:DIA02,2,A,3136516,1,0,0,0,1,1,0,1,8192,0
FINAL_20261010_01,2,F06,91006,Original,F06:91006:P01,1,A,NA,0,NA,NA,NA,NA,0,NA,NA,8192,NA
FINAL_20261010_01,2,F06,91006,M_LIST,F06:91006:P01,1,B,NA,0,0,0,0,0,0,0,0,8192,0
FINAL_20261010_01,2,F06,91006,M_LIST,F06:91006:P01,2,B,NA,0,0,0,0,0,0,0,0,8192,0
FINAL_20261010_01,2,F06,91006,Original,F06:91006:P01,2,A,NA,0,NA,NA,NA,NA,0,NA,NA,8192,NA
FINAL_20261010_01,2,F06,91006,M_LIST,F06:91006:P02,1,A,NA,0,0,0,0,0,0,0,0,8192,0
FINAL_20261010_01,2,F06,91006,M_OBSERVE_LIST,F06:91006:P02,1,B,50358776,0,0,0,0,0,0,0,0,8192,0
FINAL_20261010_01,2,F06,91006,M_OBSERVE_LIST,F06:91006:P02,2,B,50358776,0,0,0,0,0,0,0,0,8192,0
FINAL_20261010_01,2,F06,91006,M_LIST,F06:91006:P02,2,A,NA,0,0,0,0,0,0,0,0,8192,0
FINAL_20261010_01,2,F06,91006,M_LIST,F06:91006:P03,1,A,NA,0,0,0,0,0,0,0,0,8192,0
FINAL_20261010_01,2,F06,91006,R6,F06:91006:P03,1,B,3136516,1,0,0,0,1,1,0,1,8192,0
FINAL_20261010_01,2,F06,91006,R6,F06:91006:P03,2,B,3136516,1,0,0,0,1,1,0,1,8192,0
FINAL_20261010_01,2,F06,91006,M_LIST,F06:91006:P03,2,A,NA,0,0,0,0,0,0,0,0,8192,0
FINAL_20261010_01,2,F06,91006,M_OBSERVE_LIST,F06:91006:P04,1,A,50358776,0,0,0,0,0,0,0,0,8192,0
FINAL_20261010_01,2,F06,91006,R6,F06:91006:P04,1,B,3136516,1,0,0,0,1,1,0,1,8192,0
FINAL_20261010_01,2,F06,91006,R6,F06:91006:P04,2,B,3136516,1,0,0,0,1,1,0,1,8192,0
FINAL_20261010_01,2,F06,91006,M_OBSERVE_LIST,F06:91006:P04,2,A,50358776,0,0,0,0,0,0,0,0,8192,0
FINAL_20261010_01,2,F06,91006,Original,F06:91006:P05,1,A,NA,0,NA,NA,NA,NA,0,NA,NA,8192,NA
FINAL_20261010_01,2,F06,91006,R6,F06:91006:P05,1,B,3136516,1,0,0,0,1,1,0,1,8192,0
FINAL_20261010_01,2,F06,91006,R6,F06:91006:P05,2,B,3136516,1,0,0,0,1,1,0,1,8192,0
FINAL_20261010_01,2,F06,91006,Original,F06:91006:P05,2,A,NA,0,NA,NA,NA,NA,0,NA,NA,8192,NA
FINAL_20261010_01,2,F06,91006,M_EVENT_16,F06:91006:P06,1,A,3136516,1,0,0,0,1,1,0,1,8192,0
FINAL_20261010_01,2,F06,91006,R6,F06:91006:P06,1,B,3136516,1,0,0,0,1,1,0,1,8192,0
FINAL_20261010_01,2,F06,91006,R6,F06:91006:P06,2,B,3136516,1,0,0,0,1,1,0,1,8192,0
FINAL_20261010_01,2,F06,91006,M_EVENT_16,F06:91006:P06,2,A,3136516,1,0,0,0,1,1,0,1,8192,0
FINAL_20261010_01,2,F06,91006,M_FIXED_2048,F06:91006:P07,1,A,3136516,1,0,0,0,1,1,0,1,8192,0
FINAL_20261010_01,2,F06,91006,R6,F06:91006:P07,1,B,3136516,1,0,0,0,1,1,0,1,8192,0
FINAL_20261010_01,2,F06,91006,R6,F06:91006:P07,2,B,3136516,1,0,0,0,1,1,0,1,8192,0
FINAL_20261010_01,2,F06,91006,M_FIXED_2048,F06:91006:P07,2,A,3136516,1,0,0,0,1,1,0,1,8192,0
FINAL_20261010_01,2,F06,91006,M_NO_IDLE,F06:91006:P08,1,A,3136516,1,0,0,0,1,1,0,1,8192,0
FINAL_20261010_01,2,F06,91006,R6,F06:91006:P08,1,B,3136516,1,0,0,0,1,1,0,1,8192,0
FINAL_20261010_01,2,F06,91006,R6,F06:91006:P08,2,B,3136516,1,0,0,0,1,1,0,1,8192,0
FINAL_20261010_01,2,F06,91006,M_NO_IDLE,F06:91006:P08,2,A,3136516,1,0,0,0,1,1,0,1,8192,0
FINAL_20261010_01,2,F06,91007,M_EVENT_16,F06:91007:DIA01,1,A,3139642,1,0,0,0,1,1,0,1,8192,0
FINAL_20261010_01,2,F06,91007,R6,F06:91007:DIA01,1,B,3139642,1,0,0,0,1,1,0,1,8192,0
FINAL_20261010_01,2,F06,91007,R6,F06:91007:DIA01,2,B,3139642,1,0,0,0,1,1,0,1,8192,0
FINAL_20261010_01,2,F06,91007,M_EVENT_16,F06:91007:DIA01,2,A,3139642,1,0,0,0,1,1,0,1,8192,0
FINAL_20261010_01,2,F06,91007,M_FIXED_128,F06:91007:DIA02,1,A,3139642,1,0,0,0,1,1,0,1,8192,0
FINAL_20261010_01,2,F06,91007,R6,F06:91007:DIA02,1,B,3139642,1,0,0,0,1,1,0,1,8192,0
FINAL_20261010_01,2,F06,91007,R6,F06:91007:DIA02,2,B,3139642,1,0,0,0,1,1,0,1,8192,0
FINAL_20261010_01,2,F06,91007,M_FIXED_128,F06:91007:DIA02,2,A,3139642,1,0,0,0,1,1,0,1,8192,0
FINAL_20261010_01,2,F06,91007,Original,F06:91007:P01,1,A,NA,0,NA,NA,NA,NA,0,NA,NA,8192,NA
FINAL_20261010_01,2,F06,91007,M_LIST,F06:91007:P01,1,B,NA,0,0,0,0,0,0,0,0,8192,0
FINAL_20261010_01,2,F06,91007,M_LIST,F06:91007:P01,2,B,NA,0,0,0,0,0,0,0,0,8192,0
FINAL_20261010_01,2,F06,91007,Original,F06:91007:P01,2,A,NA,0,NA,NA,NA,NA,0,NA,NA,8192,NA
FINAL_20261010_01,2,F06,91007,M_LIST,F06:91007:P02,1,A,NA,0,0,0,0,0,0,0,0,8192,0
FINAL_20261010_01,2,F06,91007,M_OBSERVE_LIST,F06:91007:P02,1,B,50286044,0,0,0,0,0,0,0,0,8192,0
FINAL_20261010_01,2,F06,91007,M_OBSERVE_LIST,F06:91007:P02,2,B,50286044,0,0,0,0,0,0,0,0,8192,0
FINAL_20261010_01,2,F06,91007,M_LIST,F06:91007:P02,2,A,NA,0,0,0,0,0,0,0,0,8192,0
FINAL_20261010_01,2,F06,91007,M_LIST,F06:91007:P03,1,A,NA,0,0,0,0,0,0,0,0,8192,0
FINAL_20261010_01,2,F06,91007,R6,F06:91007:P03,1,B,3139642,1,0,0,0,1,1,0,1,8192,0
FINAL_20261010_01,2,F06,91007,R6,F06:91007:P03,2,B,3139642,1,0,0,0,1,1,0,1,8192,0
FINAL_20261010_01,2,F06,91007,M_LIST,F06:91007:P03,2,A,NA,0,0,0,0,0,0,0,0,8192,0
FINAL_20261010_01,2,F06,91007,M_OBSERVE_LIST,F06:91007:P04,1,A,50286044,0,0,0,0,0,0,0,0,8192,0
FINAL_20261010_01,2,F06,91007,R6,F06:91007:P04,1,B,3139642,1,0,0,0,1,1,0,1,8192,0
FINAL_20261010_01,2,F06,91007,R6,F06:91007:P04,2,B,3139642,1,0,0,0,1,1,0,1,8192,0
FINAL_20261010_01,2,F06,91007,M_OBSERVE_LIST,F06:91007:P04,2,A,50286044,0,0,0,0,0,0,0,0,8192,0
FINAL_20261010_01,2,F06,91007,Original,F06:91007:P05,1,A,NA,0,NA,NA,NA,NA,0,NA,NA,8192,NA
FINAL_20261010_01,2,F06,91007,R6,F06:91007:P05,1,B,3139642,1,0,0,0,1,1,0,1,8192,0
FINAL_20261010_01,2,F06,91007,R6,F06:91007:P05,2,B,3139642,1,0,0,0,1,1,0,1,8192,0
FINAL_20261010_01,2,F06,91007,Original,F06:91007:P05,2,A,NA,0,NA,NA,NA,NA,0,NA,NA,8192,NA
FINAL_20261010_01,2,F06,91007,M_EVENT_16,F06:91007:P06,1,A,3139642,1,0,0,0,1,1,0,1,8192,0
FINAL_20261010_01,2,F06,91007,R6,F06:91007:P06,1,B,3139642,1,0,0,0,1,1,0,1,8192,0
FINAL_20261010_01,2,F06,91007,R6,F06:91007:P06,2,B,3139642,1,0,0,0,1,1,0,1,8192,0
FINAL_20261010_01,2,F06,91007,M_EVENT_16,F06:91007:P06,2,A,3139642,1,0,0,0,1,1,0,1,8192,0
FINAL_20261010_01,2,F06,91007,M_FIXED_2048,F06:91007:P07,1,A,3139642,1,0,0,0,1,1,0,1,8192,0
FINAL_20261010_01,2,F06,91007,R6,F06:91007:P07,1,B,3139642,1,0,0,0,1,1,0,1,8192,0
FINAL_20261010_01,2,F06,91007,R6,F06:91007:P07,2,B,3139642,1,0,0,0,1,1,0,1,8192,0
FINAL_20261010_01,2,F06,91007,M_FIXED_2048,F06:91007:P07,2,A,3139642,1,0,0,0,1,1,0,1,8192,0
FINAL_20261010_01,2,F06,91007,M_NO_IDLE,F06:91007:P08,1,A,3139642,1,0,0,0,1,1,0,1,8192,0
FINAL_20261010_01,2,F06,91007,R6,F06:91007:P08,1,B,3139642,1,0,0,0,1,1,0,1,8192,0
FINAL_20261010_01,2,F06,91007,R6,F06:91007:P08,2,B,3139642,1,0,0,0,1,1,0,1,8192,0
FINAL_20261010_01,2,F06,91007,M_NO_IDLE,F06:91007:P08,2,A,3139642,1,0,0,0,1,1,0,1,8192,0
FINAL_20261010_01,2,F06,91008,M_EVENT_16,F06:91008:DIA01,1,A,3170220,1,0,0,0,1,1,0,1,8192,0
FINAL_20261010_01,2,F06,91008,R6,F06:91008:DIA01,1,B,3170220,1,0,0,0,1,1,0,1,8192,0
FINAL_20261010_01,2,F06,91008,R6,F06:91008:DIA01,2,B,3170220,1,0,0,0,1,1,0,1,8192,0
FINAL_20261010_01,2,F06,91008,M_EVENT_16,F06:91008:DIA01,2,A,3170220,1,0,0,0,1,1,0,1,8192,0
FINAL_20261010_01,2,F06,91008,M_FIXED_128,F06:91008:DIA02,1,A,3170220,1,0,0,0,1,1,0,1,8192,0
FINAL_20261010_01,2,F06,91008,R6,F06:91008:DIA02,1,B,3170220,1,0,0,0,1,1,0,1,8192,0
FINAL_20261010_01,2,F06,91008,R6,F06:91008:DIA02,2,B,3170220,1,0,0,0,1,1,0,1,8192,0
FINAL_20261010_01,2,F06,91008,M_FIXED_128,F06:91008:DIA02,2,A,3170220,1,0,0,0,1,1,0,1,8192,0
FINAL_20261010_01,2,F06,91008,Original,F06:91008:P01,1,A,NA,0,NA,NA,NA,NA,0,NA,NA,8192,NA
FINAL_20261010_01,2,F06,91008,M_LIST,F06:91008:P01,1,B,NA,0,0,0,0,0,0,0,0,8192,0
FINAL_20261010_01,2,F06,91008,M_LIST,F06:91008:P01,2,B,NA,0,0,0,0,0,0,0,0,8192,0
FINAL_20261010_01,2,F06,91008,Original,F06:91008:P01,2,A,NA,0,NA,NA,NA,NA,0,NA,NA,8192,NA
FINAL_20261010_01,2,F06,91008,M_LIST,F06:91008:P02,1,A,NA,0,0,0,0,0,0,0,0,8192,0
FINAL_20261010_01,2,F06,91008,M_OBSERVE_LIST,F06:91008:P02,1,B,50055460,0,0,0,0,0,0,0,0,8192,0
FINAL_20261010_01,2,F06,91008,M_OBSERVE_LIST,F06:91008:P02,2,B,50055460,0,0,0,0,0,0,0,0,8192,0
FINAL_20261010_01,2,F06,91008,M_LIST,F06:91008:P02,2,A,NA,0,0,0,0,0,0,0,0,8192,0
FINAL_20261010_01,2,F06,91008,M_LIST,F06:91008:P03,1,A,NA,0,0,0,0,0,0,0,0,8192,0
FINAL_20261010_01,2,F06,91008,R6,F06:91008:P03,1,B,3170220,1,0,0,0,1,1,0,1,8192,0
FINAL_20261010_01,2,F06,91008,R6,F06:91008:P03,2,B,3170220,1,0,0,0,1,1,0,1,8192,0
FINAL_20261010_01,2,F06,91008,M_LIST,F06:91008:P03,2,A,NA,0,0,0,0,0,0,0,0,8192,0
FINAL_20261010_01,2,F06,91008,M_OBSERVE_LIST,F06:91008:P04,1,A,50055460,0,0,0,0,0,0,0,0,8192,0
FINAL_20261010_01,2,F06,91008,R6,F06:91008:P04,1,B,3170220,1,0,0,0,1,1,0,1,8192,0
FINAL_20261010_01,2,F06,91008,R6,F06:91008:P04,2,B,3170220,1,0,0,0,1,1,0,1,8192,0
FINAL_20261010_01,2,F06,91008,M_OBSERVE_LIST,F06:91008:P04,2,A,50055460,0,0,0,0,0,0,0,0,8192,0
FINAL_20261010_01,2,F06,91008,Original,F06:91008:P05,1,A,NA,0,NA,NA,NA,NA,0,NA,NA,8192,NA
FINAL_20261010_01,2,F06,91008,R6,F06:91008:P05,1,B,3170220,1,0,0,0,1,1,0,1,8192,0
FINAL_20261010_01,2,F06,91008,R6,F06:91008:P05,2,B,3170220,1,0,0,0,1,1,0,1,8192,0
FINAL_20261010_01,2,F06,91008,Original,F06:91008:P05,2,A,NA,0,NA,NA,NA,NA,0,NA,NA,8192,NA
FINAL_20261010_01,2,F06,91008,M_EVENT_16,F06:91008:P06,1,A,3170220,1,0,0,0,1,1,0,1,8192,0
FINAL_20261010_01,2,F06,91008,R6,F06:91008:P06,1,B,3170220,1,0,0,0,1,1,0,1,8192,0
FINAL_20261010_01,2,F06,91008,R6,F06:91008:P06,2,B,3170220,1,0,0,0,1,1,0,1,8192,0
FINAL_20261010_01,2,F06,91008,M_EVENT_16,F06:91008:P06,2,A,3170220,1,0,0,0,1,1,0,1,8192,0
FINAL_20261010_01,2,F06,91008,M_FIXED_2048,F06:91008:P07,1,A,3170220,1,0,0,0,1,1,0,1,8192,0
FINAL_20261010_01,2,F06,91008,R6,F06:91008:P07,1,B,3170220,1,0,0,0,1,1,0,1,8192,0
FINAL_20261010_01,2,F06,91008,R6,F06:91008:P07,2,B,3170220,1,0,0,0,1,1,0,1,8192,0
FINAL_20261010_01,2,F06,91008,M_FIXED_2048,F06:91008:P07,2,A,3170220,1,0,0,0,1,1,0,1,8192,0
FINAL_20261010_01,2,F06,91008,M_NO_IDLE,F06:91008:P08,1,A,3170220,1,0,0,0,1,1,0,1,8192,0
FINAL_20261010_01,2,F06,91008,R6,F06:91008:P08,1,B,3170220,1,0,0,0,1,1,0,1,8192,0
FINAL_20261010_01,2,F06,91008,R6,F06:91008:P08,2,B,3170220,1,0,0,0,1,1,0,1,8192,0
FINAL_20261010_01,2,F06,91008,M_NO_IDLE,F06:91008:P08,2,A,3170220,1,0,0,0,1,1,0,1,8192,0
FINAL_20261010_01,2,F06,91009,M_EVENT_16,F06:91009:DIA01,1,A,3191532,1,0,0,0,1,1,0,1,8192,0
FINAL_20261010_01,2,F06,91009,R6,F06:91009:DIA01,1,B,3191532,1,0,0,0,1,1,0,1,8192,0
FINAL_20261010_01,2,F06,91009,R6,F06:91009:DIA01,2,B,3191532,1,0,0,0,1,1,0,1,8192,0
FINAL_20261010_01,2,F06,91009,M_EVENT_16,F06:91009:DIA01,2,A,3191532,1,0,0,0,1,1,0,1,8192,0
FINAL_20261010_01,2,F06,91009,M_FIXED_128,F06:91009:DIA02,1,A,3191532,1,0,0,0,1,1,0,1,8192,0
FINAL_20261010_01,2,F06,91009,R6,F06:91009:DIA02,1,B,3191532,1,0,0,0,1,1,0,1,8192,0
FINAL_20261010_01,2,F06,91009,R6,F06:91009:DIA02,2,B,3191532,1,0,0,0,1,1,0,1,8192,0
FINAL_20261010_01,2,F06,91009,M_FIXED_128,F06:91009:DIA02,2,A,3191532,1,0,0,0,1,1,0,1,8192,0
FINAL_20261010_01,2,F06,91009,Original,F06:91009:P01,1,A,NA,0,NA,NA,NA,NA,0,NA,NA,8192,NA
FINAL_20261010_01,2,F06,91009,M_LIST,F06:91009:P01,1,B,NA,0,0,0,0,0,0,0,0,8192,0
FINAL_20261010_01,2,F06,91009,M_LIST,F06:91009:P01,2,B,NA,0,0,0,0,0,0,0,0,8192,0
FINAL_20261010_01,2,F06,91009,Original,F06:91009:P01,2,A,NA,0,NA,NA,NA,NA,0,NA,NA,8192,NA
FINAL_20261010_01,2,F06,91009,M_LIST,F06:91009:P02,1,A,NA,0,0,0,0,0,0,0,0,8192,0
FINAL_20261010_01,2,F06,91009,M_OBSERVE_LIST,F06:91009:P02,1,B,50175370,0,0,0,0,0,0,0,0,8192,0
FINAL_20261010_01,2,F06,91009,M_OBSERVE_LIST,F06:91009:P02,2,B,50175370,0,0,0,0,0,0,0,0,8192,0
FINAL_20261010_01,2,F06,91009,M_LIST,F06:91009:P02,2,A,NA,0,0,0,0,0,0,0,0,8192,0
FINAL_20261010_01,2,F06,91009,M_LIST,F06:91009:P03,1,A,NA,0,0,0,0,0,0,0,0,8192,0
FINAL_20261010_01,2,F06,91009,R6,F06:91009:P03,1,B,3191532,1,0,0,0,1,1,0,1,8192,0
FINAL_20261010_01,2,F06,91009,R6,F06:91009:P03,2,B,3191532,1,0,0,0,1,1,0,1,8192,0
FINAL_20261010_01,2,F06,91009,M_LIST,F06:91009:P03,2,A,NA,0,0,0,0,0,0,0,0,8192,0
FINAL_20261010_01,2,F06,91009,M_OBSERVE_LIST,F06:91009:P04,1,A,50175370,0,0,0,0,0,0,0,0,8192,0
FINAL_20261010_01,2,F06,91009,R6,F06:91009:P04,1,B,3191532,1,0,0,0,1,1,0,1,8192,0
FINAL_20261010_01,2,F06,91009,R6,F06:91009:P04,2,B,3191532,1,0,0,0,1,1,0,1,8192,0
FINAL_20261010_01,2,F06,91009,M_OBSERVE_LIST,F06:91009:P04,2,A,50175370,0,0,0,0,0,0,0,0,8192,0
FINAL_20261010_01,2,F06,91009,Original,F06:91009:P05,1,A,NA,0,NA,NA,NA,NA,0,NA,NA,8192,NA
FINAL_20261010_01,2,F06,91009,R6,F06:91009:P05,1,B,3191532,1,0,0,0,1,1,0,1,8192,0
FINAL_20261010_01,2,F06,91009,R6,F06:91009:P05,2,B,3191532,1,0,0,0,1,1,0,1,8192,0
FINAL_20261010_01,2,F06,91009,Original,F06:91009:P05,2,A,NA,0,NA,NA,NA,NA,0,NA,NA,8192,NA
FINAL_20261010_01,2,F06,91009,M_EVENT_16,F06:91009:P06,1,A,3191532,1,0,0,0,1,1,0,1,8192,0
FINAL_20261010_01,2,F06,91009,R6,F06:91009:P06,1,B,3191532,1,0,0,0,1,1,0,1,8192,0
FINAL_20261010_01,2,F06,91009,R6,F06:91009:P06,2,B,3191532,1,0,0,0,1,1,0,1,8192,0
FINAL_20261010_01,2,F06,91009,M_EVENT_16,F06:91009:P06,2,A,3191532,1,0,0,0,1,1,0,1,8192,0
FINAL_20261010_01,2,F06,91009,M_FIXED_2048,F06:91009:P07,1,A,3191532,1,0,0,0,1,1,0,1,8192,0
FINAL_20261010_01,2,F06,91009,R6,F06:91009:P07,1,B,3191532,1,0,0,0,1,1,0,1,8192,0
FINAL_20261010_01,2,F06,91009,R6,F06:91009:P07,2,B,3191532,1,0,0,0,1,1,0,1,8192,0
FINAL_20261010_01,2,F06,91009,M_FIXED_2048,F06:91009:P07,2,A,3191532,1,0,0,0,1,1,0,1,8192,0
FINAL_20261010_01,2,F06,91009,M_NO_IDLE,F06:91009:P08,1,A,3191532,1,0,0,0,1,1,0,1,8192,0
FINAL_20261010_01,2,F06,91009,R6,F06:91009:P08,1,B,3191532,1,0,0,0,1,1,0,1,8192,0
FINAL_20261010_01,2,F06,91009,R6,F06:91009:P08,2,B,3191532,1,0,0,0,1,1,0,1,8192,0
FINAL_20261010_01,2,F06,91009,M_NO_IDLE,F06:91009:P08,2,A,3191532,1,0,0,0,1,1,0,1,8192,0
FINAL_20261010_01,2,F06,91010,M_EVENT_16,F06:91010:DIA01,1,A,3184066,1,0,0,0,1,1,0,1,8192,0
FINAL_20261010_01,2,F06,91010,R6,F06:91010:DIA01,1,B,3184066,1,0,0,0,1,1,0,1,8192,0
FINAL_20261010_01,2,F06,91010,R6,F06:91010:DIA01,2,B,3184066,1,0,0,0,1,1,0,1,8192,0
FINAL_20261010_01,2,F06,91010,M_EVENT_16,F06:91010:DIA01,2,A,3184066,1,0,0,0,1,1,0,1,8192,0
FINAL_20261010_01,2,F06,91010,M_FIXED_128,F06:91010:DIA02,1,A,3184066,1,0,0,0,1,1,0,1,8192,0
FINAL_20261010_01,2,F06,91010,R6,F06:91010:DIA02,1,B,3184066,1,0,0,0,1,1,0,1,8192,0
FINAL_20261010_01,2,F06,91010,R6,F06:91010:DIA02,2,B,3184066,1,0,0,0,1,1,0,1,8192,0
FINAL_20261010_01,2,F06,91010,M_FIXED_128,F06:91010:DIA02,2,A,3184066,1,0,0,0,1,1,0,1,8192,0
FINAL_20261010_01,2,F06,91010,Original,F06:91010:P01,1,A,NA,0,NA,NA,NA,NA,0,NA,NA,8192,NA
FINAL_20261010_01,2,F06,91010,M_LIST,F06:91010:P01,1,B,NA,0,0,0,0,0,0,0,0,8192,0
FINAL_20261010_01,2,F06,91010,M_LIST,F06:91010:P01,2,B,NA,0,0,0,0,0,0,0,0,8192,0
FINAL_20261010_01,2,F06,91010,Original,F06:91010:P01,2,A,NA,0,NA,NA,NA,NA,0,NA,NA,8192,NA
FINAL_20261010_01,2,F06,91010,M_LIST,F06:91010:P02,1,A,NA,0,0,0,0,0,0,0,0,8192,0
FINAL_20261010_01,2,F06,91010,M_OBSERVE_LIST,F06:91010:P02,1,B,50464384,0,0,0,0,0,0,0,0,8192,0
FINAL_20261010_01,2,F06,91010,M_OBSERVE_LIST,F06:91010:P02,2,B,50464384,0,0,0,0,0,0,0,0,8192,0
FINAL_20261010_01,2,F06,91010,M_LIST,F06:91010:P02,2,A,NA,0,0,0,0,0,0,0,0,8192,0
FINAL_20261010_01,2,F06,91010,M_LIST,F06:91010:P03,1,A,NA,0,0,0,0,0,0,0,0,8192,0
FINAL_20261010_01,2,F06,91010,R6,F06:91010:P03,1,B,3184066,1,0,0,0,1,1,0,1,8192,0
FINAL_20261010_01,2,F06,91010,R6,F06:91010:P03,2,B,3184066,1,0,0,0,1,1,0,1,8192,0
FINAL_20261010_01,2,F06,91010,M_LIST,F06:91010:P03,2,A,NA,0,0,0,0,0,0,0,0,8192,0
FINAL_20261010_01,2,F06,91010,M_OBSERVE_LIST,F06:91010:P04,1,A,50464384,0,0,0,0,0,0,0,0,8192,0
FINAL_20261010_01,2,F06,91010,R6,F06:91010:P04,1,B,3184066,1,0,0,0,1,1,0,1,8192,0
FINAL_20261010_01,2,F06,91010,R6,F06:91010:P04,2,B,3184066,1,0,0,0,1,1,0,1,8192,0
FINAL_20261010_01,2,F06,91010,M_OBSERVE_LIST,F06:91010:P04,2,A,50464384,0,0,0,0,0,0,0,0,8192,0
FINAL_20261010_01,2,F06,91010,Original,F06:91010:P05,1,A,NA,0,NA,NA,NA,NA,0,NA,NA,8192,NA
FINAL_20261010_01,2,F06,91010,R6,F06:91010:P05,1,B,3184066,1,0,0,0,1,1,0,1,8192,0
FINAL_20261010_01,2,F06,91010,R6,F06:91010:P05,2,B,3184066,1,0,0,0,1,1,0,1,8192,0
FINAL_20261010_01,2,F06,91010,Original,F06:91010:P05,2,A,NA,0,NA,NA,NA,NA,0,NA,NA,8192,NA
FINAL_20261010_01,2,F06,91010,M_EVENT_16,F06:91010:P06,1,A,3184066,1,0,0,0,1,1,0,1,8192,0
FINAL_20261010_01,2,F06,91010,R6,F06:91010:P06,1,B,3184066,1,0,0,0,1,1,0,1,8192,0
FINAL_20261010_01,2,F06,91010,R6,F06:91010:P06,2,B,3184066,1,0,0,0,1,1,0,1,8192,0
FINAL_20261010_01,2,F06,91010,M_EVENT_16,F06:91010:P06,2,A,3184066,1,0,0,0,1,1,0,1,8192,0
FINAL_20261010_01,2,F06,91010,M_FIXED_2048,F06:91010:P07,1,A,3184066,1,0,0,0,1,1,0,1,8192,0
FINAL_20261010_01,2,F06,91010,R6,F06:91010:P07,1,B,3184066,1,0,0,0,1,1,0,1,8192,0
FINAL_20261010_01,2,F06,91010,R6,F06:91010:P07,2,B,3184066,1,0,0,0,1,1,0,1,8192,0
FINAL_20261010_01,2,F06,91010,M_FIXED_2048,F06:91010:P07,2,A,3184066,1,0,0,0,1,1,0,1,8192,0
FINAL_20261010_01,2,F06,91010,M_NO_IDLE,F06:91010:P08,1,A,3184066,1,0,0,0,1,1,0,1,8192,0
FINAL_20261010_01,2,F06,91010,R6,F06:91010:P08,1,B,3184066,1,0,0,0,1,1,0,1,8192,0
FINAL_20261010_01,2,F06,91010,R6,F06:91010:P08,2,B,3184066,1,0,0,0,1,1,0,1,8192,0
FINAL_20261010_01,2,F06,91010,M_NO_IDLE,F06:91010:P08,2,A,3184066,1,0,0,0,1,1,0,1,8192,0
FINAL_20261010_01,2,F07,91001,M_EVENT_16,F07:91001:DIA01,1,A,6258858,1,0,0,0,1,1,0,1,8192,0
FINAL_20261010_01,2,F07,91001,R6,F07:91001:DIA01,1,B,6258858,1,0,0,0,1,1,0,1,8192,0
FINAL_20261010_01,2,F07,91001,R6,F07:91001:DIA01,2,B,6258858,1,0,0,0,1,1,0,1,8192,0
FINAL_20261010_01,2,F07,91001,M_EVENT_16,F07:91001:DIA01,2,A,6258858,1,0,0,0,1,1,0,1,8192,0
FINAL_20261010_01,2,F07,91001,M_FIXED_128,F07:91001:DIA02,1,A,6258858,1,0,0,0,1,1,0,1,8192,0
FINAL_20261010_01,2,F07,91001,R6,F07:91001:DIA02,1,B,6258858,1,0,0,0,1,1,0,1,8192,0
FINAL_20261010_01,2,F07,91001,R6,F07:91001:DIA02,2,B,6258858,1,0,0,0,1,1,0,1,8192,0
FINAL_20261010_01,2,F07,91001,M_FIXED_128,F07:91001:DIA02,2,A,6258858,1,0,0,0,1,1,0,1,8192,0
FINAL_20261010_01,2,F07,91001,Original,F07:91001:P01,1,A,NA,0,NA,NA,NA,NA,0,NA,NA,8192,NA
FINAL_20261010_01,2,F07,91001,M_LIST,F07:91001:P01,1,B,NA,0,0,0,0,0,0,0,0,8192,0
FINAL_20261010_01,2,F07,91001,M_LIST,F07:91001:P01,2,B,NA,0,0,0,0,0,0,0,0,8192,0
FINAL_20261010_01,2,F07,91001,Original,F07:91001:P01,2,A,NA,0,NA,NA,NA,NA,0,NA,NA,8192,NA
FINAL_20261010_01,2,F07,91001,M_LIST,F07:91001:P02,1,A,NA,0,0,0,0,0,0,0,0,8192,0
FINAL_20261010_01,2,F07,91001,M_OBSERVE_LIST,F07:91001:P02,1,B,100583772,0,0,0,0,0,0,0,0,8192,0
FINAL_20261010_01,2,F07,91001,M_OBSERVE_LIST,F07:91001:P02,2,B,100583772,0,0,0,0,0,0,0,0,8192,0
FINAL_20261010_01,2,F07,91001,M_LIST,F07:91001:P02,2,A,NA,0,0,0,0,0,0,0,0,8192,0
FINAL_20261010_01,2,F07,91001,M_LIST,F07:91001:P03,1,A,NA,0,0,0,0,0,0,0,0,8192,0
FINAL_20261010_01,2,F07,91001,R6,F07:91001:P03,1,B,6258858,1,0,0,0,1,1,0,1,8192,0
FINAL_20261010_01,2,F07,91001,R6,F07:91001:P03,2,B,6258858,1,0,0,0,1,1,0,1,8192,0
FINAL_20261010_01,2,F07,91001,M_LIST,F07:91001:P03,2,A,NA,0,0,0,0,0,0,0,0,8192,0
FINAL_20261010_01,2,F07,91001,M_OBSERVE_LIST,F07:91001:P04,1,A,100583772,0,0,0,0,0,0,0,0,8192,0
FINAL_20261010_01,2,F07,91001,R6,F07:91001:P04,1,B,6258858,1,0,0,0,1,1,0,1,8192,0
FINAL_20261010_01,2,F07,91001,R6,F07:91001:P04,2,B,6258858,1,0,0,0,1,1,0,1,8192,0
FINAL_20261010_01,2,F07,91001,M_OBSERVE_LIST,F07:91001:P04,2,A,100583772,0,0,0,0,0,0,0,0,8192,0
FINAL_20261010_01,2,F07,91001,Original,F07:91001:P05,1,A,NA,0,NA,NA,NA,NA,0,NA,NA,8192,NA
FINAL_20261010_01,2,F07,91001,R6,F07:91001:P05,1,B,6258858,1,0,0,0,1,1,0,1,8192,0
FINAL_20261010_01,2,F07,91001,R6,F07:91001:P05,2,B,6258858,1,0,0,0,1,1,0,1,8192,0
FINAL_20261010_01,2,F07,91001,Original,F07:91001:P05,2,A,NA,0,NA,NA,NA,NA,0,NA,NA,8192,NA
FINAL_20261010_01,2,F07,91001,M_EVENT_16,F07:91001:P06,1,A,6258858,1,0,0,0,1,1,0,1,8192,0
FINAL_20261010_01,2,F07,91001,R6,F07:91001:P06,1,B,6258858,1,0,0,0,1,1,0,1,8192,0
FINAL_20261010_01,2,F07,91001,R6,F07:91001:P06,2,B,6258858,1,0,0,0,1,1,0,1,8192,0
FINAL_20261010_01,2,F07,91001,M_EVENT_16,F07:91001:P06,2,A,6258858,1,0,0,0,1,1,0,1,8192,0
FINAL_20261010_01,2,F07,91001,M_FIXED_2048,F07:91001:P07,1,A,6258858,1,0,0,0,1,1,0,1,8192,0
FINAL_20261010_01,2,F07,91001,R6,F07:91001:P07,1,B,6258858,1,0,0,0,1,1,0,1,8192,0
FINAL_20261010_01,2,F07,91001,R6,F07:91001:P07,2,B,6258858,1,0,0,0,1,1,0,1,8192,0
FINAL_20261010_01,2,F07,91001,M_FIXED_2048,F07:91001:P07,2,A,6258858,1,0,0,0,1,1,0,1,8192,0
FINAL_20261010_01,2,F07,91001,M_NO_IDLE,F07:91001:P08,1,A,6258858,1,0,0,0,1,1,0,1,8192,0
FINAL_20261010_01,2,F07,91001,R6,F07:91001:P08,1,B,6258858,1,0,0,0,1,1,0,1,8192,0
FINAL_20261010_01,2,F07,91001,R6,F07:91001:P08,2,B,6258858,1,0,0,0,1,1,0,1,8192,0
FINAL_20261010_01,2,F07,91001,M_NO_IDLE,F07:91001:P08,2,A,6258858,1,0,0,0,1,1,0,1,8192,0
FINAL_20261010_01,2,F07,91002,M_EVENT_16,F07:91002:DIA01,1,A,6273542,1,0,0,0,1,1,0,1,8192,0
FINAL_20261010_01,2,F07,91002,R6,F07:91002:DIA01,1,B,6273542,1,0,0,0,1,1,0,1,8192,0
FINAL_20261010_01,2,F07,91002,R6,F07:91002:DIA01,2,B,6273542,1,0,0,0,1,1,0,1,8192,0
FINAL_20261010_01,2,F07,91002,M_EVENT_16,F07:91002:DIA01,2,A,6273542,1,0,0,0,1,1,0,1,8192,0
FINAL_20261010_01,2,F07,91002,M_FIXED_128,F07:91002:DIA02,1,A,6273542,1,0,0,0,1,1,0,1,8192,0
FINAL_20261010_01,2,F07,91002,R6,F07:91002:DIA02,1,B,6273542,1,0,0,0,1,1,0,1,8192,0
FINAL_20261010_01,2,F07,91002,R6,F07:91002:DIA02,2,B,6273542,1,0,0,0,1,1,0,1,8192,0
FINAL_20261010_01,2,F07,91002,M_FIXED_128,F07:91002:DIA02,2,A,6273542,1,0,0,0,1,1,0,1,8192,0
FINAL_20261010_01,2,F07,91002,Original,F07:91002:P01,1,A,NA,0,NA,NA,NA,NA,0,NA,NA,8192,NA
FINAL_20261010_01,2,F07,91002,M_LIST,F07:91002:P01,1,B,NA,0,0,0,0,0,0,0,0,8192,0
FINAL_20261010_01,2,F07,91002,M_LIST,F07:91002:P01,2,B,NA,0,0,0,0,0,0,0,0,8192,0
FINAL_20261010_01,2,F07,91002,Original,F07:91002:P01,2,A,NA,0,NA,NA,NA,NA,0,NA,NA,8192,NA
FINAL_20261010_01,2,F07,91002,M_LIST,F07:91002:P02,1,A,NA,0,0,0,0,0,0,0,0,8192,0
FINAL_20261010_01,2,F07,91002,M_OBSERVE_LIST,F07:91002:P02,1,B,100723484,0,0,0,0,0,0,0,0,8192,0
FINAL_20261010_01,2,F07,91002,M_OBSERVE_LIST,F07:91002:P02,2,B,100723484,0,0,0,0,0,0,0,0,8192,0
FINAL_20261010_01,2,F07,91002,M_LIST,F07:91002:P02,2,A,NA,0,0,0,0,0,0,0,0,8192,0
FINAL_20261010_01,2,F07,91002,M_LIST,F07:91002:P03,1,A,NA,0,0,0,0,0,0,0,0,8192,0
FINAL_20261010_01,2,F07,91002,R6,F07:91002:P03,1,B,6273542,1,0,0,0,1,1,0,1,8192,0
FINAL_20261010_01,2,F07,91002,R6,F07:91002:P03,2,B,6273542,1,0,0,0,1,1,0,1,8192,0
FINAL_20261010_01,2,F07,91002,M_LIST,F07:91002:P03,2,A,NA,0,0,0,0,0,0,0,0,8192,0
FINAL_20261010_01,2,F07,91002,M_OBSERVE_LIST,F07:91002:P04,1,A,100723484,0,0,0,0,0,0,0,0,8192,0
FINAL_20261010_01,2,F07,91002,R6,F07:91002:P04,1,B,6273542,1,0,0,0,1,1,0,1,8192,0
FINAL_20261010_01,2,F07,91002,R6,F07:91002:P04,2,B,6273542,1,0,0,0,1,1,0,1,8192,0
FINAL_20261010_01,2,F07,91002,M_OBSERVE_LIST,F07:91002:P04,2,A,100723484,0,0,0,0,0,0,0,0,8192,0
FINAL_20261010_01,2,F07,91002,Original,F07:91002:P05,1,A,NA,0,NA,NA,NA,NA,0,NA,NA,8192,NA
FINAL_20261010_01,2,F07,91002,R6,F07:91002:P05,1,B,6273542,1,0,0,0,1,1,0,1,8192,0
FINAL_20261010_01,2,F07,91002,R6,F07:91002:P05,2,B,6273542,1,0,0,0,1,1,0,1,8192,0
FINAL_20261010_01,2,F07,91002,Original,F07:91002:P05,2,A,NA,0,NA,NA,NA,NA,0,NA,NA,8192,NA
FINAL_20261010_01,2,F07,91002,M_EVENT_16,F07:91002:P06,1,A,6273542,1,0,0,0,1,1,0,1,8192,0
FINAL_20261010_01,2,F07,91002,R6,F07:91002:P06,1,B,6273542,1,0,0,0,1,1,0,1,8192,0
FINAL_20261010_01,2,F07,91002,R6,F07:91002:P06,2,B,6273542,1,0,0,0,1,1,0,1,8192,0
FINAL_20261010_01,2,F07,91002,M_EVENT_16,F07:91002:P06,2,A,6273542,1,0,0,0,1,1,0,1,8192,0
FINAL_20261010_01,2,F07,91002,M_FIXED_2048,F07:91002:P07,1,A,6273542,1,0,0,0,1,1,0,1,8192,0
FINAL_20261010_01,2,F07,91002,R6,F07:91002:P07,1,B,6273542,1,0,0,0,1,1,0,1,8192,0
FINAL_20261010_01,2,F07,91002,R6,F07:91002:P07,2,B,6273542,1,0,0,0,1,1,0,1,8192,0
FINAL_20261010_01,2,F07,91002,M_FIXED_2048,F07:91002:P07,2,A,6273542,1,0,0,0,1,1,0,1,8192,0
FINAL_20261010_01,2,F07,91002,M_NO_IDLE,F07:91002:P08,1,A,6273542,1,0,0,0,1,1,0,1,8192,0
FINAL_20261010_01,2,F07,91002,R6,F07:91002:P08,1,B,6273542,1,0,0,0,1,1,0,1,8192,0
FINAL_20261010_01,2,F07,91002,R6,F07:91002:P08,2,B,6273542,1,0,0,0,1,1,0,1,8192,0
FINAL_20261010_01,2,F07,91002,M_NO_IDLE,F07:91002:P08,2,A,6273542,1,0,0,0,1,1,0,1,8192,0
FINAL_20261010_01,2,F07,91003,M_EVENT_16,F07:91003:DIA01,1,A,6234928,1,0,0,0,1,1,0,1,8192,0
FINAL_20261010_01,2,F07,91003,R6,F07:91003:DIA01,1,B,6234928,1,0,0,0,1,1,0,1,8192,0
FINAL_20261010_01,2,F07,91003,R6,F07:91003:DIA01,2,B,6234928,1,0,0,0,1,1,0,1,8192,0
FINAL_20261010_01,2,F07,91003,M_EVENT_16,F07:91003:DIA01,2,A,6234928,1,0,0,0,1,1,0,1,8192,0
FINAL_20261010_01,2,F07,91003,M_FIXED_128,F07:91003:DIA02,1,A,6234928,1,0,0,0,1,1,0,1,8192,0
FINAL_20261010_01,2,F07,91003,R6,F07:91003:DIA02,1,B,6234928,1,0,0,0,1,1,0,1,8192,0
FINAL_20261010_01,2,F07,91003,R6,F07:91003:DIA02,2,B,6234928,1,0,0,0,1,1,0,1,8192,0
FINAL_20261010_01,2,F07,91003,M_FIXED_128,F07:91003:DIA02,2,A,6234928,1,0,0,0,1,1,0,1,8192,0
FINAL_20261010_01,2,F07,91003,Original,F07:91003:P01,1,A,NA,0,NA,NA,NA,NA,0,NA,NA,8192,NA
FINAL_20261010_01,2,F07,91003,M_LIST,F07:91003:P01,1,B,NA,0,0,0,0,0,0,0,0,8192,0
FINAL_20261010_01,2,F07,91003,M_LIST,F07:91003:P01,2,B,NA,0,0,0,0,0,0,0,0,8192,0
FINAL_20261010_01,2,F07,91003,Original,F07:91003:P01,2,A,NA,0,NA,NA,NA,NA,0,NA,NA,8192,NA
FINAL_20261010_01,2,F07,91003,M_LIST,F07:91003:P02,1,A,NA,0,0,0,0,0,0,0,0,8192,0
FINAL_20261010_01,2,F07,91003,M_OBSERVE_LIST,F07:91003:P02,1,B,100664860,0,0,0,0,0,0,0,0,8192,0
FINAL_20261010_01,2,F07,91003,M_OBSERVE_LIST,F07:91003:P02,2,B,100664860,0,0,0,0,0,0,0,0,8192,0
FINAL_20261010_01,2,F07,91003,M_LIST,F07:91003:P02,2,A,NA,0,0,0,0,0,0,0,0,8192,0
FINAL_20261010_01,2,F07,91003,M_LIST,F07:91003:P03,1,A,NA,0,0,0,0,0,0,0,0,8192,0
FINAL_20261010_01,2,F07,91003,R6,F07:91003:P03,1,B,6234928,1,0,0,0,1,1,0,1,8192,0
FINAL_20261010_01,2,F07,91003,R6,F07:91003:P03,2,B,6234928,1,0,0,0,1,1,0,1,8192,0
FINAL_20261010_01,2,F07,91003,M_LIST,F07:91003:P03,2,A,NA,0,0,0,0,0,0,0,0,8192,0
FINAL_20261010_01,2,F07,91003,M_OBSERVE_LIST,F07:91003:P04,1,A,100664860,0,0,0,0,0,0,0,0,8192,0
FINAL_20261010_01,2,F07,91003,R6,F07:91003:P04,1,B,6234928,1,0,0,0,1,1,0,1,8192,0
FINAL_20261010_01,2,F07,91003,R6,F07:91003:P04,2,B,6234928,1,0,0,0,1,1,0,1,8192,0
FINAL_20261010_01,2,F07,91003,M_OBSERVE_LIST,F07:91003:P04,2,A,100664860,0,0,0,0,0,0,0,0,8192,0
FINAL_20261010_01,2,F07,91003,Original,F07:91003:P05,1,A,NA,0,NA,NA,NA,NA,0,NA,NA,8192,NA
FINAL_20261010_01,2,F07,91003,R6,F07:91003:P05,1,B,6234928,1,0,0,0,1,1,0,1,8192,0
FINAL_20261010_01,2,F07,91003,R6,F07:91003:P05,2,B,6234928,1,0,0,0,1,1,0,1,8192,0
FINAL_20261010_01,2,F07,91003,Original,F07:91003:P05,2,A,NA,0,NA,NA,NA,NA,0,NA,NA,8192,NA
FINAL_20261010_01,2,F07,91003,M_EVENT_16,F07:91003:P06,1,A,6234928,1,0,0,0,1,1,0,1,8192,0
FINAL_20261010_01,2,F07,91003,R6,F07:91003:P06,1,B,6234928,1,0,0,0,1,1,0,1,8192,0
FINAL_20261010_01,2,F07,91003,R6,F07:91003:P06,2,B,6234928,1,0,0,0,1,1,0,1,8192,0
FINAL_20261010_01,2,F07,91003,M_EVENT_16,F07:91003:P06,2,A,6234928,1,0,0,0,1,1,0,1,8192,0
FINAL_20261010_01,2,F07,91003,M_FIXED_2048,F07:91003:P07,1,A,6234928,1,0,0,0,1,1,0,1,8192,0
FINAL_20261010_01,2,F07,91003,R6,F07:91003:P07,1,B,6234928,1,0,0,0,1,1,0,1,8192,0
FINAL_20261010_01,2,F07,91003,R6,F07:91003:P07,2,B,6234928,1,0,0,0,1,1,0,1,8192,0
FINAL_20261010_01,2,F07,91003,M_FIXED_2048,F07:91003:P07,2,A,6234928,1,0,0,0,1,1,0,1,8192,0
FINAL_20261010_01,2,F07,91003,M_NO_IDLE,F07:91003:P08,1,A,6234928,1,0,0,0,1,1,0,1,8192,0
FINAL_20261010_01,2,F07,91003,R6,F07:91003:P08,1,B,6234928,1,0,0,0,1,1,0,1,8192,0
FINAL_20261010_01,2,F07,91003,R6,F07:91003:P08,2,B,6234928,1,0,0,0,1,1,0,1,8192,0
FINAL_20261010_01,2,F07,91003,M_NO_IDLE,F07:91003:P08,2,A,6234928,1,0,0,0,1,1,0,1,8192,0
FINAL_20261010_01,2,F07,91004,M_EVENT_16,F07:91004:DIA01,1,A,6308918,1,0,0,0,1,1,0,1,8192,0
FINAL_20261010_01,2,F07,91004,R6,F07:91004:DIA01,1,B,6308918,1,0,0,0,1,1,0,1,8192,0
FINAL_20261010_01,2,F07,91004,R6,F07:91004:DIA01,2,B,6308918,1,0,0,0,1,1,0,1,8192,0
FINAL_20261010_01,2,F07,91004,M_EVENT_16,F07:91004:DIA01,2,A,6308918,1,0,0,0,1,1,0,1,8192,0
FINAL_20261010_01,2,F07,91004,M_FIXED_128,F07:91004:DIA02,1,A,6308918,1,0,0,0,1,1,0,1,8192,0
FINAL_20261010_01,2,F07,91004,R6,F07:91004:DIA02,1,B,6308918,1,0,0,0,1,1,0,1,8192,0
FINAL_20261010_01,2,F07,91004,R6,F07:91004:DIA02,2,B,6308918,1,0,0,0,1,1,0,1,8192,0
FINAL_20261010_01,2,F07,91004,M_FIXED_128,F07:91004:DIA02,2,A,6308918,1,0,0,0,1,1,0,1,8192,0
FINAL_20261010_01,2,F07,91004,Original,F07:91004:P01,1,A,NA,0,NA,NA,NA,NA,0,NA,NA,8192,NA
FINAL_20261010_01,2,F07,91004,M_LIST,F07:91004:P01,1,B,NA,0,0,0,0,0,0,0,0,8192,0
FINAL_20261010_01,2,F07,91004,M_LIST,F07:91004:P01,2,B,NA,0,0,0,0,0,0,0,0,8192,0
FINAL_20261010_01,2,F07,91004,Original,F07:91004:P01,2,A,NA,0,NA,NA,NA,NA,0,NA,NA,8192,NA
FINAL_20261010_01,2,F07,91004,M_LIST,F07:91004:P02,1,A,NA,0,0,0,0,0,0,0,0,8192,0
FINAL_20261010_01,2,F07,91004,M_OBSERVE_LIST,F07:91004:P02,1,B,100586546,0,0,0,0,0,0,0,0,8192,0
FINAL_20261010_01,2,F07,91004,M_OBSERVE_LIST,F07:91004:P02,2,B,100586546,0,0,0,0,0,0,0,0,8192,0
FINAL_20261010_01,2,F07,91004,M_LIST,F07:91004:P02,2,A,NA,0,0,0,0,0,0,0,0,8192,0
FINAL_20261010_01,2,F07,91004,M_LIST,F07:91004:P03,1,A,NA,0,0,0,0,0,0,0,0,8192,0
FINAL_20261010_01,2,F07,91004,R6,F07:91004:P03,1,B,6308918,1,0,0,0,1,1,0,1,8192,0
FINAL_20261010_01,2,F07,91004,R6,F07:91004:P03,2,B,6308918,1,0,0,0,1,1,0,1,8192,0
FINAL_20261010_01,2,F07,91004,M_LIST,F07:91004:P03,2,A,NA,0,0,0,0,0,0,0,0,8192,0
FINAL_20261010_01,2,F07,91004,M_OBSERVE_LIST,F07:91004:P04,1,A,100586546,0,0,0,0,0,0,0,0,8192,0
FINAL_20261010_01,2,F07,91004,R6,F07:91004:P04,1,B,6308918,1,0,0,0,1,1,0,1,8192,0
FINAL_20261010_01,2,F07,91004,R6,F07:91004:P04,2,B,6308918,1,0,0,0,1,1,0,1,8192,0
FINAL_20261010_01,2,F07,91004,M_OBSERVE_LIST,F07:91004:P04,2,A,100586546,0,0,0,0,0,0,0,0,8192,0
FINAL_20261010_01,2,F07,91004,Original,F07:91004:P05,1,A,NA,0,NA,NA,NA,NA,0,NA,NA,8192,NA
FINAL_20261010_01,2,F07,91004,R6,F07:91004:P05,1,B,6308918,1,0,0,0,1,1,0,1,8192,0
FINAL_20261010_01,2,F07,91004,R6,F07:91004:P05,2,B,6308918,1,0,0,0,1,1,0,1,8192,0
FINAL_20261010_01,2,F07,91004,Original,F07:91004:P05,2,A,NA,0,NA,NA,NA,NA,0,NA,NA,8192,NA
FINAL_20261010_01,2,F07,91004,M_EVENT_16,F07:91004:P06,1,A,6308918,1,0,0,0,1,1,0,1,8192,0
FINAL_20261010_01,2,F07,91004,R6,F07:91004:P06,1,B,6308918,1,0,0,0,1,1,0,1,8192,0
FINAL_20261010_01,2,F07,91004,R6,F07:91004:P06,2,B,6308918,1,0,0,0,1,1,0,1,8192,0
FINAL_20261010_01,2,F07,91004,M_EVENT_16,F07:91004:P06,2,A,6308918,1,0,0,0,1,1,0,1,8192,0
FINAL_20261010_01,2,F07,91004,M_FIXED_2048,F07:91004:P07,1,A,6308918,1,0,0,0,1,1,0,1,8192,0
FINAL_20261010_01,2,F07,91004,R6,F07:91004:P07,1,B,6308918,1,0,0,0,1,1,0,1,8192,0
FINAL_20261010_01,2,F07,91004,R6,F07:91004:P07,2,B,6308918,1,0,0,0,1,1,0,1,8192,0
FINAL_20261010_01,2,F07,91004,M_FIXED_2048,F07:91004:P07,2,A,6308918,1,0,0,0,1,1,0,1,8192,0
FINAL_20261010_01,2,F07,91004,M_NO_IDLE,F07:91004:P08,1,A,6308918,1,0,0,0,1,1,0,1,8192,0
FINAL_20261010_01,2,F07,91004,R6,F07:91004:P08,1,B,6308918,1,0,0,0,1,1,0,1,8192,0
FINAL_20261010_01,2,F07,91004,R6,F07:91004:P08,2,B,6308918,1,0,0,0,1,1,0,1,8192,0
FINAL_20261010_01,2,F07,91004,M_NO_IDLE,F07:91004:P08,2,A,6308918,1,0,0,0,1,1,0,1,8192,0
FINAL_20261010_01,2,F07,91005,M_EVENT_16,F07:91005:DIA01,1,A,6308466,1,0,0,0,1,1,0,1,8192,0
FINAL_20261010_01,2,F07,91005,R6,F07:91005:DIA01,1,B,6308466,1,0,0,0,1,1,0,1,8192,0
FINAL_20261010_01,2,F07,91005,R6,F07:91005:DIA01,2,B,6308466,1,0,0,0,1,1,0,1,8192,0
FINAL_20261010_01,2,F07,91005,M_EVENT_16,F07:91005:DIA01,2,A,6308466,1,0,0,0,1,1,0,1,8192,0
FINAL_20261010_01,2,F07,91005,M_FIXED_128,F07:91005:DIA02,1,A,6308466,1,0,0,0,1,1,0,1,8192,0
FINAL_20261010_01,2,F07,91005,R6,F07:91005:DIA02,1,B,6308466,1,0,0,0,1,1,0,1,8192,0
FINAL_20261010_01,2,F07,91005,R6,F07:91005:DIA02,2,B,6308466,1,0,0,0,1,1,0,1,8192,0
FINAL_20261010_01,2,F07,91005,M_FIXED_128,F07:91005:DIA02,2,A,6308466,1,0,0,0,1,1,0,1,8192,0
FINAL_20261010_01,2,F07,91005,Original,F07:91005:P01,1,A,NA,0,NA,NA,NA,NA,0,NA,NA,8192,NA
FINAL_20261010_01,2,F07,91005,M_LIST,F07:91005:P01,1,B,NA,0,0,0,0,0,0,0,0,8192,0
FINAL_20261010_01,2,F07,91005,M_LIST,F07:91005:P01,2,B,NA,0,0,0,0,0,0,0,0,8192,0
FINAL_20261010_01,2,F07,91005,Original,F07:91005:P01,2,A,NA,0,NA,NA,NA,NA,0,NA,NA,8192,NA
FINAL_20261010_01,2,F07,91005,M_LIST,F07:91005:P02,1,A,NA,0,0,0,0,0,0,0,0,8192,0
FINAL_20261010_01,2,F07,91005,M_OBSERVE_LIST,F07:91005:P02,1,B,100929944,0,0,0,0,0,0,0,0,8192,0
FINAL_20261010_01,2,F07,91005,M_OBSERVE_LIST,F07:91005:P02,2,B,100929944,0,0,0,0,0,0,0,0,8192,0
FINAL_20261010_01,2,F07,91005,M_LIST,F07:91005:P02,2,A,NA,0,0,0,0,0,0,0,0,8192,0
FINAL_20261010_01,2,F07,91005,M_LIST,F07:91005:P03,1,A,NA,0,0,0,0,0,0,0,0,8192,0
FINAL_20261010_01,2,F07,91005,R6,F07:91005:P03,1,B,6308466,1,0,0,0,1,1,0,1,8192,0
FINAL_20261010_01,2,F07,91005,R6,F07:91005:P03,2,B,6308466,1,0,0,0,1,1,0,1,8192,0
FINAL_20261010_01,2,F07,91005,M_LIST,F07:91005:P03,2,A,NA,0,0,0,0,0,0,0,0,8192,0
FINAL_20261010_01,2,F07,91005,M_OBSERVE_LIST,F07:91005:P04,1,A,100929944,0,0,0,0,0,0,0,0,8192,0
FINAL_20261010_01,2,F07,91005,R6,F07:91005:P04,1,B,6308466,1,0,0,0,1,1,0,1,8192,0
FINAL_20261010_01,2,F07,91005,R6,F07:91005:P04,2,B,6308466,1,0,0,0,1,1,0,1,8192,0
FINAL_20261010_01,2,F07,91005,M_OBSERVE_LIST,F07:91005:P04,2,A,100929944,0,0,0,0,0,0,0,0,8192,0
FINAL_20261010_01,2,F07,91005,Original,F07:91005:P05,1,A,NA,0,NA,NA,NA,NA,0,NA,NA,8192,NA
FINAL_20261010_01,2,F07,91005,R6,F07:91005:P05,1,B,6308466,1,0,0,0,1,1,0,1,8192,0
FINAL_20261010_01,2,F07,91005,R6,F07:91005:P05,2,B,6308466,1,0,0,0,1,1,0,1,8192,0
FINAL_20261010_01,2,F07,91005,Original,F07:91005:P05,2,A,NA,0,NA,NA,NA,NA,0,NA,NA,8192,NA
FINAL_20261010_01,2,F07,91005,M_EVENT_16,F07:91005:P06,1,A,6308466,1,0,0,0,1,1,0,1,8192,0
FINAL_20261010_01,2,F07,91005,R6,F07:91005:P06,1,B,6308466,1,0,0,0,1,1,0,1,8192,0
FINAL_20261010_01,2,F07,91005,R6,F07:91005:P06,2,B,6308466,1,0,0,0,1,1,0,1,8192,0
FINAL_20261010_01,2,F07,91005,M_EVENT_16,F07:91005:P06,2,A,6308466,1,0,0,0,1,1,0,1,8192,0
FINAL_20261010_01,2,F07,91005,M_FIXED_2048,F07:91005:P07,1,A,6308466,1,0,0,0,1,1,0,1,8192,0
FINAL_20261010_01,2,F07,91005,R6,F07:91005:P07,1,B,6308466,1,0,0,0,1,1,0,1,8192,0
FINAL_20261010_01,2,F07,91005,R6,F07:91005:P07,2,B,6308466,1,0,0,0,1,1,0,1,8192,0
FINAL_20261010_01,2,F07,91005,M_FIXED_2048,F07:91005:P07,2,A,6308466,1,0,0,0,1,1,0,1,8192,0
FINAL_20261010_01,2,F07,91005,M_NO_IDLE,F07:91005:P08,1,A,6308466,1,0,0,0,1,1,0,1,8192,0
FINAL_20261010_01,2,F07,91005,R6,F07:91005:P08,1,B,6308466,1,0,0,0,1,1,0,1,8192,0
FINAL_20261010_01,2,F07,91005,R6,F07:91005:P08,2,B,6308466,1,0,0,0,1,1,0,1,8192,0
FINAL_20261010_01,2,F07,91005,M_NO_IDLE,F07:91005:P08,2,A,6308466,1,0,0,0,1,1,0,1,8192,0
FINAL_20261010_01,2,F07,91006,M_EVENT_16,F07:91006:DIA01,1,A,6300930,1,0,0,0,1,1,0,1,8192,0
FINAL_20261010_01,2,F07,91006,R6,F07:91006:DIA01,1,B,6300930,1,0,0,0,1,1,0,1,8192,0
FINAL_20261010_01,2,F07,91006,R6,F07:91006:DIA01,2,B,6300930,1,0,0,0,1,1,0,1,8192,0
FINAL_20261010_01,2,F07,91006,M_EVENT_16,F07:91006:DIA01,2,A,6300930,1,0,0,0,1,1,0,1,8192,0
FINAL_20261010_01,2,F07,91006,M_FIXED_128,F07:91006:DIA02,1,A,6300930,1,0,0,0,1,1,0,1,8192,0
FINAL_20261010_01,2,F07,91006,R6,F07:91006:DIA02,1,B,6300930,1,0,0,0,1,1,0,1,8192,0
FINAL_20261010_01,2,F07,91006,R6,F07:91006:DIA02,2,B,6300930,1,0,0,0,1,1,0,1,8192,0
FINAL_20261010_01,2,F07,91006,M_FIXED_128,F07:91006:DIA02,2,A,6300930,1,0,0,0,1,1,0,1,8192,0
FINAL_20261010_01,2,F07,91006,Original,F07:91006:P01,1,A,NA,0,NA,NA,NA,NA,0,NA,NA,8192,NA
FINAL_20261010_01,2,F07,91006,M_LIST,F07:91006:P01,1,B,NA,0,0,0,0,0,0,0,0,8192,0
FINAL_20261010_01,2,F07,91006,M_LIST,F07:91006:P01,2,B,NA,0,0,0,0,0,0,0,0,8192,0
FINAL_20261010_01,2,F07,91006,Original,F07:91006:P01,2,A,NA,0,NA,NA,NA,NA,0,NA,NA,8192,NA
FINAL_20261010_01,2,F07,91006,M_LIST,F07:91006:P02,1,A,NA,0,0,0,0,0,0,0,0,8192,0
FINAL_20261010_01,2,F07,91006,M_OBSERVE_LIST,F07:91006:P02,1,B,100598522,0,0,0,0,0,0,0,0,8192,0
FINAL_20261010_01,2,F07,91006,M_OBSERVE_LIST,F07:91006:P02,2,B,100598522,0,0,0,0,0,0,0,0,8192,0
FINAL_20261010_01,2,F07,91006,M_LIST,F07:91006:P02,2,A,NA,0,0,0,0,0,0,0,0,8192,0
FINAL_20261010_01,2,F07,91006,M_LIST,F07:91006:P03,1,A,NA,0,0,0,0,0,0,0,0,8192,0
FINAL_20261010_01,2,F07,91006,R6,F07:91006:P03,1,B,6300930,1,0,0,0,1,1,0,1,8192,0
FINAL_20261010_01,2,F07,91006,R6,F07:91006:P03,2,B,6300930,1,0,0,0,1,1,0,1,8192,0
FINAL_20261010_01,2,F07,91006,M_LIST,F07:91006:P03,2,A,NA,0,0,0,0,0,0,0,0,8192,0
FINAL_20261010_01,2,F07,91006,M_OBSERVE_LIST,F07:91006:P04,1,A,100598522,0,0,0,0,0,0,0,0,8192,0
FINAL_20261010_01,2,F07,91006,R6,F07:91006:P04,1,B,6300930,1,0,0,0,1,1,0,1,8192,0
FINAL_20261010_01,2,F07,91006,R6,F07:91006:P04,2,B,6300930,1,0,0,0,1,1,0,1,8192,0
FINAL_20261010_01,2,F07,91006,M_OBSERVE_LIST,F07:91006:P04,2,A,100598522,0,0,0,0,0,0,0,0,8192,0
FINAL_20261010_01,2,F07,91006,Original,F07:91006:P05,1,A,NA,0,NA,NA,NA,NA,0,NA,NA,8192,NA
FINAL_20261010_01,2,F07,91006,R6,F07:91006:P05,1,B,6300930,1,0,0,0,1,1,0,1,8192,0
FINAL_20261010_01,2,F07,91006,R6,F07:91006:P05,2,B,6300930,1,0,0,0,1,1,0,1,8192,0
FINAL_20261010_01,2,F07,91006,Original,F07:91006:P05,2,A,NA,0,NA,NA,NA,NA,0,NA,NA,8192,NA
FINAL_20261010_01,2,F07,91006,M_EVENT_16,F07:91006:P06,1,A,6300930,1,0,0,0,1,1,0,1,8192,0
FINAL_20261010_01,2,F07,91006,R6,F07:91006:P06,1,B,6300930,1,0,0,0,1,1,0,1,8192,0
FINAL_20261010_01,2,F07,91006,R6,F07:91006:P06,2,B,6300930,1,0,0,0,1,1,0,1,8192,0
FINAL_20261010_01,2,F07,91006,M_EVENT_16,F07:91006:P06,2,A,6300930,1,0,0,0,1,1,0,1,8192,0
FINAL_20261010_01,2,F07,91006,M_FIXED_2048,F07:91006:P07,1,A,6300930,1,0,0,0,1,1,0,1,8192,0
FINAL_20261010_01,2,F07,91006,R6,F07:91006:P07,1,B,6300930,1,0,0,0,1,1,0,1,8192,0
FINAL_20261010_01,2,F07,91006,R6,F07:91006:P07,2,B,6300930,1,0,0,0,1,1,0,1,8192,0
FINAL_20261010_01,2,F07,91006,M_FIXED_2048,F07:91006:P07,2,A,6300930,1,0,0,0,1,1,0,1,8192,0
FINAL_20261010_01,2,F07,91006,M_NO_IDLE,F07:91006:P08,1,A,6300930,1,0,0,0,1,1,0,1,8192,0
FINAL_20261010_01,2,F07,91006,R6,F07:91006:P08,1,B,6300930,1,0,0,0,1,1,0,1,8192,0
FINAL_20261010_01,2,F07,91006,R6,F07:91006:P08,2,B,6300930,1,0,0,0,1,1,0,1,8192,0
FINAL_20261010_01,2,F07,91006,M_NO_IDLE,F07:91006:P08,2,A,6300930,1,0,0,0,1,1,0,1,8192,0
FINAL_20261010_01,2,F07,91007,M_EVENT_16,F07:91007:DIA01,1,A,6253460,1,0,0,0,1,1,0,1,8192,0
FINAL_20261010_01,2,F07,91007,R6,F07:91007:DIA01,1,B,6253460,1,0,0,0,1,1,0,1,8192,0
FINAL_20261010_01,2,F07,91007,R6,F07:91007:DIA01,2,B,6253460,1,0,0,0,1,1,0,1,8192,0
FINAL_20261010_01,2,F07,91007,M_EVENT_16,F07:91007:DIA01,2,A,6253460,1,0,0,0,1,1,0,1,8192,0
FINAL_20261010_01,2,F07,91007,M_FIXED_128,F07:91007:DIA02,1,A,6253460,1,0,0,0,1,1,0,1,8192,0
FINAL_20261010_01,2,F07,91007,R6,F07:91007:DIA02,1,B,6253460,1,0,0,0,1,1,0,1,8192,0
FINAL_20261010_01,2,F07,91007,R6,F07:91007:DIA02,2,B,6253460,1,0,0,0,1,1,0,1,8192,0
FINAL_20261010_01,2,F07,91007,M_FIXED_128,F07:91007:DIA02,2,A,6253460,1,0,0,0,1,1,0,1,8192,0
FINAL_20261010_01,2,F07,91007,Original,F07:91007:P01,1,A,NA,0,NA,NA,NA,NA,0,NA,NA,8192,NA
FINAL_20261010_01,2,F07,91007,M_LIST,F07:91007:P01,1,B,NA,0,0,0,0,0,0,0,0,8192,0
FINAL_20261010_01,2,F07,91007,M_LIST,F07:91007:P01,2,B,NA,0,0,0,0,0,0,0,0,8192,0
FINAL_20261010_01,2,F07,91007,Original,F07:91007:P01,2,A,NA,0,NA,NA,NA,NA,0,NA,NA,8192,NA
FINAL_20261010_01,2,F07,91007,M_LIST,F07:91007:P02,1,A,NA,0,0,0,0,0,0,0,0,8192,0
FINAL_20261010_01,2,F07,91007,M_OBSERVE_LIST,F07:91007:P02,1,B,100425268,0,0,0,0,0,0,0,0,8192,0
FINAL_20261010_01,2,F07,91007,M_OBSERVE_LIST,F07:91007:P02,2,B,100425268,0,0,0,0,0,0,0,0,8192,0
FINAL_20261010_01,2,F07,91007,M_LIST,F07:91007:P02,2,A,NA,0,0,0,0,0,0,0,0,8192,0
FINAL_20261010_01,2,F07,91007,M_LIST,F07:91007:P03,1,A,NA,0,0,0,0,0,0,0,0,8192,0
FINAL_20261010_01,2,F07,91007,R6,F07:91007:P03,1,B,6253460,1,0,0,0,1,1,0,1,8192,0
FINAL_20261010_01,2,F07,91007,R6,F07:91007:P03,2,B,6253460,1,0,0,0,1,1,0,1,8192,0
FINAL_20261010_01,2,F07,91007,M_LIST,F07:91007:P03,2,A,NA,0,0,0,0,0,0,0,0,8192,0
FINAL_20261010_01,2,F07,91007,M_OBSERVE_LIST,F07:91007:P04,1,A,100425268,0,0,0,0,0,0,0,0,8192,0
FINAL_20261010_01,2,F07,91007,R6,F07:91007:P04,1,B,6253460,1,0,0,0,1,1,0,1,8192,0
FINAL_20261010_01,2,F07,91007,R6,F07:91007:P04,2,B,6253460,1,0,0,0,1,1,0,1,8192,0
FINAL_20261010_01,2,F07,91007,M_OBSERVE_LIST,F07:91007:P04,2,A,100425268,0,0,0,0,0,0,0,0,8192,0
FINAL_20261010_01,2,F07,91007,Original,F07:91007:P05,1,A,NA,0,NA,NA,NA,NA,0,NA,NA,8192,NA
FINAL_20261010_01,2,F07,91007,R6,F07:91007:P05,1,B,6253460,1,0,0,0,1,1,0,1,8192,0
FINAL_20261010_01,2,F07,91007,R6,F07:91007:P05,2,B,6253460,1,0,0,0,1,1,0,1,8192,0
FINAL_20261010_01,2,F07,91007,Original,F07:91007:P05,2,A,NA,0,NA,NA,NA,NA,0,NA,NA,8192,NA
FINAL_20261010_01,2,F07,91007,M_EVENT_16,F07:91007:P06,1,A,6253460,1,0,0,0,1,1,0,1,8192,0
FINAL_20261010_01,2,F07,91007,R6,F07:91007:P06,1,B,6253460,1,0,0,0,1,1,0,1,8192,0
FINAL_20261010_01,2,F07,91007,R6,F07:91007:P06,2,B,6253460,1,0,0,0,1,1,0,1,8192,0
FINAL_20261010_01,2,F07,91007,M_EVENT_16,F07:91007:P06,2,A,6253460,1,0,0,0,1,1,0,1,8192,0
FINAL_20261010_01,2,F07,91007,M_FIXED_2048,F07:91007:P07,1,A,6253460,1,0,0,0,1,1,0,1,8192,0
FINAL_20261010_01,2,F07,91007,R6,F07:91007:P07,1,B,6253460,1,0,0,0,1,1,0,1,8192,0
FINAL_20261010_01,2,F07,91007,R6,F07:91007:P07,2,B,6253460,1,0,0,0,1,1,0,1,8192,0
FINAL_20261010_01,2,F07,91007,M_FIXED_2048,F07:91007:P07,2,A,6253460,1,0,0,0,1,1,0,1,8192,0
FINAL_20261010_01,2,F07,91007,M_NO_IDLE,F07:91007:P08,1,A,6253460,1,0,0,0,1,1,0,1,8192,0
FINAL_20261010_01,2,F07,91007,R6,F07:91007:P08,1,B,6253460,1,0,0,0,1,1,0,1,8192,0
FINAL_20261010_01,2,F07,91007,R6,F07:91007:P08,2,B,6253460,1,0,0,0,1,1,0,1,8192,0
FINAL_20261010_01,2,F07,91007,M_NO_IDLE,F07:91007:P08,2,A,6253460,1,0,0,0,1,1,0,1,8192,0
FINAL_20261010_01,2,F07,91008,M_EVENT_16,F07:91008:DIA01,1,A,6240952,1,0,0,0,1,1,0,1,8192,0
FINAL_20261010_01,2,F07,91008,R6,F07:91008:DIA01,1,B,6240952,1,0,0,0,1,1,0,1,8192,0
FINAL_20261010_01,2,F07,91008,R6,F07:91008:DIA01,2,B,6240952,1,0,0,0,1,1,0,1,8192,0
FINAL_20261010_01,2,F07,91008,M_EVENT_16,F07:91008:DIA01,2,A,6240952,1,0,0,0,1,1,0,1,8192,0
FINAL_20261010_01,2,F07,91008,M_FIXED_128,F07:91008:DIA02,1,A,6240952,1,0,0,0,1,1,0,1,8192,0
FINAL_20261010_01,2,F07,91008,R6,F07:91008:DIA02,1,B,6240952,1,0,0,0,1,1,0,1,8192,0
FINAL_20261010_01,2,F07,91008,R6,F07:91008:DIA02,2,B,6240952,1,0,0,0,1,1,0,1,8192,0
FINAL_20261010_01,2,F07,91008,M_FIXED_128,F07:91008:DIA02,2,A,6240952,1,0,0,0,1,1,0,1,8192,0
FINAL_20261010_01,2,F07,91008,Original,F07:91008:P01,1,A,NA,0,NA,NA,NA,NA,0,NA,NA,8192,NA
FINAL_20261010_01,2,F07,91008,M_LIST,F07:91008:P01,1,B,NA,0,0,0,0,0,0,0,0,8192,0
FINAL_20261010_01,2,F07,91008,M_LIST,F07:91008:P01,2,B,NA,0,0,0,0,0,0,0,0,8192,0
FINAL_20261010_01,2,F07,91008,Original,F07:91008:P01,2,A,NA,0,NA,NA,NA,NA,0,NA,NA,8192,NA
FINAL_20261010_01,2,F07,91008,M_LIST,F07:91008:P02,1,A,NA,0,0,0,0,0,0,0,0,8192,0
FINAL_20261010_01,2,F07,91008,M_OBSERVE_LIST,F07:91008:P02,1,B,100575654,0,0,0,0,0,0,0,0,8192,0
FINAL_20261010_01,2,F07,91008,M_OBSERVE_LIST,F07:91008:P02,2,B,100575654,0,0,0,0,0,0,0,0,8192,0
FINAL_20261010_01,2,F07,91008,M_LIST,F07:91008:P02,2,A,NA,0,0,0,0,0,0,0,0,8192,0
FINAL_20261010_01,2,F07,91008,M_LIST,F07:91008:P03,1,A,NA,0,0,0,0,0,0,0,0,8192,0
FINAL_20261010_01,2,F07,91008,R6,F07:91008:P03,1,B,6240952,1,0,0,0,1,1,0,1,8192,0
FINAL_20261010_01,2,F07,91008,R6,F07:91008:P03,2,B,6240952,1,0,0,0,1,1,0,1,8192,0
FINAL_20261010_01,2,F07,91008,M_LIST,F07:91008:P03,2,A,NA,0,0,0,0,0,0,0,0,8192,0
FINAL_20261010_01,2,F07,91008,M_OBSERVE_LIST,F07:91008:P04,1,A,100575654,0,0,0,0,0,0,0,0,8192,0
FINAL_20261010_01,2,F07,91008,R6,F07:91008:P04,1,B,6240952,1,0,0,0,1,1,0,1,8192,0
FINAL_20261010_01,2,F07,91008,R6,F07:91008:P04,2,B,6240952,1,0,0,0,1,1,0,1,8192,0
FINAL_20261010_01,2,F07,91008,M_OBSERVE_LIST,F07:91008:P04,2,A,100575654,0,0,0,0,0,0,0,0,8192,0
FINAL_20261010_01,2,F07,91008,Original,F07:91008:P05,1,A,NA,0,NA,NA,NA,NA,0,NA,NA,8192,NA
FINAL_20261010_01,2,F07,91008,R6,F07:91008:P05,1,B,6240952,1,0,0,0,1,1,0,1,8192,0
FINAL_20261010_01,2,F07,91008,R6,F07:91008:P05,2,B,6240952,1,0,0,0,1,1,0,1,8192,0
FINAL_20261010_01,2,F07,91008,Original,F07:91008:P05,2,A,NA,0,NA,NA,NA,NA,0,NA,NA,8192,NA
FINAL_20261010_01,2,F07,91008,M_EVENT_16,F07:91008:P06,1,A,6240952,1,0,0,0,1,1,0,1,8192,0
FINAL_20261010_01,2,F07,91008,R6,F07:91008:P06,1,B,6240952,1,0,0,0,1,1,0,1,8192,0
FINAL_20261010_01,2,F07,91008,R6,F07:91008:P06,2,B,6240952,1,0,0,0,1,1,0,1,8192,0
FINAL_20261010_01,2,F07,91008,M_EVENT_16,F07:91008:P06,2,A,6240952,1,0,0,0,1,1,0,1,8192,0
FINAL_20261010_01,2,F07,91008,M_FIXED_2048,F07:91008:P07,1,A,6240952,1,0,0,0,1,1,0,1,8192,0
FINAL_20261010_01,2,F07,91008,R6,F07:91008:P07,1,B,6240952,1,0,0,0,1,1,0,1,8192,0
FINAL_20261010_01,2,F07,91008,R6,F07:91008:P07,2,B,6240952,1,0,0,0,1,1,0,1,8192,0
FINAL_20261010_01,2,F07,91008,M_FIXED_2048,F07:91008:P07,2,A,6240952,1,0,0,0,1,1,0,1,8192,0
FINAL_20261010_01,2,F07,91008,M_NO_IDLE,F07:91008:P08,1,A,6240952,1,0,0,0,1,1,0,1,8192,0
FINAL_20261010_01,2,F07,91008,R6,F07:91008:P08,1,B,6240952,1,0,0,0,1,1,0,1,8192,0
FINAL_20261010_01,2,F07,91008,R6,F07:91008:P08,2,B,6240952,1,0,0,0,1,1,0,1,8192,0
FINAL_20261010_01,2,F07,91008,M_NO_IDLE,F07:91008:P08,2,A,6240952,1,0,0,0,1,1,0,1,8192,0
FINAL_20261010_01,2,F07,91009,M_EVENT_16,F07:91009:DIA01,1,A,6338562,1,0,0,0,1,1,0,1,8192,0
FINAL_20261010_01,2,F07,91009,R6,F07:91009:DIA01,1,B,6338562,1,0,0,0,1,1,0,1,8192,0
FINAL_20261010_01,2,F07,91009,R6,F07:91009:DIA01,2,B,6338562,1,0,0,0,1,1,0,1,8192,0
FINAL_20261010_01,2,F07,91009,M_EVENT_16,F07:91009:DIA01,2,A,6338562,1,0,0,0,1,1,0,1,8192,0
FINAL_20261010_01,2,F07,91009,M_FIXED_128,F07:91009:DIA02,1,A,6338562,1,0,0,0,1,1,0,1,8192,0
FINAL_20261010_01,2,F07,91009,R6,F07:91009:DIA02,1,B,6338562,1,0,0,0,1,1,0,1,8192,0
FINAL_20261010_01,2,F07,91009,R6,F07:91009:DIA02,2,B,6338562,1,0,0,0,1,1,0,1,8192,0
FINAL_20261010_01,2,F07,91009,M_FIXED_128,F07:91009:DIA02,2,A,6338562,1,0,0,0,1,1,0,1,8192,0
FINAL_20261010_01,2,F07,91009,Original,F07:91009:P01,1,A,NA,0,NA,NA,NA,NA,0,NA,NA,8192,NA
FINAL_20261010_01,2,F07,91009,M_LIST,F07:91009:P01,1,B,NA,0,0,0,0,0,0,0,0,8192,0
FINAL_20261010_01,2,F07,91009,M_LIST,F07:91009:P01,2,B,NA,0,0,0,0,0,0,0,0,8192,0
FINAL_20261010_01,2,F07,91009,Original,F07:91009:P01,2,A,NA,0,NA,NA,NA,NA,0,NA,NA,8192,NA
FINAL_20261010_01,2,F07,91009,M_LIST,F07:91009:P02,1,A,NA,0,0,0,0,0,0,0,0,8192,0
FINAL_20261010_01,2,F07,91009,M_OBSERVE_LIST,F07:91009:P02,1,B,100499438,0,0,0,0,0,0,0,0,8192,0
FINAL_20261010_01,2,F07,91009,M_OBSERVE_LIST,F07:91009:P02,2,B,100499438,0,0,0,0,0,0,0,0,8192,0
FINAL_20261010_01,2,F07,91009,M_LIST,F07:91009:P02,2,A,NA,0,0,0,0,0,0,0,0,8192,0
FINAL_20261010_01,2,F07,91009,M_LIST,F07:91009:P03,1,A,NA,0,0,0,0,0,0,0,0,8192,0
FINAL_20261010_01,2,F07,91009,R6,F07:91009:P03,1,B,6338562,1,0,0,0,1,1,0,1,8192,0
FINAL_20261010_01,2,F07,91009,R6,F07:91009:P03,2,B,6338562,1,0,0,0,1,1,0,1,8192,0
FINAL_20261010_01,2,F07,91009,M_LIST,F07:91009:P03,2,A,NA,0,0,0,0,0,0,0,0,8192,0
FINAL_20261010_01,2,F07,91009,M_OBSERVE_LIST,F07:91009:P04,1,A,100499438,0,0,0,0,0,0,0,0,8192,0
FINAL_20261010_01,2,F07,91009,R6,F07:91009:P04,1,B,6338562,1,0,0,0,1,1,0,1,8192,0
FINAL_20261010_01,2,F07,91009,R6,F07:91009:P04,2,B,6338562,1,0,0,0,1,1,0,1,8192,0
FINAL_20261010_01,2,F07,91009,M_OBSERVE_LIST,F07:91009:P04,2,A,100499438,0,0,0,0,0,0,0,0,8192,0
FINAL_20261010_01,2,F07,91009,Original,F07:91009:P05,1,A,NA,0,NA,NA,NA,NA,0,NA,NA,8192,NA
FINAL_20261010_01,2,F07,91009,R6,F07:91009:P05,1,B,6338562,1,0,0,0,1,1,0,1,8192,0
FINAL_20261010_01,2,F07,91009,R6,F07:91009:P05,2,B,6338562,1,0,0,0,1,1,0,1,8192,0
FINAL_20261010_01,2,F07,91009,Original,F07:91009:P05,2,A,NA,0,NA,NA,NA,NA,0,NA,NA,8192,NA
FINAL_20261010_01,2,F07,91009,M_EVENT_16,F07:91009:P06,1,A,6338562,1,0,0,0,1,1,0,1,8192,0
FINAL_20261010_01,2,F07,91009,R6,F07:91009:P06,1,B,6338562,1,0,0,0,1,1,0,1,8192,0
FINAL_20261010_01,2,F07,91009,R6,F07:91009:P06,2,B,6338562,1,0,0,0,1,1,0,1,8192,0
FINAL_20261010_01,2,F07,91009,M_EVENT_16,F07:91009:P06,2,A,6338562,1,0,0,0,1,1,0,1,8192,0
FINAL_20261010_01,2,F07,91009,M_FIXED_2048,F07:91009:P07,1,A,6338562,1,0,0,0,1,1,0,1,8192,0
FINAL_20261010_01,2,F07,91009,R6,F07:91009:P07,1,B,6338562,1,0,0,0,1,1,0,1,8192,0
FINAL_20261010_01,2,F07,91009,R6,F07:91009:P07,2,B,6338562,1,0,0,0,1,1,0,1,8192,0
FINAL_20261010_01,2,F07,91009,M_FIXED_2048,F07:91009:P07,2,A,6338562,1,0,0,0,1,1,0,1,8192,0
FINAL_20261010_01,2,F07,91009,M_NO_IDLE,F07:91009:P08,1,A,6338562,1,0,0,0,1,1,0,1,8192,0
FINAL_20261010_01,2,F07,91009,R6,F07:91009:P08,1,B,6338562,1,0,0,0,1,1,0,1,8192,0
FINAL_20261010_01,2,F07,91009,R6,F07:91009:P08,2,B,6338562,1,0,0,0,1,1,0,1,8192,0
FINAL_20261010_01,2,F07,91009,M_NO_IDLE,F07:91009:P08,2,A,6338562,1,0,0,0,1,1,0,1,8192,0
FINAL_20261010_01,2,F07,91010,M_EVENT_16,F07:91010:DIA01,1,A,6322066,1,0,0,0,1,1,0,1,8192,0
FINAL_20261010_01,2,F07,91010,R6,F07:91010:DIA01,1,B,6322066,1,0,0,0,1,1,0,1,8192,0
FINAL_20261010_01,2,F07,91010,R6,F07:91010:DIA01,2,B,6322066,1,0,0,0,1,1,0,1,8192,0
FINAL_20261010_01,2,F07,91010,M_EVENT_16,F07:91010:DIA01,2,A,6322066,1,0,0,0,1,1,0,1,8192,0
FINAL_20261010_01,2,F07,91010,M_FIXED_128,F07:91010:DIA02,1,A,6322066,1,0,0,0,1,1,0,1,8192,0
FINAL_20261010_01,2,F07,91010,R6,F07:91010:DIA02,1,B,6322066,1,0,0,0,1,1,0,1,8192,0
FINAL_20261010_01,2,F07,91010,R6,F07:91010:DIA02,2,B,6322066,1,0,0,0,1,1,0,1,8192,0
FINAL_20261010_01,2,F07,91010,M_FIXED_128,F07:91010:DIA02,2,A,6322066,1,0,0,0,1,1,0,1,8192,0
FINAL_20261010_01,2,F07,91010,Original,F07:91010:P01,1,A,NA,0,NA,NA,NA,NA,0,NA,NA,8192,NA
FINAL_20261010_01,2,F07,91010,M_LIST,F07:91010:P01,1,B,NA,0,0,0,0,0,0,0,0,8192,0
FINAL_20261010_01,2,F07,91010,M_LIST,F07:91010:P01,2,B,NA,0,0,0,0,0,0,0,0,8192,0
FINAL_20261010_01,2,F07,91010,Original,F07:91010:P01,2,A,NA,0,NA,NA,NA,NA,0,NA,NA,8192,NA
FINAL_20261010_01,2,F07,91010,M_LIST,F07:91010:P02,1,A,NA,0,0,0,0,0,0,0,0,8192,0
FINAL_20261010_01,2,F07,91010,M_OBSERVE_LIST,F07:91010:P02,1,B,100285146,0,0,0,0,0,0,0,0,8192,0
FINAL_20261010_01,2,F07,91010,M_OBSERVE_LIST,F07:91010:P02,2,B,100285146,0,0,0,0,0,0,0,0,8192,0
FINAL_20261010_01,2,F07,91010,M_LIST,F07:91010:P02,2,A,NA,0,0,0,0,0,0,0,0,8192,0
FINAL_20261010_01,2,F07,91010,M_LIST,F07:91010:P03,1,A,NA,0,0,0,0,0,0,0,0,8192,0
FINAL_20261010_01,2,F07,91010,R6,F07:91010:P03,1,B,6322066,1,0,0,0,1,1,0,1,8192,0
FINAL_20261010_01,2,F07,91010,R6,F07:91010:P03,2,B,6322066,1,0,0,0,1,1,0,1,8192,0
FINAL_20261010_01,2,F07,91010,M_LIST,F07:91010:P03,2,A,NA,0,0,0,0,0,0,0,0,8192,0
FINAL_20261010_01,2,F07,91010,M_OBSERVE_LIST,F07:91010:P04,1,A,100285146,0,0,0,0,0,0,0,0,8192,0
FINAL_20261010_01,2,F07,91010,R6,F07:91010:P04,1,B,6322066,1,0,0,0,1,1,0,1,8192,0
FINAL_20261010_01,2,F07,91010,R6,F07:91010:P04,2,B,6322066,1,0,0,0,1,1,0,1,8192,0
FINAL_20261010_01,2,F07,91010,M_OBSERVE_LIST,F07:91010:P04,2,A,100285146,0,0,0,0,0,0,0,0,8192,0
FINAL_20261010_01,2,F07,91010,Original,F07:91010:P05,1,A,NA,0,NA,NA,NA,NA,0,NA,NA,8192,NA
FINAL_20261010_01,2,F07,91010,R6,F07:91010:P05,1,B,6322066,1,0,0,0,1,1,0,1,8192,0
FINAL_20261010_01,2,F07,91010,R6,F07:91010:P05,2,B,6322066,1,0,0,0,1,1,0,1,8192,0
FINAL_20261010_01,2,F07,91010,Original,F07:91010:P05,2,A,NA,0,NA,NA,NA,NA,0,NA,NA,8192,NA
FINAL_20261010_01,2,F07,91010,M_EVENT_16,F07:91010:P06,1,A,6322066,1,0,0,0,1,1,0,1,8192,0
FINAL_20261010_01,2,F07,91010,R6,F07:91010:P06,1,B,6322066,1,0,0,0,1,1,0,1,8192,0
FINAL_20261010_01,2,F07,91010,R6,F07:91010:P06,2,B,6322066,1,0,0,0,1,1,0,1,8192,0
FINAL_20261010_01,2,F07,91010,M_EVENT_16,F07:91010:P06,2,A,6322066,1,0,0,0,1,1,0,1,8192,0
FINAL_20261010_01,2,F07,91010,M_FIXED_2048,F07:91010:P07,1,A,6322066,1,0,0,0,1,1,0,1,8192,0
FINAL_20261010_01,2,F07,91010,R6,F07:91010:P07,1,B,6322066,1,0,0,0,1,1,0,1,8192,0
FINAL_20261010_01,2,F07,91010,R6,F07:91010:P07,2,B,6322066,1,0,0,0,1,1,0,1,8192,0
FINAL_20261010_01,2,F07,91010,M_FIXED_2048,F07:91010:P07,2,A,6322066,1,0,0,0,1,1,0,1,8192,0
FINAL_20261010_01,2,F07,91010,M_NO_IDLE,F07:91010:P08,1,A,6322066,1,0,0,0,1,1,0,1,8192,0
FINAL_20261010_01,2,F07,91010,R6,F07:91010:P08,1,B,6322066,1,0,0,0,1,1,0,1,8192,0
FINAL_20261010_01,2,F07,91010,R6,F07:91010:P08,2,B,6322066,1,0,0,0,1,1,0,1,8192,0
FINAL_20261010_01,2,F07,91010,M_NO_IDLE,F07:91010:P08,2,A,6322066,1,0,0,0,1,1,0,1,8192,0
