profile,case_id,seed,pair_id,reference,candidate,build,online,total,pair_path
aa,F01,92001,aa:before:Original:F01:block1,Original,Original,0.9043243988638597,0.9951968309810176,0.9702062828002076,C:\Users\zhangjiacheng\Desktop\zjc\小论文\投稿准备\后续研究_20261008\S1\artifacts\final\FINAL_20261010_01\children\aa_before_Original_F01_block1\pair.lock.json
aa,F01,92001,aa:before:Original:F01:block2,Original,Original,0.9823761262817626,0.9988326847002162,0.9913641826086512,C:\Users\zhangjiacheng\Desktop\zjc\小论文\投稿准备\后续研究_20261008\S1\artifacts\final\FINAL_20261010_01\children\aa_before_Original_F01_block2\pair.lock.json
aa,F01,92001,aa:before:Original:F01:block3,Original,Original,1.0734601944955542,1.0092920263950762,1.0229789632143038,C:\Users\zhangjiacheng\Desktop\zjc\小论文\投稿准备\后续研究_20261008\S1\artifacts\final\FINAL_20261010_01\children\aa_before_Original_F01_block3\pair.lock.json
aa,F01,92001,aa:before:Original:F01:block4,Original,Original,1.0618397575373468,1.0119984701611155,1.0224479478378525,C:\Users\zhangjiacheng\Desktop\zjc\小论文\投稿准备\后续研究_20261008\S1\artifacts\final\FINAL_20261010_01\children\aa_before_Original_F01_block4\pair.lock.json
aa,F01,92001,aa:before:Original:F01:block5,Original,Original,0.9333034545856246,1.0172434357430507,0.996857332378839,C:\Users\zhangjiacheng\Desktop\zjc\小论文\投稿准备\后续研究_20261008\S1\artifacts\final\FINAL_20261010_01\children\aa_before_Original_F01_block5\pair.lock.json
aa,F03,92001,aa:before:Original:F03:block1,Original,Original,1.0503730044951314,0.9977323542804627,0.998201148628583,C:\Users\zhangjiacheng\Desktop\zjc\小论文\投稿准备\后续研究_20261008\S1\artifacts\final\FINAL_20261010_01\children\aa_before_Original_F03_block1\pair.lock.json
aa,F03,92001,aa:before:Original:F03:block2,Original,Original,1.1396045472985783,1.014990128911265,1.0160155238078552,C:\Users\zhangjiacheng\Desktop\zjc\小论文\投稿准备\后续研究_20261008\S1\artifacts\final\FINAL_20261010_01\children\aa_before_Original_F03_block2\pair.lock.json
aa,F03,92001,aa:before:Original:F03:block3,Original,Original,0.8292169437912306,0.9946658338853255,0.9928561596130089,C:\Users\zhangjiacheng\Desktop\zjc\小论文\投稿准备\后续研究_20261008\S1\artifacts\final\FINAL_20261010_01\children\aa_before_Original_F03_block3\pair.lock.json
aa,F03,92001,aa:before:Original:F03:block4,Original,Original,1.0362562964137925,0.9965394062593537,0.9968689385983988,C:\Users\zhangjiacheng\Desktop\zjc\小论文\投稿准备\后续研究_20261008\S1\artifacts\final\FINAL_20261010_01\children\aa_before_Original_F03_block4\pair.lock.json
aa,F03,92001,aa:before:Original:F03:block5,Original,Original,1.0138048156138606,0.9949580932168115,0.9951044965699548,C:\Users\zhangjiacheng\Desktop\zjc\小论文\投稿准备\后续研究_20261008\S1\artifacts\final\FINAL_20261010_01\children\aa_before_Original_F03_block5\pair.lock.json
aa,F06,92001,aa:before:Original:F06:block1,Original,Original,1.0066310530004536,0.9964442394246092,0.9964816210600677,C:\Users\zhangjiacheng\Desktop\zjc\小论文\投稿准备\后续研究_20261008\S1\artifacts\final\FINAL_20261010_01\children\aa_before_Original_F06_block1\pair.lock.json
aa,F06,92001,aa:before:Original:F06:block2,Original,Original,1.0173244347702066,0.9999883967397449,1.0000583511432444,C:\Users\zhangjiacheng\Desktop\zjc\小论文\投稿准备\后续研究_20261008\S1\artifacts\final\FINAL_20261010_01\children\aa_before_Original_F06_block2\pair.lock.json
aa,F06,92001,aa:before:Original:F06:block3,Original,Original,1.173486978091918,1.012923494724936,1.013445968635611,C:\Users\zhangjiacheng\Desktop\zjc\小论文\投稿准备\后续研究_20261008\S1\artifacts\final\FINAL_20261010_01\children\aa_before_Original_F06_block3\pair.lock.json
aa,F06,92001,aa:before:Original:F06:block4,Original,Original,1.2103239709007287,0.9869666746504151,0.9877604954980741,C:\Users\zhangjiacheng\Desktop\zjc\小论文\投稿准备\后续研究_20261008\S1\artifacts\final\FINAL_20261010_01\children\aa_before_Original_F06_block4\pair.lock.json
aa,F06,92001,aa:before:Original:F06:block5,Original,Original,0.9718192524285673,0.9942389064649648,0.9941446386482797,C:\Users\zhangjiacheng\Desktop\zjc\小论文\投稿准备\后续研究_20261008\S1\artifacts\final\FINAL_20261010_01\children\aa_before_Original_F06_block5\pair.lock.json
aa,F01,92001,aa:before:M_LIST:F01:block1,M_LIST,M_LIST,0.9442312007875535,0.9922846727088506,0.9745873627139345,C:\Users\zhangjiacheng\Desktop\zjc\小论文\投稿准备\后续研究_20261008\S1\artifacts\final\FINAL_20261010_01\children\aa_before_M_LIST_F01_block1\pair.lock.json
aa,F01,92001,aa:before:M_LIST:F01:block2,M_LIST,M_LIST,0.9884621947910982,0.9912360883846375,0.9902667029288915,C:\Users\zhangjiacheng\Desktop\zjc\小论文\投稿准备\后续研究_20261008\S1\artifacts\final\FINAL_20261010_01\children\aa_before_M_LIST_F01_block2\pair.lock.json
aa,F01,92001,aa:before:M_LIST:F01:block3,M_LIST,M_LIST,1.0230825948596745,1.0239684201454426,1.0236798128449076,C:\Users\zhangjiacheng\Desktop\zjc\小论文\投稿准备\后续研究_20261008\S1\artifacts\final\FINAL_20261010_01\children\aa_before_M_LIST_F01_block3\pair.lock.json
aa,F01,92001,aa:before:M_LIST:F01:block4,M_LIST,M_LIST,1.0335478774115368,1.0115966865669517,1.0196437771421825,C:\Users\zhangjiacheng\Desktop\zjc\小论文\投稿准备\后续研究_20261008\S1\artifacts\final\FINAL_20261010_01\children\aa_before_M_LIST_F01_block4\pair.lock.json
aa,F01,92001,aa:before:M_LIST:F01:block5,M_LIST,M_LIST,1.0052987470378076,0.9862131916881527,0.992906534820922,C:\Users\zhangjiacheng\Desktop\zjc\小论文\投稿准备\后续研究_20261008\S1\artifacts\final\FINAL_20261010_01\children\aa_before_M_LIST_F01_block5\pair.lock.json
aa,F03,92001,aa:before:M_LIST:F03:block1,M_LIST,M_LIST,1.022252870619712,0.996918445526137,0.9975050000225294,C:\Users\zhangjiacheng\Desktop\zjc\小论文\投稿准备\后续研究_20261008\S1\artifacts\final\FINAL_20261010_01\children\aa_before_M_LIST_F03_block1\pair.lock.json
aa,F03,92001,aa:before:M_LIST:F03:block2,M_LIST,M_LIST,1.01608785582066,0.999968657992729,1.0003169854250722,C:\Users\zhangjiacheng\Desktop\zjc\小论文\投稿准备\后续研究_20261008\S1\artifacts\final\FINAL_20261010_01\children\aa_before_M_LIST_F03_block2\pair.lock.json
aa,F03,92001,aa:before:M_LIST:F03:block3,M_LIST,M_LIST,1.0230873796709703,0.9984494582912151,0.9990233570168118,C:\Users\zhangjiacheng\Desktop\zjc\小论文\投稿准备\后续研究_20261008\S1\artifacts\final\FINAL_20261010_01\children\aa_before_M_LIST_F03_block3\pair.lock.json
aa,F03,92001,aa:before:M_LIST:F03:block4,M_LIST,M_LIST,1.0138533708781863,1.0003492277809674,1.0006399152052317,C:\Users\zhangjiacheng\Desktop\zjc\小论文\投稿准备\后续研究_20261008\S1\artifacts\final\FINAL_20261010_01\children\aa_before_M_LIST_F03_block4\pair.lock.json
aa,F03,92001,aa:before:M_LIST:F03:block5,M_LIST,M_LIST,1.0044124678818809,0.9997083588200973,0.9998151654883518,C:\Users\zhangjiacheng\Desktop\zjc\小论文\投稿准备\后续研究_20261008\S1\artifacts\final\FINAL_20261010_01\children\aa_before_M_LIST_F03_block5\pair.lock.json
aa,F06,92001,aa:before:M_LIST:F06:block1,M_LIST,M_LIST,1.0275030249965162,0.9922534392018525,0.992576170523007,C:\Users\zhangjiacheng\Desktop\zjc\小论文\投稿准备\后续研究_20261008\S1\artifacts\final\FINAL_20261010_01\children\aa_before_M_LIST_F06_block1\pair.lock.json
aa,F06,92001,aa:before:M_LIST:F06:block2,M_LIST,M_LIST,1.191746069912313,0.9959727012963961,0.9976541308191516,C:\Users\zhangjiacheng\Desktop\zjc\小论文\投稿准备\后续研究_20261008\S1\artifacts\final\FINAL_20261010_01\children\aa_before_M_LIST_F06_block2\pair.lock.json
aa,F06,92001,aa:before:M_LIST:F06:block3,M_LIST,M_LIST,1.0137758442830838,1.007278809591523,1.0073381257481435,C:\Users\zhangjiacheng\Desktop\zjc\小论文\投稿准备\后续研究_20261008\S1\artifacts\final\FINAL_20261010_01\children\aa_before_M_LIST_F06_block3\pair.lock.json
aa,F06,92001,aa:before:M_LIST:F06:block4,M_LIST,M_LIST,0.9979980997656407,0.9892450008262743,0.9892781681064945,C:\Users\zhangjiacheng\Desktop\zjc\小论文\投稿准备\后续研究_20261008\S1\artifacts\final\FINAL_20261010_01\children\aa_before_M_LIST_F06_block4\pair.lock.json
aa,F06,92001,aa:before:M_LIST:F06:block5,M_LIST,M_LIST,1.0686938697413646,0.9975375475358709,0.9981280972046006,C:\Users\zhangjiacheng\Desktop\zjc\小论文\投稿准备\后续研究_20261008\S1\artifacts\final\FINAL_20261010_01\children\aa_before_M_LIST_F06_block5\pair.lock.json
aa,F01,92001,aa:before:R6:F01:block1,R6,R6,1.0136388551534892,1.0040038239648168,1.0069548072993948,C:\Users\zhangjiacheng\Desktop\zjc\小论文\投稿准备\后续研究_20261008\S1\artifacts\final\FINAL_20261010_01\children\aa_before_R6_F01_block1\pair.lock.json
aa,F01,92001,aa:before:R6:F01:block2,R6,R6,1.037476426107689,0.9974713514740661,1.0100811018465776,C:\Users\zhangjiacheng\Desktop\zjc\小论文\投稿准备\后续研究_20261008\S1\artifacts\final\FINAL_20261010_01\children\aa_before_R6_F01_block2\pair.lock.json
aa,F01,92001,aa:before:R6:F01:block3,R6,R6,1.0520271862268238,1.0020841711011341,1.0177999511794145,C:\Users\zhangjiacheng\Desktop\zjc\小论文\投稿准备\后续研究_20261008\S1\artifacts\final\FINAL_20261010_01\children\aa_before_R6_F01_block3\pair.lock.json
aa,F01,92001,aa:before:R6:F01:block4,R6,R6,0.9942442166817804,1.0168885995219596,1.0093144006101875,C:\Users\zhangjiacheng\Desktop\zjc\小论文\投稿准备\后续研究_20261008\S1\artifacts\final\FINAL_20261010_01\children\aa_before_R6_F01_block4\pair.lock.json
aa,F01,92001,aa:before:R6:F01:block5,R6,R6,0.9988337948643666,1.055159341132588,1.0369134915302702,C:\Users\zhangjiacheng\Desktop\zjc\小论文\投稿准备\后续研究_20261008\S1\artifacts\final\FINAL_20261010_01\children\aa_before_R6_F01_block5\pair.lock.json
aa,F03,92001,aa:before:R6:F03:block1,R6,R6,0.9452438473383331,0.9917009982450273,0.9908667681446957,C:\Users\zhangjiacheng\Desktop\zjc\小论文\投稿准备\后续研究_20261008\S1\artifacts\final\FINAL_20261010_01\children\aa_before_R6_F03_block1\pair.lock.json
aa,F03,92001,aa:before:R6:F03:block2,R6,R6,0.9775009439766843,0.9904199892403035,0.9901753130109823,C:\Users\zhangjiacheng\Desktop\zjc\小论文\投稿准备\后续研究_20261008\S1\artifacts\final\FINAL_20261010_01\children\aa_before_R6_F03_block2\pair.lock.json
aa,F03,92001,aa:before:R6:F03:block3,R6,R6,0.998048098296552,1.0068771381605501,1.0067303597534676,C:\Users\zhangjiacheng\Desktop\zjc\小论文\投稿准备\后续研究_20261008\S1\artifacts\final\FINAL_20261010_01\children\aa_before_R6_F03_block3\pair.lock.json
aa,F03,92001,aa:before:R6:F03:block4,R6,R6,1.0425489467138993,1.0020190451669113,1.0027403742722298,C:\Users\zhangjiacheng\Desktop\zjc\小论文\投稿准备\后续研究_20261008\S1\artifacts\final\FINAL_20261010_01\children\aa_before_R6_F03_block4\pair.lock.json
aa,F03,92001,aa:before:R6:F03:block5,R6,R6,0.9307643307027478,1.0003975029789374,0.9990621753773521,C:\Users\zhangjiacheng\Desktop\zjc\小论文\投稿准备\后续研究_20261008\S1\artifacts\final\FINAL_20261010_01\children\aa_before_R6_F03_block5\pair.lock.json
aa,F06,92001,aa:before:R6:F06:block1,R6,R6,0.9544604572206781,0.9778035400707782,0.9757282996442135,C:\Users\zhangjiacheng\Desktop\zjc\小论文\投稿准备\后续研究_20261008\S1\artifacts\final\FINAL_20261010_01\children\aa_before_R6_F06_block1\pair.lock.json
aa,F06,92001,aa:before:R6:F06:block2,R6,R6,1.020628600815849,1.0001524111467288,1.0016610189982502,C:\Users\zhangjiacheng\Desktop\zjc\小论文\投稿准备\后续研究_20261008\S1\artifacts\final\FINAL_20261010_01\children\aa_before_R6_F06_block2\pair.lock.json
aa,F06,92001,aa:before:R6:F06:block3,R6,R6,1.0085134591509903,1.0246215053260515,1.0232661370248008,C:\Users\zhangjiacheng\Desktop\zjc\小论文\投稿准备\后续研究_20261008\S1\artifacts\final\FINAL_20261010_01\children\aa_before_R6_F06_block3\pair.lock.json
aa,F06,92001,aa:before:R6:F06:block4,R6,R6,0.9913323333353318,1.0401443483549517,1.036518473547727,C:\Users\zhangjiacheng\Desktop\zjc\小论文\投稿准备\后续研究_20261008\S1\artifacts\final\FINAL_20261010_01\children\aa_before_R6_F06_block4\pair.lock.json
aa,F06,92001,aa:before:R6:F06:block5,R6,R6,1.033827196411571,0.9452082752230948,0.9517416360372013,C:\Users\zhangjiacheng\Desktop\zjc\小论文\投稿准备\后续研究_20261008\S1\artifacts\final\FINAL_20261010_01\children\aa_before_R6_F06_block5\pair.lock.json
final,F01,91001,F01:91001:DIA01,M_EVENT_16,R6,0.9799928657226035,1.0799919293601923,1.045616738831361,C:\Users\zhangjiacheng\Desktop\zjc\小论文\投稿准备\后续研究_20261008\S1\artifacts\final\FINAL_20261010_01\children\F01_91001_DIA01\pair.lock.json
final,F01,91001,F01:91001:DIA02,M_FIXED_128,R6,1.0651124457080794,0.3235517293126501,0.4250882634088324,C:\Users\zhangjiacheng\Desktop\zjc\小论文\投稿准备\后续研究_20261008\S1\artifacts\final\FINAL_20261010_01\children\F01_91001_DIA02\pair.lock.json
final,F01,91001,F01:91001:P01,Original,M_LIST,1.9501929351257012,1.0369914782703635,1.2414008656515252,C:\Users\zhangjiacheng\Desktop\zjc\小论文\投稿准备\后续研究_20261008\S1\artifacts\final\FINAL_20261010_01\children\F01_91001_P01\pair.lock.json
final,F01,91001,F01:91001:P02,M_LIST,M_OBSERVE_LIST,0.9661578092568361,1.1669445797414446,1.0933108161721423,C:\Users\zhangjiacheng\Desktop\zjc\小论文\投稿准备\后续研究_20261008\S1\artifacts\final\FINAL_20261010_01\children\F01_91001_P02\pair.lock.json
final,F01,91001,F01:91001:P03,M_LIST,R6,1.004925918570315,1.2279107983107278,1.1474858101474215,C:\Users\zhangjiacheng\Desktop\zjc\小论文\投稿准备\后续研究_20261008\S1\artifacts\final\FINAL_20261010_01\children\F01_91001_P03\pair.lock.json
final,F01,91001,F01:91001:P04,M_OBSERVE_LIST,R6,1.0516909340988372,1.081284211659745,1.071119159849941,C:\Users\zhangjiacheng\Desktop\zjc\小论文\投稿准备\后续研究_20261008\S1\artifacts\final\FINAL_20261010_01\children\F01_91001_P04\pair.lock.json
final,F01,91001,F01:91001:P05,Original,R6,1.853633294438083,1.2750170659244404,1.4242727215796822,C:\Users\zhangjiacheng\Desktop\zjc\小论文\投稿准备\后续研究_20261008\S1\artifacts\final\FINAL_20261010_01\children\F01_91001_P05\pair.lock.json
final,F01,91001,F01:91001:P06,M_EVENT_16,R6,0.9987766670479306,1.0987713989555852,1.0644853281041173,C:\Users\zhangjiacheng\Desktop\zjc\小论文\投稿准备\后续研究_20261008\S1\artifacts\final\FINAL_20261010_01\children\F01_91001_P06\pair.lock.json
final,F01,91001,F01:91001:P07,M_FIXED_2048,R6,0.9681795590224069,1.1318445854649715,1.0750671705259072,C:\Users\zhangjiacheng\Desktop\zjc\小论文\投稿准备\后续研究_20261008\S1\artifacts\final\FINAL_20261010_01\children\F01_91001_P07\pair.lock.json
final,F01,91001,F01:91001:P08,M_NO_IDLE,R6,1.0013318736989936,1.0473517873748401,1.032305665460441,C:\Users\zhangjiacheng\Desktop\zjc\小论文\投稿准备\后续研究_20261008\S1\artifacts\final\FINAL_20261010_01\children\F01_91001_P08\pair.lock.json
final,F01,91002,F01:91002:DIA01,M_EVENT_16,R6,1.0235133923841997,1.0880697974918636,1.0668108291358245,C:\Users\zhangjiacheng\Desktop\zjc\小论文\投稿准备\后续研究_20261008\S1\artifacts\final\FINAL_20261010_01\children\F01_91002_DIA01\pair.lock.json
final,F01,91002,F01:91002:DIA02,M_FIXED_128,R6,0.9579612732459529,0.31473488900126695,0.3969687207212968,C:\Users\zhangjiacheng\Desktop\zjc\小论文\投稿准备\后续研究_20261008\S1\artifacts\final\FINAL_20261010_01\children\F01_91002_DIA02\pair.lock.json
final,F01,91002,F01:91002:P01,Original,M_LIST,2.135897205459551,1.0203685892191707,1.260311038117036,C:\Users\zhangjiacheng\Desktop\zjc\小论文\投稿准备\后续研究_20261008\S1\artifacts\final\FINAL_20261010_01\children\F01_91002_P01\pair.lock.json
final,F01,91002,F01:91002:P02,M_LIST,M_OBSERVE_LIST,1.0181497579308414,1.1502544535843218,1.1039184914532958,C:\Users\zhangjiacheng\Desktop\zjc\小论文\投稿准备\后续研究_20261008\S1\artifacts\final\FINAL_20261010_01\children\F01_91002_P02\pair.lock.json
final,F01,91002,F01:91002:P03,M_LIST,R6,0.9945424717913854,1.2490342208811753,1.1574997271065588,C:\Users\zhangjiacheng\Desktop\zjc\小论文\投稿准备\后续研究_20261008\S1\artifacts\final\FINAL_20261010_01\children\F01_91002_P03\pair.lock.json
final,F01,91002,F01:91002:P04,M_OBSERVE_LIST,R6,0.9773638542503407,1.0744715650090806,1.0414863778150867,C:\Users\zhangjiacheng\Desktop\zjc\小论文\投稿准备\后续研究_20261008\S1\artifacts\final\FINAL_20261010_01\children\F01_91002_P04\pair.lock.json
final,F01,91002,F01:91002:P05,Original,R6,1.9433416321817845,1.2716197160508973,1.4209308972426486,C:\Users\zhangjiacheng\Desktop\zjc\小论文\投稿准备\后续研究_20261008\S1\artifacts\final\FINAL_20261010_01\children\F01_91002_P05\pair.lock.json
final,F01,91002,F01:91002:P06,M_EVENT_16,R6,0.9948881393066931,1.07928154065659,1.051759755874791,C:\Users\zhangjiacheng\Desktop\zjc\小论文\投稿准备\后续研究_20261008\S1\artifacts\final\FINAL_20261010_01\children\F01_91002_P06\pair.lock.json
final,F01,91002,F01:91002:P07,M_FIXED_2048,R6,1.050126207301393,1.1192850183936993,1.0964210463992925,C:\Users\zhangjiacheng\Desktop\zjc\小论文\投稿准备\后续研究_20261008\S1\artifacts\final\FINAL_20261010_01\children\F01_91002_P07\pair.lock.json
final,F01,91002,F01:91002:P08,M_NO_IDLE,R6,0.991637244057704,1.0095042998148216,1.0038640029394221,C:\Users\zhangjiacheng\Desktop\zjc\小论文\投稿准备\后续研究_20261008\S1\artifacts\final\FINAL_20261010_01\children\F01_91002_P08\pair.lock.json
final,F01,91003,F01:91003:DIA01,M_EVENT_16,R6,1.0986430610858355,1.089428384692737,1.0935705676410612,C:\Users\zhangjiacheng\Desktop\zjc\小论文\投稿准备\后续研究_20261008\S1\artifacts\final\FINAL_20261010_01\children\F01_91003_DIA01\pair.lock.json
final,F01,91003,F01:91003:DIA02,M_FIXED_128,R6,1.0294459095669666,0.3282829241523438,0.4179778206955572,C:\Users\zhangjiacheng\Desktop\zjc\小论文\投稿准备\后续研究_20261008\S1\artifacts\final\FINAL_20261010_01\children\F01_91003_DIA02\pair.lock.json
final,F01,91003,F01:91003:P01,Original,M_LIST,2.1858965177309186,1.0297942043995276,1.2804267312838846,C:\Users\zhangjiacheng\Desktop\zjc\小论文\投稿准备\后续研究_20261008\S1\artifacts\final\FINAL_20261010_01\children\F01_91003_P01\pair.lock.json
final,F01,91003,F01:91003:P02,M_LIST,M_OBSERVE_LIST,1.0471109143820632,1.1625549555004069,1.1212150625149242,C:\Users\zhangjiacheng\Desktop\zjc\小论文\投稿准备\后续研究_20261008\S1\artifacts\final\FINAL_20261010_01\children\F01_91003_P02\pair.lock.json
final,F01,91003,F01:91003:P03,M_LIST,R6,1.027214402360251,1.2104647539947606,1.145284408930892,C:\Users\zhangjiacheng\Desktop\zjc\小论文\投稿准备\后续研究_20261008\S1\artifacts\final\FINAL_20261010_01\children\F01_91003_P03\pair.lock.json
final,F01,91003,F01:91003:P04,M_OBSERVE_LIST,R6,1.0879555184103948,1.0688379968937396,1.0751922313188016,C:\Users\zhangjiacheng\Desktop\zjc\小论文\投稿准备\后续研究_20261008\S1\artifacts\final\FINAL_20261010_01\children\F01_91003_P04\pair.lock.json
final,F01,91003,F01:91003:P05,Original,R6,2.1889821238055434,1.2623970680787966,1.4573422623312988,C:\Users\zhangjiacheng\Desktop\zjc\小论文\投稿准备\后续研究_20261008\S1\artifacts\final\FINAL_20261010_01\children\F01_91003_P05\pair.lock.json
final,F01,91003,F01:91003:P06,M_EVENT_16,R6,1.1699178804579164,1.1196585968678041,1.1364201484627785,C:\Users\zhangjiacheng\Desktop\zjc\小论文\投稿准备\后续研究_20261008\S1\artifacts\final\FINAL_20261010_01\children\F01_91003_P06\pair.lock.json
final,F01,91003,F01:91003:P07,M_FIXED_2048,R6,1.0738660036044527,1.127191701401381,1.1095726096518685,C:\Users\zhangjiacheng\Desktop\zjc\小论文\投稿准备\后续研究_20261008\S1\artifacts\final\FINAL_20261010_01\children\F01_91003_P07\pair.lock.json
final,F01,91003,F01:91003:P08,M_NO_IDLE,R6,1.0174393097686896,1.0280121803068576,1.024640838722297,C:\Users\zhangjiacheng\Desktop\zjc\小论文\投稿准备\后续研究_20261008\S1\artifacts\final\FINAL_20261010_01\children\F01_91003_P08\pair.lock.json
final,F01,91004,F01:91004:DIA01,M_EVENT_16,R6,1.2226224269469277,1.1054622281217592,1.1440079800728988,C:\Users\zhangjiacheng\Desktop\zjc\小论文\投稿准备\后续研究_20261008\S1\artifacts\final\FINAL_20261010_01\children\F01_91004_DIA01\pair.lock.json
final,F01,91004,F01:91004:DIA02,M_FIXED_128,R6,1.1682856495015388,0.31275308335855656,0.4184171009748434,C:\Users\zhangjiacheng\Desktop\zjc\小论文\投稿准备\后续研究_20261008\S1\artifacts\final\FINAL_20261010_01\children\F01_91004_DIA02\pair.lock.json
final,F01,91004,F01:91004:P01,Original,M_LIST,2.1673443325306416,1.0377928811184263,1.2805771946214137,C:\Users\zhangjiacheng\Desktop\zjc\小论文\投稿准备\后续研究_20261008\S1\artifacts\final\FINAL_20261010_01\children\F01_91004_P01\pair.lock.json
final,F01,91004,F01:91004:P02,M_LIST,M_OBSERVE_LIST,1.0356896790239052,1.1861941014640454,1.1320105341589173,C:\Users\zhangjiacheng\Desktop\zjc\小论文\投稿准备\后续研究_20261008\S1\artifacts\final\FINAL_20261010_01\children\F01_91004_P02\pair.lock.json
final,F01,91004,F01:91004:P03,M_LIST,R6,1.120159157746471,1.2474641378102969,1.2025927501006428,C:\Users\zhangjiacheng\Desktop\zjc\小论文\投稿准备\后续研究_20261008\S1\artifacts\final\FINAL_20261010_01\children\F01_91004_P03\pair.lock.json
final,F01,91004,F01:91004:P04,M_OBSERVE_LIST,R6,1.017872542321537,1.0801038756767811,1.0593038771114884,C:\Users\zhangjiacheng\Desktop\zjc\小论文\投稿准备\后续研究_20261008\S1\artifacts\final\FINAL_20261010_01\children\F01_91004_P04\pair.lock.json
final,F01,91004,F01:91004:P05,Original,R6,2.09758368681476,1.2836602630932517,1.4590035064544908,C:\Users\zhangjiacheng\Desktop\zjc\小论文\投稿准备\后续研究_20261008\S1\artifacts\final\FINAL_20261010_01\children\F01_91004_P05\pair.lock.json
final,F01,91004,F01:91004:P06,M_EVENT_16,R6,1.1241188987236086,1.1120720147005303,1.1176951867501512,C:\Users\zhangjiacheng\Desktop\zjc\小论文\投稿准备\后续研究_20261008\S1\artifacts\final\FINAL_20261010_01\children\F01_91004_P06\pair.lock.json
final,F01,91004,F01:91004:P07,M_FIXED_2048,R6,1.044816598449239,1.1147967548302642,1.0917079685712516,C:\Users\zhangjiacheng\Desktop\zjc\小论文\投稿准备\后续研究_20261008\S1\artifacts\final\FINAL_20261010_01\children\F01_91004_P07\pair.lock.json
final,F01,91004,F01:91004:P08,M_NO_IDLE,R6,1.1137178175242282,1.0222411456388123,1.0516691937020022,C:\Users\zhangjiacheng\Desktop\zjc\小论文\投稿准备\后续研究_20261008\S1\artifacts\final\FINAL_20261010_01\children\F01_91004_P08\pair.lock.json
final,F01,91005,F01:91005:DIA01,M_EVENT_16,R6,1.0142151767724448,1.09147357564157,1.0659743986509849,C:\Users\zhangjiacheng\Desktop\zjc\小论文\投稿准备\后续研究_20261008\S1\artifacts\final\FINAL_20261010_01\children\F01_91005_DIA01\pair.lock.json
final,F01,91005,F01:91005:DIA02,M_FIXED_128,R6,0.9200840920005562,0.2887337513753812,0.36688113230586433,C:\Users\zhangjiacheng\Desktop\zjc\小论文\投稿准备\后续研究_20261008\S1\artifacts\final\FINAL_20261010_01\children\F01_91005_DIA02\pair.lock.json
final,F01,91005,F01:91005:P01,Original,M_LIST,2.2505198260173795,1.0357827595275106,1.2951163967871107,C:\Users\zhangjiacheng\Desktop\zjc\小论文\投稿准备\后续研究_20261008\S1\artifacts\final\FINAL_20261010_01\children\F01_91005_P01\pair.lock.json
final,F01,91005,F01:91005:P02,M_LIST,M_OBSERVE_LIST,1.0447948365080675,1.1585021218454772,1.118743187155595,C:\Users\zhangjiacheng\Desktop\zjc\小论文\投稿准备\后续研究_20261008\S1\artifacts\final\FINAL_20261010_01\children\F01_91005_P02\pair.lock.json
final,F01,91005,F01:91005:P03,M_LIST,R6,1.101105935031273,1.2306618478736007,1.1853579494519184,C:\Users\zhangjiacheng\Desktop\zjc\小论文\投稿准备\后续研究_20261008\S1\artifacts\final\FINAL_20261010_01\children\F01_91005_P03\pair.lock.json
final,F01,91005,F01:91005:P04,M_OBSERVE_LIST,R6,1.0960412325838322,1.0698522327796038,1.0783879599147481,C:\Users\zhangjiacheng\Desktop\zjc\小论文\投稿准备\后续研究_20261008\S1\artifacts\final\FINAL_20261010_01\children\F01_91005_P04\pair.lock.json
final,F01,91005,F01:91005:P05,Original,R6,2.10504453727295,1.2510970857809176,1.4381548733268408,C:\Users\zhangjiacheng\Desktop\zjc\小论文\投稿准备\后续研究_20261008\S1\artifacts\final\FINAL_20261010_01\children\F01_91005_P05\pair.lock.json
final,F01,91005,F01:91005:P06,M_EVENT_16,R6,1.0470834431934792,1.080926160768508,1.070116194237713,C:\Users\zhangjiacheng\Desktop\zjc\小论文\投稿准备\后续研究_20261008\S1\artifacts\final\FINAL_20261010_01\children\F01_91005_P06\pair.lock.json
final,F01,91005,F01:91005:P07,M_FIXED_2048,R6,1.0321634831710433,1.1039587952395042,1.080049572152878,C:\Users\zhangjiacheng\Desktop\zjc\小论文\投稿准备\后续研究_20261008\S1\artifacts\final\FINAL_20261010_01\children\F01_91005_P07\pair.lock.json
final,F01,91005,F01:91005:P08,M_NO_IDLE,R6,1.0065401713884072,1.0229344342028133,1.017791289139336,C:\Users\zhangjiacheng\Desktop\zjc\小论文\投稿准备\后续研究_20261008\S1\artifacts\final\FINAL_20261010_01\children\F01_91005_P08\pair.lock.json
final,F01,91006,F01:91006:DIA01,M_EVENT_16,R6,0.9957978163079593,1.1052303043513427,1.0687531811022863,C:\Users\zhangjiacheng\Desktop\zjc\小论文\投稿准备\后续研究_20261008\S1\artifacts\final\FINAL_20261010_01\children\F01_91006_DIA01\pair.lock.json
final,F01,91006,F01:91006:DIA02,M_FIXED_128,R6,1.024374620389632,0.31783701897545025,0.41200975167312065,C:\Users\zhangjiacheng\Desktop\zjc\小论文\投稿准备\后续研究_20261008\S1\artifacts\final\FINAL_20261010_01\children\F01_91006_DIA02\pair.lock.json
final,F01,91006,F01:91006:P01,Original,M_LIST,2.080022990533582,1.018029088876682,1.2443786271514554,C:\Users\zhangjiacheng\Desktop\zjc\小论文\投稿准备\后续研究_20261008\S1\artifacts\final\FINAL_20261010_01\children\F01_91006_P01\pair.lock.json
final,F01,91006,F01:91006:P02,M_LIST,M_OBSERVE_LIST,1.0335416374534778,1.1488748233597472,1.1081312680772326,C:\Users\zhangjiacheng\Desktop\zjc\小论文\投稿准备\后续研究_20261008\S1\artifacts\final\FINAL_20261010_01\children\F01_91006_P02\pair.lock.json
final,F01,91006,F01:91006:P03,M_LIST,R6,1.0520213867027801,1.2099760662929973,1.1537335952881853,C:\Users\zhangjiacheng\Desktop\zjc\小论文\投稿准备\后续研究_20261008\S1\artifacts\final\FINAL_20261010_01\children\F01_91006_P03\pair.lock.json
final,F01,91006,F01:91006:P04,M_OBSERVE_LIST,R6,0.9786946341033276,1.0617649265934361,1.0338451220493898,C:\Users\zhangjiacheng\Desktop\zjc\小论文\投稿准备\后续研究_20261008\S1\artifacts\final\FINAL_20261010_01\children\F01_91006_P04\pair.lock.json
final,F01,91006,F01:91006:P05,Original,R6,1.609658929619641,1.268533253974271,1.3509122887106748,C:\Users\zhangjiacheng\Desktop\zjc\小论文\投稿准备\后续研究_20261008\S1\artifacts\final\FINAL_20261010_01\children\F01_91006_P05\pair.lock.json
final,F01,91006,F01:91006:P06,M_EVENT_16,R6,1.1128555540228493,1.0577205145074609,1.0764280345091666,C:\Users\zhangjiacheng\Desktop\zjc\小论文\投稿准备\后续研究_20261008\S1\artifacts\final\FINAL_20261010_01\children\F01_91006_P06\pair.lock.json
final,F01,91006,F01:91006:P07,M_FIXED_2048,R6,1.0034979605476317,1.108944313146808,1.0741184314399843,C:\Users\zhangjiacheng\Desktop\zjc\小论文\投稿准备\后续研究_20261008\S1\artifacts\final\FINAL_20261010_01\children\F01_91006_P07\pair.lock.json
final,F01,91006,F01:91006:P08,M_NO_IDLE,R6,1.0002176692999545,1.0122308848600432,1.0083878481694,C:\Users\zhangjiacheng\Desktop\zjc\小论文\投稿准备\后续研究_20261008\S1\artifacts\final\FINAL_20261010_01\children\F01_91006_P08\pair.lock.json
final,F01,91007,F01:91007:DIA01,M_EVENT_16,R6,0.9563806468858079,1.0868118707825438,1.0429971957007353,C:\Users\zhangjiacheng\Desktop\zjc\小论文\投稿准备\后续研究_20261008\S1\artifacts\final\FINAL_20261010_01\children\F01_91007_DIA01\pair.lock.json
final,F01,91007,F01:91007:DIA02,M_FIXED_128,R6,1.0142996984802128,0.323535343203027,0.4082034576451409,C:\Users\zhangjiacheng\Desktop\zjc\小论文\投稿准备\后续研究_20261008\S1\artifacts\final\FINAL_20261010_01\children\F01_91007_DIA02\pair.lock.json
final,F01,91007,F01:91007:P01,Original,M_LIST,2.0034676070643296,1.0341298525177673,1.257688037256477,C:\Users\zhangjiacheng\Desktop\zjc\小论文\投稿准备\后续研究_20261008\S1\artifacts\final\FINAL_20261010_01\children\F01_91007_P01\pair.lock.json
final,F01,91007,F01:91007:P02,M_LIST,M_OBSERVE_LIST,0.9805713512289078,1.1678356989618957,1.0998654483445411,C:\Users\zhangjiacheng\Desktop\zjc\小论文\投稿准备\后续研究_20261008\S1\artifacts\final\FINAL_20261010_01\children\F01_91007_P02\pair.lock.json
final,F01,91007,F01:91007:P03,M_LIST,R6,1.026122688417633,1.242482979353863,1.1657413990134853,C:\Users\zhangjiacheng\Desktop\zjc\小论文\投稿准备\后续研究_20261008\S1\artifacts\final\FINAL_20261010_01\children\F01_91007_P03\pair.lock.json
final,F01,91007,F01:91007:P04,M_OBSERVE_LIST,R6,1.0121413622450257,1.081342019804395,1.0587869968790846,C:\Users\zhangjiacheng\Desktop\zjc\小论文\投稿准备\后续研究_20261008\S1\artifacts\final\FINAL_20261010_01\children\F01_91007_P04\pair.lock.json
final,F01,91007,F01:91007:P05,Original,R6,2.2896964096592285,1.3137077123089052,1.5211578404348343,C:\Users\zhangjiacheng\Desktop\zjc\小论文\投稿准备\后续研究_20261008\S1\artifacts\final\FINAL_20261010_01\children\F01_91007_P05\pair.lock.json
final,F01,91007,F01:91007:P06,M_EVENT_16,R6,1.0387342897133893,1.0810840329457778,1.0674332766764336,C:\Users\zhangjiacheng\Desktop\zjc\小论文\投稿准备\后续研究_20261008\S1\artifacts\final\FINAL_20261010_01\children\F01_91007_P06\pair.lock.json
final,F01,91007,F01:91007:P07,M_FIXED_2048,R6,1.0848893573696223,1.116626579415949,1.1060000349657348,C:\Users\zhangjiacheng\Desktop\zjc\小论文\投稿准备\后续研究_20261008\S1\artifacts\final\FINAL_20261010_01\children\F01_91007_P07\pair.lock.json
final,F01,91007,F01:91007:P08,M_NO_IDLE,R6,1.0382244993351795,1.0429111421213437,1.041445580174167,C:\Users\zhangjiacheng\Desktop\zjc\小论文\投稿准备\后续研究_20261008\S1\artifacts\final\FINAL_20261010_01\children\F01_91007_P08\pair.lock.json
final,F01,91008,F01:91008:DIA01,M_EVENT_16,R6,1.0405029300023803,1.1204989474256553,1.0944980794691321,C:\Users\zhangjiacheng\Desktop\zjc\小论文\投稿准备\后续研究_20261008\S1\artifacts\final\FINAL_20261010_01\children\F01_91008_DIA01\pair.lock.json
final,F01,91008,F01:91008:DIA02,M_FIXED_128,R6,1.0863291491637852,0.3149222517338658,0.41132775225086804,C:\Users\zhangjiacheng\Desktop\zjc\小论文\投稿准备\后续研究_20261008\S1\artifacts\final\FINAL_20261010_01\children\F01_91008_DIA02\pair.lock.json
final,F01,91008,F01:91008:P01,Original,M_LIST,2.1718912440709546,1.0561593989195124,1.2951405218309027,C:\Users\zhangjiacheng\Desktop\zjc\小论文\投稿准备\后续研究_20261008\S1\artifacts\final\FINAL_20261010_01\children\F01_91008_P01\pair.lock.json
final,F01,91008,F01:91008:P02,M_LIST,M_OBSERVE_LIST,1.0222790655552612,1.1565340922032574,1.108206990327118,C:\Users\zhangjiacheng\Desktop\zjc\小论文\投稿准备\后续研究_20261008\S1\artifacts\final\FINAL_20261010_01\children\F01_91008_P02\pair.lock.json
final,F01,91008,F01:91008:P03,M_LIST,R6,1.0924003493851173,1.2337707422224153,1.1837940996648495,C:\Users\zhangjiacheng\Desktop\zjc\小论文\投稿准备\后续研究_20261008\S1\artifacts\final\FINAL_20261010_01\children\F01_91008_P03\pair.lock.json
final,F01,91008,F01:91008:P04,M_OBSERVE_LIST,R6,1.0728710432816218,1.0711033614709269,1.0717191635089107,C:\Users\zhangjiacheng\Desktop\zjc\小论文\投稿准备\后续研究_20261008\S1\artifacts\final\FINAL_20261010_01\children\F01_91008_P04\pair.lock.json
final,F01,91008,F01:91008:P05,Original,R6,2.472668418401938,1.241623116718479,1.5031383258902058,C:\Users\zhangjiacheng\Desktop\zjc\小论文\投稿准备\后续研究_20261008\S1\artifacts\final\FINAL_20261010_01\children\F01_91008_P05\pair.lock.json
final,F01,91008,F01:91008:P06,M_EVENT_16,R6,1.0581704347746075,1.1246081501696161,1.1027659834832273,C:\Users\zhangjiacheng\Desktop\zjc\小论文\投稿准备\后续研究_20261008\S1\artifacts\final\FINAL_20261010_01\children\F01_91008_P06\pair.lock.json
final,F01,91008,F01:91008:P07,M_FIXED_2048,R6,1.0285488577711999,1.287955939919239,1.1998179829061586,C:\Users\zhangjiacheng\Desktop\zjc\小论文\投稿准备\后续研究_20261008\S1\artifacts\final\FINAL_20261010_01\children\F01_91008_P07\pair.lock.json
final,F01,91008,F01:91008:P08,M_NO_IDLE,R6,1.1932392095559705,1.04278508617727,1.0901220577314947,C:\Users\zhangjiacheng\Desktop\zjc\小论文\投稿准备\后续研究_20261008\S1\artifacts\final\FINAL_20261010_01\children\F01_91008_P08\pair.lock.json
final,F01,91009,F01:91009:DIA01,M_EVENT_16,R6,1.0336767325812055,1.1101956161421311,1.0850127494210724,C:\Users\zhangjiacheng\Desktop\zjc\小论文\投稿准备\后续研究_20261008\S1\artifacts\final\FINAL_20261010_01\children\F01_91009_DIA01\pair.lock.json
final,F01,91009,F01:91009:DIA02,M_FIXED_128,R6,1.0862987693165074,0.3186150742637511,0.41629993392122483,C:\Users\zhangjiacheng\Desktop\zjc\小论文\投稿准备\后续研究_20261008\S1\artifacts\final\FINAL_20261010_01\children\F01_91009_DIA02\pair.lock.json
final,F01,91009,F01:91009:P01,Original,M_LIST,2.2298489829087305,1.02689670944598,1.281340231099624,C:\Users\zhangjiacheng\Desktop\zjc\小论文\投稿准备\后续研究_20261008\S1\artifacts\final\FINAL_20261010_01\children\F01_91009_P01\pair.lock.json
final,F01,91009,F01:91009:P02,M_LIST,M_OBSERVE_LIST,1.12256452271852,1.1690254528107977,1.1542998986350583,C:\Users\zhangjiacheng\Desktop\zjc\小论文\投稿准备\后续研究_20261008\S1\artifacts\final\FINAL_20261010_01\children\F01_91009_P02\pair.lock.json
final,F01,91009,F01:91009:P03,M_LIST,R6,1.0435653325316332,1.2600744601529204,1.1830395082684642,C:\Users\zhangjiacheng\Desktop\zjc\小论文\投稿准备\后续研究_20261008\S1\artifacts\final\FINAL_20261010_01\children\F01_91009_P03\pair.lock.json
final,F01,91009,F01:91009:P04,M_OBSERVE_LIST,R6,1.0897551481875682,1.0986457543300836,1.0958115233054107,C:\Users\zhangjiacheng\Desktop\zjc\小论文\投稿准备\后续研究_20261008\S1\artifacts\final\FINAL_20261010_01\children\F01_91009_P04\pair.lock.json
final,F01,91009,F01:91009:P05,Original,R6,2.2578253548351954,1.2481968879276553,1.4581776090686716,C:\Users\zhangjiacheng\Desktop\zjc\小论文\投稿准备\后续研究_20261008\S1\artifacts\final\FINAL_20261010_01\children\F01_91009_P05\pair.lock.json
final,F01,91009,F01:91009:P06,M_EVENT_16,R6,1.1263649489567822,1.089377540297307,1.10134923968113,C:\Users\zhangjiacheng\Desktop\zjc\小论文\投稿准备\后续研究_20261008\S1\artifacts\final\FINAL_20261010_01\children\F01_91009_P06\pair.lock.json
final,F01,91009,F01:91009:P07,M_FIXED_2048,R6,1.1528962601535848,1.1306122728178418,1.1380585646338484,C:\Users\zhangjiacheng\Desktop\zjc\小论文\投稿准备\后续研究_20261008\S1\artifacts\final\FINAL_20261010_01\children\F01_91009_P07\pair.lock.json
final,F01,91009,F01:91009:P08,M_NO_IDLE,R6,1.1465339889866373,1.0201785261767333,1.0604144227419998,C:\Users\zhangjiacheng\Desktop\zjc\小论文\投稿准备\后续研究_20261008\S1\artifacts\final\FINAL_20261010_01\children\F01_91009_P08\pair.lock.json
final,F01,91010,F01:91010:DIA01,M_EVENT_16,R6,1.1184352715221078,1.0874105632796758,1.0977408225013856,C:\Users\zhangjiacheng\Desktop\zjc\小论文\投稿准备\后续研究_20261008\S1\artifacts\final\FINAL_20261010_01\children\F01_91010_DIA01\pair.lock.json
final,F01,91010,F01:91010:DIA02,M_FIXED_128,R6,1.060637321892472,0.3217469684345142,0.41445776107954996,C:\Users\zhangjiacheng\Desktop\zjc\小论文\投稿准备\后续研究_20261008\S1\artifacts\final\FINAL_20261010_01\children\F01_91010_DIA02\pair.lock.json
final,F01,91010,F01:91010:P01,Original,M_LIST,2.4858862848383736,0.9993359400862398,1.3152925391262598,C:\Users\zhangjiacheng\Desktop\zjc\小论文\投稿准备\后续研究_20261008\S1\artifacts\final\FINAL_20261010_01\children\F01_91010_P01\pair.lock.json
final,F01,91010,F01:91010:P02,M_LIST,M_OBSERVE_LIST,1.0969059084970119,1.151105790025434,1.1324122082667036,C:\Users\zhangjiacheng\Desktop\zjc\小论文\投稿准备\后续研究_20261008\S1\artifacts\final\FINAL_20261010_01\children\F01_91010_P02\pair.lock.json
final,F01,91010,F01:91010:P03,M_LIST,R6,1.0131904030491412,1.2271168219500113,1.1505970743634624,C:\Users\zhangjiacheng\Desktop\zjc\小论文\投稿准备\后续研究_20261008\S1\artifacts\final\FINAL_20261010_01\children\F01_91010_P03\pair.lock.json
final,F01,91010,F01:91010:P04,M_OBSERVE_LIST,R6,1.0065118676488405,1.0738635815868818,1.051529779636464,C:\Users\zhangjiacheng\Desktop\zjc\小论文\投稿准备\后续研究_20261008\S1\artifacts\final\FINAL_20261010_01\children\F01_91010_P04\pair.lock.json
final,F01,91010,F01:91010:P05,Original,R6,2.129392829761109,1.283302176354349,1.4685309344627444,C:\Users\zhangjiacheng\Desktop\zjc\小论文\投稿准备\后续研究_20261008\S1\artifacts\final\FINAL_20261010_01\children\F01_91010_P05\pair.lock.json
final,F01,91010,F01:91010:P06,M_EVENT_16,R6,1.0938516076946472,1.0818046959941197,1.0858645650387915,C:\Users\zhangjiacheng\Desktop\zjc\小论文\投稿准备\后续研究_20261008\S1\artifacts\final\FINAL_20261010_01\children\F01_91010_P06\pair.lock.json
final,F01,91010,F01:91010:P07,M_FIXED_2048,R6,1.0155466615142676,1.124625623017952,1.0875956613811435,C:\Users\zhangjiacheng\Desktop\zjc\小论文\投稿准备\后续研究_20261008\S1\artifacts\final\FINAL_20261010_01\children\F01_91010_P07\pair.lock.json
final,F01,91010,F01:91010:P08,M_NO_IDLE,R6,1.016302063901487,1.0098802973509056,1.0118594157876086,C:\Users\zhangjiacheng\Desktop\zjc\小论文\投稿准备\后续研究_20261008\S1\artifacts\final\FINAL_20261010_01\children\F01_91010_P08\pair.lock.json
final,F02,91001,F02:91001:DIA01,M_EVENT_16,R6,1.1020929282098975,1.1100313143336853,1.1081146266800557,C:\Users\zhangjiacheng\Desktop\zjc\小论文\投稿准备\后续研究_20261008\S1\artifacts\final\FINAL_20261010_01\children\F02_91001_DIA01\pair.lock.json
final,F02,91001,F02:91001:DIA02,M_FIXED_128,R6,0.8775948537845903,0.2102198007118982,0.2786035719486745,C:\Users\zhangjiacheng\Desktop\zjc\小论文\投稿准备\后续研究_20261008\S1\artifacts\final\FINAL_20261010_01\children\F02_91001_DIA02\pair.lock.json
final,F02,91001,F02:91001:P01,Original,M_LIST,1.7045659352809956,1.0415456331811863,1.204949030683996,C:\Users\zhangjiacheng\Desktop\zjc\小论文\投稿准备\后续研究_20261008\S1\artifacts\final\FINAL_20261010_01\children\F02_91001_P01\pair.lock.json
final,F02,91001,F02:91001:P02,M_LIST,M_OBSERVE_LIST,1.0072079524467745,1.1577916833594868,1.1040203471607088,C:\Users\zhangjiacheng\Desktop\zjc\小论文\投稿准备\后续研究_20261008\S1\artifacts\final\FINAL_20261010_01\children\F02_91001_P02\pair.lock.json
final,F02,91001,F02:91001:P03,M_LIST,R6,0.9832195775452104,1.2400996067141483,1.1508140298619878,C:\Users\zhangjiacheng\Desktop\zjc\小论文\投稿准备\后续研究_20261008\S1\artifacts\final\FINAL_20261010_01\children\F02_91001_P03\pair.lock.json
final,F02,91001,F02:91001:P04,M_OBSERVE_LIST,R6,1.013069110587755,1.0808026957052477,1.0597777075651829,C:\Users\zhangjiacheng\Desktop\zjc\小论文\投稿准备\后续研究_20261008\S1\artifacts\final\FINAL_20261010_01\children\F02_91001_P04\pair.lock.json
final,F02,91001,F02:91001:P05,Original,R6,2.22301789409349,1.2502904092860871,1.4466736753963154,C:\Users\zhangjiacheng\Desktop\zjc\小论文\投稿准备\后续研究_20261008\S1\artifacts\final\FINAL_20261010_01\children\F02_91001_P05\pair.lock.json
final,F02,91001,F02:91001:P06,M_EVENT_16,R6,1.006125012707646,1.1045232332571897,1.0731466069462043,C:\Users\zhangjiacheng\Desktop\zjc\小论文\投稿准备\后续研究_20261008\S1\artifacts\final\FINAL_20261010_01\children\F02_91001_P06\pair.lock.json
final,F02,91001,F02:91001:P07,M_FIXED_2048,R6,0.9853933005055672,1.0952233921496852,1.0592863950773521,C:\Users\zhangjiacheng\Desktop\zjc\小论文\投稿准备\后续研究_20261008\S1\artifacts\final\FINAL_20261010_01\children\F02_91001_P07\pair.lock.json
final,F02,91001,F02:91001:P08,M_NO_IDLE,R6,1.0527662158750797,1.0269632186879294,1.0348991536736798,C:\Users\zhangjiacheng\Desktop\zjc\小论文\投稿准备\后续研究_20261008\S1\artifacts\final\FINAL_20261010_01\children\F02_91001_P08\pair.lock.json
final,F02,91002,F02:91002:DIA01,M_EVENT_16,R6,1.0245211761279645,1.0922493100128445,1.0708928066832368,C:\Users\zhangjiacheng\Desktop\zjc\小论文\投稿准备\后续研究_20261008\S1\artifacts\final\FINAL_20261010_01\children\F02_91002_DIA01\pair.lock.json
final,F02,91002,F02:91002:DIA02,M_FIXED_128,R6,1.0087854584696947,0.2044091492370485,0.26865669892382654,C:\Users\zhangjiacheng\Desktop\zjc\小论文\投稿准备\后续研究_20261008\S1\artifacts\final\FINAL_20261010_01\children\F02_91002_DIA02\pair.lock.json
final,F02,91002,F02:91002:P01,Original,M_LIST,2.184321419948319,1.0486598769536877,1.2808707187473072,C:\Users\zhangjiacheng\Desktop\zjc\小论文\投稿准备\后续研究_20261008\S1\artifacts\final\FINAL_20261010_01\children\F02_91002_P01\pair.lock.json
final,F02,91002,F02:91002:P02,M_LIST,M_OBSERVE_LIST,1.00581045484563,1.1745998099577692,1.1163787653352,C:\Users\zhangjiacheng\Desktop\zjc\小论文\投稿准备\后续研究_20261008\S1\artifacts\final\FINAL_20261010_01\children\F02_91002_P02\pair.lock.json
final,F02,91002,F02:91002:P03,M_LIST,R6,1.0705617919655854,1.2448731735630085,1.1822514814997866,C:\Users\zhangjiacheng\Desktop\zjc\小论文\投稿准备\后续研究_20261008\S1\artifacts\final\FINAL_20261010_01\children\F02_91002_P03\pair.lock.json
final,F02,91002,F02:91002:P04,M_OBSERVE_LIST,R6,1.015821968708137,1.0982126706877045,1.0719605925071622,C:\Users\zhangjiacheng\Desktop\zjc\小论文\投稿准备\后续研究_20261008\S1\artifacts\final\FINAL_20261010_01\children\F02_91002_P04\pair.lock.json
final,F02,91002,F02:91002:P05,Original,R6,2.077070453096338,1.2466315822499359,1.4283073044323205,C:\Users\zhangjiacheng\Desktop\zjc\小论文\投稿准备\后续研究_20261008\S1\artifacts\final\FINAL_20261010_01\children\F02_91002_P05\pair.lock.json
final,F02,91002,F02:91002:P06,M_EVENT_16,R6,1.0111407830400723,1.0878271735723835,1.0630378557473261,C:\Users\zhangjiacheng\Desktop\zjc\小论文\投稿准备\后续研究_20261008\S1\artifacts\final\FINAL_20261010_01\children\F02_91002_P06\pair.lock.json
final,F02,91002,F02:91002:P07,M_FIXED_2048,R6,1.0276178612858342,1.0997190607638438,1.0761564185897137,C:\Users\zhangjiacheng\Desktop\zjc\小论文\投稿准备\后续研究_20261008\S1\artifacts\final\FINAL_20261010_01\children\F02_91002_P07\pair.lock.json
final,F02,91002,F02:91002:P08,M_NO_IDLE,R6,1.03325172562533,1.0046529716973667,1.0136220969194525,C:\Users\zhangjiacheng\Desktop\zjc\小论文\投稿准备\后续研究_20261008\S1\artifacts\final\FINAL_20261010_01\children\F02_91002_P08\pair.lock.json
final,F02,91003,F02:91003:DIA01,M_EVENT_16,R6,0.9779472448201463,1.0946139153485503,1.0561162112460902,C:\Users\zhangjiacheng\Desktop\zjc\小论文\投稿准备\后续研究_20261008\S1\artifacts\final\FINAL_20261010_01\children\F02_91003_DIA01\pair.lock.json
final,F02,91003,F02:91003:DIA02,M_FIXED_128,R6,1.0176481411729976,0.2174557763011883,0.2887585307732827,C:\Users\zhangjiacheng\Desktop\zjc\小论文\投稿准备\后续研究_20261008\S1\artifacts\final\FINAL_20261010_01\children\F02_91003_DIA02\pair.lock.json
final,F02,91003,F02:91003:P01,Original,M_LIST,1.9202642378050772,1.036408516063979,1.2438083596154093,C:\Users\zhangjiacheng\Desktop\zjc\小论文\投稿准备\后续研究_20261008\S1\artifacts\final\FINAL_20261010_01\children\F02_91003_P01\pair.lock.json
final,F02,91003,F02:91003:P02,M_LIST,M_OBSERVE_LIST,1.0452922435955019,1.1457870870344171,1.1105919182246553,C:\Users\zhangjiacheng\Desktop\zjc\小论文\投稿准备\后续研究_20261008\S1\artifacts\final\FINAL_20261010_01\children\F02_91003_P02\pair.lock.json
final,F02,91003,F02:91003:P03,M_LIST,R6,1.0351503994986977,1.241667706046817,1.169598857372975,C:\Users\zhangjiacheng\Desktop\zjc\小论文\投稿准备\后续研究_20261008\S1\artifacts\final\FINAL_20261010_01\children\F02_91003_P03\pair.lock.json
final,F02,91003,F02:91003:P04,M_OBSERVE_LIST,R6,1.0131993934579757,1.0979990340344679,1.0712545681754493,C:\Users\zhangjiacheng\Desktop\zjc\小论文\投稿准备\后续研究_20261008\S1\artifacts\final\FINAL_20261010_01\children\F02_91003_P04\pair.lock.json
final,F02,91003,F02:91003:P05,Original,R6,2.1538090705056545,1.2731896570700056,1.4529714719998834,C:\Users\zhangjiacheng\Desktop\zjc\小论文\投稿准备\后续研究_20261008\S1\artifacts\final\FINAL_20261010_01\children\F02_91003_P05\pair.lock.json
final,F02,91003,F02:91003:P06,M_EVENT_16,R6,1.0359359203960472,1.0883749675612358,1.071680285202115,C:\Users\zhangjiacheng\Desktop\zjc\小论文\投稿准备\后续研究_20261008\S1\artifacts\final\FINAL_20261010_01\children\F02_91003_P06\pair.lock.json
final,F02,91003,F02:91003:P07,M_FIXED_2048,R6,1.040621188066372,1.0959869954063102,1.0782107957979763,C:\Users\zhangjiacheng\Desktop\zjc\小论文\投稿准备\后续研究_20261008\S1\artifacts\final\FINAL_20261010_01\children\F02_91003_P07\pair.lock.json
final,F02,91003,F02:91003:P08,M_NO_IDLE,R6,0.9536778233828577,0.9923207716055162,0.9801993544364247,C:\Users\zhangjiacheng\Desktop\zjc\小论文\投稿准备\后续研究_20261008\S1\artifacts\final\FINAL_20261010_01\children\F02_91003_P08\pair.lock.json
final,F02,91004,F02:91004:DIA01,M_EVENT_16,R6,0.9856870300666457,1.1240373491969162,1.0791945928620323,C:\Users\zhangjiacheng\Desktop\zjc\小论文\投稿准备\后续研究_20261008\S1\artifacts\final\FINAL_20261010_01\children\F02_91004_DIA01\pair.lock.json
final,F02,91004,F02:91004:DIA02,M_FIXED_128,R6,0.978185394645394,0.21192168691930854,0.2794572368702432,C:\Users\zhangjiacheng\Desktop\zjc\小论文\投稿准备\后续研究_20261008\S1\artifacts\final\FINAL_20261010_01\children\F02_91004_DIA02\pair.lock.json
final,F02,91004,F02:91004:P01,Original,M_LIST,2.0976706418495126,1.0312501691682132,1.2519539809931441,C:\Users\zhangjiacheng\Desktop\zjc\小论文\投稿准备\后续研究_20261008\S1\artifacts\final\FINAL_20261010_01\children\F02_91004_P01\pair.lock.json
final,F02,91004,F02:91004:P02,M_LIST,M_OBSERVE_LIST,0.9950144787567639,1.1649539720725923,1.1055862549108764,C:\Users\zhangjiacheng\Desktop\zjc\小论文\投稿准备\后续研究_20261008\S1\artifacts\final\FINAL_20261010_01\children\F02_91004_P02\pair.lock.json
final,F02,91004,F02:91004:P03,M_LIST,R6,1.0441399785252499,1.2489948215372177,1.1780146809479717,C:\Users\zhangjiacheng\Desktop\zjc\小论文\投稿准备\后续研究_20261008\S1\artifacts\final\FINAL_20261010_01\children\F02_91004_P03\pair.lock.json
final,F02,91004,F02:91004:P04,M_OBSERVE_LIST,R6,1.026457252495887,1.1061017300409148,1.081098791302407,C:\Users\zhangjiacheng\Desktop\zjc\小论文\投稿准备\后续研究_20261008\S1\artifacts\final\FINAL_20261010_01\children\F02_91004_P04\pair.lock.json
final,F02,91004,F02:91004:P05,Original,R6,2.070096124889341,1.2462719945214666,1.4140664364372793,C:\Users\zhangjiacheng\Desktop\zjc\小论文\投稿准备\后续研究_20261008\S1\artifacts\final\FINAL_20261010_01\children\F02_91004_P05\pair.lock.json
final,F02,91004,F02:91004:P06,M_EVENT_16,R6,1.0413654857337378,1.096211156581995,1.0789306498944466,C:\Users\zhangjiacheng\Desktop\zjc\小论文\投稿准备\后续研究_20261008\S1\artifacts\final\FINAL_20261010_01\children\F02_91004_P06\pair.lock.json
final,F02,91004,F02:91004:P07,M_FIXED_2048,R6,1.0596007547733688,1.1329312990822247,1.1090770208159968,C:\Users\zhangjiacheng\Desktop\zjc\小论文\投稿准备\后续研究_20261008\S1\artifacts\final\FINAL_20261010_01\children\F02_91004_P07\pair.lock.json
final,F02,91004,F02:91004:P08,M_NO_IDLE,R6,1.0251254954792999,1.0105292292529506,1.0148891056410372,C:\Users\zhangjiacheng\Desktop\zjc\小论文\投稿准备\后续研究_20261008\S1\artifacts\final\FINAL_20261010_01\children\F02_91004_P08\pair.lock.json
final,F02,91005,F02:91005:DIA01,M_EVENT_16,R6,1.0361090086876084,1.0905773314855483,1.073513414018704,C:\Users\zhangjiacheng\Desktop\zjc\小论文\投稿准备\后续研究_20261008\S1\artifacts\final\FINAL_20261010_01\children\F02_91005_DIA01\pair.lock.json
final,F02,91005,F02:91005:DIA02,M_FIXED_128,R6,0.9815204171283645,0.20179372541918886,0.26369290440375914,C:\Users\zhangjiacheng\Desktop\zjc\小论文\投稿准备\后续研究_20261008\S1\artifacts\final\FINAL_20261010_01\children\F02_91005_DIA02\pair.lock.json
final,F02,91005,F02:91005:P01,Original,M_LIST,2.1617071219535364,1.036745919424309,1.266934836226004,C:\Users\zhangjiacheng\Desktop\zjc\小论文\投稿准备\后续研究_20261008\S1\artifacts\final\FINAL_20261010_01\children\F02_91005_P01\pair.lock.json
final,F02,91005,F02:91005:P02,M_LIST,M_OBSERVE_LIST,1.008951703482064,1.1665514203320706,1.1115207206145212,C:\Users\zhangjiacheng\Desktop\zjc\小论文\投稿准备\后续研究_20261008\S1\artifacts\final\FINAL_20261010_01\children\F02_91005_P02\pair.lock.json
final,F02,91005,F02:91005:P03,M_LIST,R6,0.9959382159459722,1.2171768275685386,1.1411211117180293,C:\Users\zhangjiacheng\Desktop\zjc\小论文\投稿准备\后续研究_20261008\S1\artifacts\final\FINAL_20261010_01\children\F02_91005_P03\pair.lock.json
final,F02,91005,F02:91005:P04,M_OBSERVE_LIST,R6,1.0285110267229625,1.1033182525206042,1.0797338597826698,C:\Users\zhangjiacheng\Desktop\zjc\小论文\投稿准备\后续研究_20261008\S1\artifacts\final\FINAL_20261010_01\children\F02_91005_P04\pair.lock.json
final,F02,91005,F02:91005:P05,Original,R6,2.142812215152148,1.2589898607006913,1.4430139567972684,C:\Users\zhangjiacheng\Desktop\zjc\小论文\投稿准备\后续研究_20261008\S1\artifacts\final\FINAL_20261010_01\children\F02_91005_P05\pair.lock.json
final,F02,91005,F02:91005:P06,M_EVENT_16,R6,1.0498321162561453,1.08499612725703,1.0738668285612383,C:\Users\zhangjiacheng\Desktop\zjc\小论文\投稿准备\后续研究_20261008\S1\artifacts\final\FINAL_20261010_01\children\F02_91005_P06\pair.lock.json
final,F02,91005,F02:91005:P07,M_FIXED_2048,R6,1.0049789209886446,1.139398993556388,1.0958183053784867,C:\Users\zhangjiacheng\Desktop\zjc\小论文\投稿准备\后续研究_20261008\S1\artifacts\final\FINAL_20261010_01\children\F02_91005_P07\pair.lock.json
final,F02,91005,F02:91005:P08,M_NO_IDLE,R6,0.9910764572952878,1.0325656529916247,1.019893002645088,C:\Users\zhangjiacheng\Desktop\zjc\小论文\投稿准备\后续研究_20261008\S1\artifacts\final\FINAL_20261010_01\children\F02_91005_P08\pair.lock.json
final,F02,91006,F02:91006:DIA01,M_EVENT_16,R6,1.1455125687584755,1.0984424881812682,1.1140542404029725,C:\Users\zhangjiacheng\Desktop\zjc\小论文\投稿准备\后续研究_20261008\S1\artifacts\final\FINAL_20261010_01\children\F02_91006_DIA01\pair.lock.json
final,F02,91006,F02:91006:DIA02,M_FIXED_128,R6,1.0148315671861963,0.20242242574074076,0.26642455223103934,C:\Users\zhangjiacheng\Desktop\zjc\小论文\投稿准备\后续研究_20261008\S1\artifacts\final\FINAL_20261010_01\children\F02_91006_DIA02\pair.lock.json
final,F02,91006,F02:91006:P01,Original,M_LIST,2.166780387306336,1.038571620165388,1.2655137095260165,C:\Users\zhangjiacheng\Desktop\zjc\小论文\投稿准备\后续研究_20261008\S1\artifacts\final\FINAL_20261010_01\children\F02_91006_P01\pair.lock.json
final,F02,91006,F02:91006:P02,M_LIST,M_OBSERVE_LIST,1.0310732127950089,1.1578978094515116,1.1145297378047585,C:\Users\zhangjiacheng\Desktop\zjc\小论文\投稿准备\后续研究_20261008\S1\artifacts\final\FINAL_20261010_01\children\F02_91006_P02\pair.lock.json
final,F02,91006,F02:91006:P03,M_LIST,R6,1.0040320865162644,1.2271977173103785,1.1500426522024312,C:\Users\zhangjiacheng\Desktop\zjc\小论文\投稿准备\后续研究_20261008\S1\artifacts\final\FINAL_20261010_01\children\F02_91006_P03\pair.lock.json
final,F02,91006,F02:91006:P04,M_OBSERVE_LIST,R6,1.0163134640277678,1.106159129110087,1.077838149507694,C:\Users\zhangjiacheng\Desktop\zjc\小论文\投稿准备\后续研究_20261008\S1\artifacts\final\FINAL_20261010_01\children\F02_91006_P04\pair.lock.json
final,F02,91006,F02:91006:P05,Original,R6,2.0918312157581855,1.254465755242755,1.428536370160613,C:\Users\zhangjiacheng\Desktop\zjc\小论文\投稿准备\后续研究_20261008\S1\artifacts\final\FINAL_20261010_01\children\F02_91006_P05\pair.lock.json
final,F02,91006,F02:91006:P06,M_EVENT_16,R6,1.012869166044187,1.1208055120026859,1.086635337781913,C:\Users\zhangjiacheng\Desktop\zjc\小论文\投稿准备\后续研究_20261008\S1\artifacts\final\FINAL_20261010_01\children\F02_91006_P06\pair.lock.json
final,F02,91006,F02:91006:P07,M_FIXED_2048,R6,1.0932892938872651,1.1083158526688803,1.1036602938239197,C:\Users\zhangjiacheng\Desktop\zjc\小论文\投稿准备\后续研究_20261008\S1\artifacts\final\FINAL_20261010_01\children\F02_91006_P07\pair.lock.json
final,F02,91006,F02:91006:P08,M_NO_IDLE,R6,1.0085777105738116,1.0153869712843249,1.0132606472190953,C:\Users\zhangjiacheng\Desktop\zjc\小论文\投稿准备\后续研究_20261008\S1\artifacts\final\FINAL_20261010_01\children\F02_91006_P08\pair.lock.json
final,F02,91007,F02:91007:DIA01,M_EVENT_16,R6,0.9840553518313134,1.0843002812892728,1.050684763965962,C:\Users\zhangjiacheng\Desktop\zjc\小论文\投稿准备\后续研究_20261008\S1\artifacts\final\FINAL_20261010_01\children\F02_91007_DIA01\pair.lock.json
final,F02,91007,F02:91007:DIA02,M_FIXED_128,R6,0.9860810045785932,0.21627960617453248,0.28284886225535194,C:\Users\zhangjiacheng\Desktop\zjc\小论文\投稿准备\后续研究_20261008\S1\artifacts\final\FINAL_20261010_01\children\F02_91007_DIA02\pair.lock.json
final,F02,91007,F02:91007:P01,Original,M_LIST,2.148194185672077,1.0735630823429068,1.2963453575773207,C:\Users\zhangjiacheng\Desktop\zjc\小论文\投稿准备\后续研究_20261008\S1\artifacts\final\FINAL_20261010_01\children\F02_91007_P01\pair.lock.json
final,F02,91007,F02:91007:P02,M_LIST,M_OBSERVE_LIST,1.0068217856990753,1.1703135239023454,1.113911936932538,C:\Users\zhangjiacheng\Desktop\zjc\小论文\投稿准备\后续研究_20261008\S1\artifacts\final\FINAL_20261010_01\children\F02_91007_P02\pair.lock.json
final,F02,91007,F02:91007:P03,M_LIST,R6,1.0093815709443328,1.2064577736004913,1.1402752368593887,C:\Users\zhangjiacheng\Desktop\zjc\小论文\投稿准备\后续研究_20261008\S1\artifacts\final\FINAL_20261010_01\children\F02_91007_P03\pair.lock.json
final,F02,91007,F02:91007:P04,M_OBSERVE_LIST,R6,1.0208031378417584,1.074339595781717,1.0576540017303047,C:\Users\zhangjiacheng\Desktop\zjc\小论文\投稿准备\后续研究_20261008\S1\artifacts\final\FINAL_20261010_01\children\F02_91007_P04\pair.lock.json
final,F02,91007,F02:91007:P05,Original,R6,2.0884758997640582,1.2830557234226385,1.451969213847511,C:\Users\zhangjiacheng\Desktop\zjc\小论文\投稿准备\后续研究_20261008\S1\artifacts\final\FINAL_20261010_01\children\F02_91007_P05\pair.lock.json
final,F02,91007,F02:91007:P06,M_EVENT_16,R6,1.0425506646151617,1.0822135491869453,1.0697980787451762,C:\Users\zhangjiacheng\Desktop\zjc\小论文\投稿准备\后续研究_20261008\S1\artifacts\final\FINAL_20261010_01\children\F02_91007_P06\pair.lock.json
final,F02,91007,F02:91007:P07,M_FIXED_2048,R6,1.1441792066529297,1.1256403978855496,1.1336974789711298,C:\Users\zhangjiacheng\Desktop\zjc\小论文\投稿准备\后续研究_20261008\S1\artifacts\final\FINAL_20261010_01\children\F02_91007_P07\pair.lock.json
final,F02,91007,F02:91007:P08,M_NO_IDLE,R6,1.0024261867129654,1.0336533968566688,1.0241651112959929,C:\Users\zhangjiacheng\Desktop\zjc\小论文\投稿准备\后续研究_20261008\S1\artifacts\final\FINAL_20261010_01\children\F02_91007_P08\pair.lock.json
final,F02,91008,F02:91008:DIA01,M_EVENT_16,R6,1.0003031087236687,1.1136090192528256,1.0766590725602634,C:\Users\zhangjiacheng\Desktop\zjc\小论文\投稿准备\后续研究_20261008\S1\artifacts\final\FINAL_20261010_01\children\F02_91008_DIA01\pair.lock.json
final,F02,91008,F02:91008:DIA02,M_FIXED_128,R6,0.9924257210987129,0.20607616765568346,0.2695364361952827,C:\Users\zhangjiacheng\Desktop\zjc\小论文\投稿准备\后续研究_20261008\S1\artifacts\final\FINAL_20261010_01\children\F02_91008_DIA02\pair.lock.json
final,F02,91008,F02:91008:P01,Original,M_LIST,2.0973717654152697,1.0314094725774905,1.2532918793103445,C:\Users\zhangjiacheng\Desktop\zjc\小论文\投稿准备\后续研究_20261008\S1\artifacts\final\FINAL_20261010_01\children\F02_91008_P01\pair.lock.json
final,F02,91008,F02:91008:P02,M_LIST,M_OBSERVE_LIST,0.9698148303312494,1.1713468843973602,1.0998749582476581,C:\Users\zhangjiacheng\Desktop\zjc\小论文\投稿准备\后续研究_20261008\S1\artifacts\final\FINAL_20261010_01\children\F02_91008_P02\pair.lock.json
final,F02,91008,F02:91008:P03,M_LIST,R6,1.0213587316201889,1.232364126897136,1.1599512436791684,C:\Users\zhangjiacheng\Desktop\zjc\小论文\投稿准备\后续研究_20261008\S1\artifacts\final\FINAL_20261010_01\children\F02_91008_P03\pair.lock.json
final,F02,91008,F02:91008:P04,M_OBSERVE_LIST,R6,1.023710730571673,1.1085206745893421,1.08172293185965,C:\Users\zhangjiacheng\Desktop\zjc\小论文\投稿准备\后续研究_20261008\S1\artifacts\final\FINAL_20261010_01\children\F02_91008_P04\pair.lock.json
final,F02,91008,F02:91008:P05,Original,R6,2.151767384164981,1.2482349467484741,1.4349140629152226,C:\Users\zhangjiacheng\Desktop\zjc\小论文\投稿准备\后续研究_20261008\S1\artifacts\final\FINAL_20261010_01\children\F02_91008_P05\pair.lock.json
final,F02,91008,F02:91008:P06,M_EVENT_16,R6,1.029940732131051,1.1058115751791704,1.0817688745890306,C:\Users\zhangjiacheng\Desktop\zjc\小论文\投稿准备\后续研究_20261008\S1\artifacts\final\FINAL_20261010_01\children\F02_91008_P06\pair.lock.json
final,F02,91008,F02:91008:P07,M_FIXED_2048,R6,1.0831889204954248,1.1203066864179303,1.108524747787198,C:\Users\zhangjiacheng\Desktop\zjc\小论文\投稿准备\后续研究_20261008\S1\artifacts\final\FINAL_20261010_01\children\F02_91008_P07\pair.lock.json
final,F02,91008,F02:91008:P08,M_NO_IDLE,R6,1.0224114699028077,1.0227745504341847,1.0226821080018555,C:\Users\zhangjiacheng\Desktop\zjc\小论文\投稿准备\后续研究_20261008\S1\artifacts\final\FINAL_20261010_01\children\F02_91008_P08\pair.lock.json
final,F02,91009,F02:91009:DIA01,M_EVENT_16,R6,0.9534269978268922,1.0881983853652994,1.0414840624507933,C:\Users\zhangjiacheng\Desktop\zjc\小论文\投稿准备\后续研究_20261008\S1\artifacts\final\FINAL_20261010_01\children\F02_91009_DIA01\pair.lock.json
final,F02,91009,F02:91009:DIA02,M_FIXED_128,R6,0.9511046963663965,0.19969520562357881,0.2619217988053474,C:\Users\zhangjiacheng\Desktop\zjc\小论文\投稿准备\后续研究_20261008\S1\artifacts\final\FINAL_20261010_01\children\F02_91009_DIA02\pair.lock.json
final,F02,91009,F02:91009:P01,Original,M_LIST,2.146105482547765,1.0105385000610099,1.2383455850336569,C:\Users\zhangjiacheng\Desktop\zjc\小论文\投稿准备\后续研究_20261008\S1\artifacts\final\FINAL_20261010_01\children\F02_91009_P01\pair.lock.json
final,F02,91009,F02:91009:P02,M_LIST,M_OBSERVE_LIST,0.9798567504156398,1.1801337266668526,1.1100266584956187,C:\Users\zhangjiacheng\Desktop\zjc\小论文\投稿准备\后续研究_20261008\S1\artifacts\final\FINAL_20261010_01\children\F02_91009_P02\pair.lock.json
final,F02,91009,F02:91009:P03,M_LIST,R6,0.9763513399425063,1.2276440417164376,1.1395223705239679,C:\Users\zhangjiacheng\Desktop\zjc\小论文\投稿准备\后续研究_20261008\S1\artifacts\final\FINAL_20261010_01\children\F02_91009_P03\pair.lock.json
final,F02,91009,F02:91009:P04,M_OBSERVE_LIST,R6,0.9997830474299271,1.0609557124032536,1.041698626526033,C:\Users\zhangjiacheng\Desktop\zjc\小论文\投稿准备\后续研究_20261008\S1\artifacts\final\FINAL_20261010_01\children\F02_91009_P04\pair.lock.json
final,F02,91009,F02:91009:P05,Original,R6,2.1122064570931873,1.2886321734023243,1.4578107567553895,C:\Users\zhangjiacheng\Desktop\zjc\小论文\投稿准备\后续研究_20261008\S1\artifacts\final\FINAL_20261010_01\children\F02_91009_P05\pair.lock.json
final,F02,91009,F02:91009:P06,M_EVENT_16,R6,1.0305301632827821,1.0932663587840397,1.0735297335335887,C:\Users\zhangjiacheng\Desktop\zjc\小论文\投稿准备\后续研究_20261008\S1\artifacts\final\FINAL_20261010_01\children\F02_91009_P06\pair.lock.json
final,F02,91009,F02:91009:P07,M_FIXED_2048,R6,1.0290951464388296,1.1264369195361201,1.0948469377858197,C:\Users\zhangjiacheng\Desktop\zjc\小论文\投稿准备\后续研究_20261008\S1\artifacts\final\FINAL_20261010_01\children\F02_91009_P07\pair.lock.json
final,F02,91009,F02:91009:P08,M_NO_IDLE,R6,1.0314222700998592,1.025027761814478,1.0269528879749563,C:\Users\zhangjiacheng\Desktop\zjc\小论文\投稿准备\后续研究_20261008\S1\artifacts\final\FINAL_20261010_01\children\F02_91009_P08\pair.lock.json
final,F02,91010,F02:91010:DIA01,M_EVENT_16,R6,1.00226473813165,1.084217929002592,1.0580287538995818,C:\Users\zhangjiacheng\Desktop\zjc\小论文\投稿准备\后续研究_20261008\S1\artifacts\final\FINAL_20261010_01\children\F02_91010_DIA01\pair.lock.json
final,F02,91010,F02:91010:DIA02,M_FIXED_128,R6,1.0232114899440454,0.22469118349938044,0.2951328896642701,C:\Users\zhangjiacheng\Desktop\zjc\小论文\投稿准备\后续研究_20261008\S1\artifacts\final\FINAL_20261010_01\children\F02_91010_DIA02\pair.lock.json
final,F02,91010,F02:91010:P01,Original,M_LIST,2.0794696742286725,1.026210483567496,1.248061196171354,C:\Users\zhangjiacheng\Desktop\zjc\小论文\投稿准备\后续研究_20261008\S1\artifacts\final\FINAL_20261010_01\children\F02_91010_P01\pair.lock.json
final,F02,91010,F02:91010:P02,M_LIST,M_OBSERVE_LIST,1.0253417051368519,1.1638045158144066,1.1162878280138193,C:\Users\zhangjiacheng\Desktop\zjc\小论文\投稿准备\后续研究_20261008\S1\artifacts\final\FINAL_20261010_01\children\F02_91010_P02\pair.lock.json
final,F02,91010,F02:91010:P03,M_LIST,R6,1.0402955050447578,1.229419243025027,1.1638500135520393,C:\Users\zhangjiacheng\Desktop\zjc\小论文\投稿准备\后续研究_20261008\S1\artifacts\final\FINAL_20261010_01\children\F02_91010_P03\pair.lock.json
final,F02,91010,F02:91010:P04,M_OBSERVE_LIST,R6,1.0613144388823552,1.0823531641446344,1.0759435993081863,C:\Users\zhangjiacheng\Desktop\zjc\小论文\投稿准备\后续研究_20261008\S1\artifacts\final\FINAL_20261010_01\children\F02_91010_P04\pair.lock.json
final,F02,91010,F02:91010:P05,Original,R6,2.186664808276471,1.265357220618162,1.4525591610263169,C:\Users\zhangjiacheng\Desktop\zjc\小论文\投稿准备\后续研究_20261008\S1\artifacts\final\FINAL_20261010_01\children\F02_91010_P05\pair.lock.json
final,F02,91010,F02:91010:P06,M_EVENT_16,R6,0.9946814019324302,1.102857202514325,1.0675608679745023,C:\Users\zhangjiacheng\Desktop\zjc\小论文\投稿准备\后续研究_20261008\S1\artifacts\final\FINAL_20261010_01\children\F02_91010_P06\pair.lock.json
final,F02,91010,F02:91010:P07,M_FIXED_2048,R6,1.0099338709931778,1.1188256983108527,1.0837017256530785,C:\Users\zhangjiacheng\Desktop\zjc\小论文\投稿准备\后续研究_20261008\S1\artifacts\final\FINAL_20261010_01\children\F02_91010_P07\pair.lock.json
final,F02,91010,F02:91010:P08,M_NO_IDLE,R6,1.1552589738106758,1.0218148764473056,1.064072968943709,C:\Users\zhangjiacheng\Desktop\zjc\小论文\投稿准备\后续研究_20261008\S1\artifacts\final\FINAL_20261010_01\children\F02_91010_P08\pair.lock.json
final,F03,91001,F03:91001:DIA01,M_EVENT_16,R6,1.0646158900501486,1.0445489455266432,1.0449099071993508,C:\Users\zhangjiacheng\Desktop\zjc\小论文\投稿准备\后续研究_20261008\S1\artifacts\final\FINAL_20261010_01\children\F03_91001_DIA01\pair.lock.json
final,F03,91001,F03:91001:DIA02,M_FIXED_128,R6,0.9902758913001453,0.9542834457440079,0.9548794976548712,C:\Users\zhangjiacheng\Desktop\zjc\小论文\投稿准备\后续研究_20261008\S1\artifacts\final\FINAL_20261010_01\children\F03_91001_DIA02\pair.lock.json
final,F03,91001,F03:91001:P01,Original,M_LIST,2.108123508219681,0.9532259046045194,0.964843329979734,C:\Users\zhangjiacheng\Desktop\zjc\小论文\投稿准备\后续研究_20261008\S1\artifacts\final\FINAL_20261010_01\children\F03_91001_P01\pair.lock.json
final,F03,91001,F03:91001:P02,M_LIST,M_OBSERVE_LIST,1.0137000321107268,1.6469744160773667,1.6334304553752736,C:\Users\zhangjiacheng\Desktop\zjc\小论文\投稿准备\后续研究_20261008\S1\artifacts\final\FINAL_20261010_01\children\F03_91001_P02\pair.lock.json
final,F03,91001,F03:91001:P03,M_LIST,R6,1.0201702344497563,1.2531388106167232,1.2481944854328901,C:\Users\zhangjiacheng\Desktop\zjc\小论文\投稿准备\后续研究_20261008\S1\artifacts\final\FINAL_20261010_01\children\F03_91001_P03\pair.lock.json
final,F03,91001,F03:91001:P04,M_OBSERVE_LIST,R6,1.071011691476876,0.7598091354567478,0.7638677477953281,C:\Users\zhangjiacheng\Desktop\zjc\小论文\投稿准备\后续研究_20261008\S1\artifacts\final\FINAL_20261010_01\children\F03_91001_P04\pair.lock.json
final,F03,91001,F03:91001:P05,Original,R6,1.9178561548976414,1.2008632567282542,1.2087243715870437,C:\Users\zhangjiacheng\Desktop\zjc\小论文\投稿准备\后续研究_20261008\S1\artifacts\final\FINAL_20261010_01\children\F03_91001_P05\pair.lock.json
final,F03,91001,F03:91001:P06,M_EVENT_16,R6,0.9906313639185698,1.0469047116977792,1.0458671148341376,C:\Users\zhangjiacheng\Desktop\zjc\小论文\投稿准备\后续研究_20261008\S1\artifacts\final\FINAL_20261010_01\children\F03_91001_P06\pair.lock.json
final,F03,91001,F03:91001:P07,M_FIXED_2048,R6,1.039007194903362,0.7668868894956367,0.7704314211466159,C:\Users\zhangjiacheng\Desktop\zjc\小论文\投稿准备\后续研究_20261008\S1\artifacts\final\FINAL_20261010_01\children\F03_91001_P07\pair.lock.json
final,F03,91001,F03:91001:P08,M_NO_IDLE,R6,0.9963314337755502,0.7946646628245755,0.7974495719511712,C:\Users\zhangjiacheng\Desktop\zjc\小论文\投稿准备\后续研究_20261008\S1\artifacts\final\FINAL_20261010_01\children\F03_91001_P08\pair.lock.json
final,F03,91002,F03:91002:DIA01,M_EVENT_16,R6,1.0440539222394958,1.0507119854752682,1.0505868068695592,C:\Users\zhangjiacheng\Desktop\zjc\小论文\投稿准备\后续研究_20261008\S1\artifacts\final\FINAL_20261010_01\children\F03_91002_DIA01\pair.lock.json
final,F03,91002,F03:91002:DIA02,M_FIXED_128,R6,0.981702381492779,0.9643352116990402,0.9646186140859113,C:\Users\zhangjiacheng\Desktop\zjc\小论文\投稿准备\后续研究_20261008\S1\artifacts\final\FINAL_20261010_01\children\F03_91002_DIA02\pair.lock.json
final,F03,91002,F03:91002:P01,Original,M_LIST,1.9488030749013099,0.9581849650457586,0.9681401498292183,C:\Users\zhangjiacheng\Desktop\zjc\小论文\投稿准备\后续研究_20261008\S1\artifacts\final\FINAL_20261010_01\children\F03_91002_P01\pair.lock.json
final,F03,91002,F03:91002:P02,M_LIST,M_OBSERVE_LIST,1.0114338134506111,1.6409749162170095,1.6280128744987992,C:\Users\zhangjiacheng\Desktop\zjc\小论文\投稿准备\后续研究_20261008\S1\artifacts\final\FINAL_20261010_01\children\F03_91002_P02\pair.lock.json
final,F03,91002,F03:91002:P03,M_LIST,R6,0.9334008974920517,1.21580360323261,1.2097317355993167,C:\Users\zhangjiacheng\Desktop\zjc\小论文\投稿准备\后续研究_20261008\S1\artifacts\final\FINAL_20261010_01\children\F03_91002_P03\pair.lock.json
final,F03,91002,F03:91002:P04,M_OBSERVE_LIST,R6,1.0117523972814129,0.748210088732527,0.7515123350751372,C:\Users\zhangjiacheng\Desktop\zjc\小论文\投稿准备\后续研究_20261008\S1\artifacts\final\FINAL_20261010_01\children\F03_91002_P04\pair.lock.json
final,F03,91002,F03:91002:P05,Original,R6,2.076769926272826,1.1704662323380755,1.1791203422984262,C:\Users\zhangjiacheng\Desktop\zjc\小论文\投稿准备\后续研究_20261008\S1\artifacts\final\FINAL_20261010_01\children\F03_91002_P05\pair.lock.json
final,F03,91002,F03:91002:P06,M_EVENT_16,R6,0.9875532095120265,1.0449353046355412,1.0439217730357422,C:\Users\zhangjiacheng\Desktop\zjc\小论文\投稿准备\后续研究_20261008\S1\artifacts\final\FINAL_20261010_01\children\F03_91002_P06\pair.lock.json
final,F03,91002,F03:91002:P07,M_FIXED_2048,R6,1.0514698180350635,0.759089279798703,0.7627728972962953,C:\Users\zhangjiacheng\Desktop\zjc\小论文\投稿准备\后续研究_20261008\S1\artifacts\final\FINAL_20261010_01\children\F03_91002_P07\pair.lock.json
final,F03,91002,F03:91002:P08,M_NO_IDLE,R6,0.9806285076261709,0.7592366566772388,0.762164210994521,C:\Users\zhangjiacheng\Desktop\zjc\小论文\投稿准备\后续研究_20261008\S1\artifacts\final\FINAL_20261010_01\children\F03_91002_P08\pair.lock.json
final,F03,91003,F03:91003:DIA01,M_EVENT_16,R6,0.9835084255265075,1.0481432927341794,1.0469592122144111,C:\Users\zhangjiacheng\Desktop\zjc\小论文\投稿准备\后续研究_20261008\S1\artifacts\final\FINAL_20261010_01\children\F03_91003_DIA01\pair.lock.json
final,F03,91003,F03:91003:DIA02,M_FIXED_128,R6,0.9622413010910644,0.9610453099988334,0.9610645602808005,C:\Users\zhangjiacheng\Desktop\zjc\小论文\投稿准备\后续研究_20261008\S1\artifacts\final\FINAL_20261010_01\children\F03_91003_DIA02\pair.lock.json
final,F03,91003,F03:91003:P01,Original,M_LIST,2.1293832623847035,0.9535259062696942,0.9655079735294512,C:\Users\zhangjiacheng\Desktop\zjc\小论文\投稿准备\后续研究_20261008\S1\artifacts\final\FINAL_20261010_01\children\F03_91003_P01\pair.lock.json
final,F03,91003,F03:91003:P02,M_LIST,M_OBSERVE_LIST,1.0303619014345318,1.661461153183441,1.6476981049464083,C:\Users\zhangjiacheng\Desktop\zjc\小论文\投稿准备\后续研究_20261008\S1\artifacts\final\FINAL_20261010_01\children\F03_91003_P02\pair.lock.json
final,F03,91003,F03:91003:P03,M_LIST,R6,0.9939939127684183,1.265581766855992,1.2594364982659843,C:\Users\zhangjiacheng\Desktop\zjc\小论文\投稿准备\后续研究_20261008\S1\artifacts\final\FINAL_20261010_01\children\F03_91003_P03\pair.lock.json
final,F03,91003,F03:91003:P04,M_OBSERVE_LIST,R6,0.9935423210987246,0.7651633241670791,0.7681995846523468,C:\Users\zhangjiacheng\Desktop\zjc\小论文\投稿准备\后续研究_20261008\S1\artifacts\final\FINAL_20261010_01\children\F03_91003_P04\pair.lock.json
final,F03,91003,F03:91003:P05,Original,R6,1.9519742934476025,1.2239823498940745,1.2321491249267456,C:\Users\zhangjiacheng\Desktop\zjc\小论文\投稿准备\后续研究_20261008\S1\artifacts\final\FINAL_20261010_01\children\F03_91003_P05\pair.lock.json
final,F03,91003,F03:91003:P06,M_EVENT_16,R6,1.0141759508805932,1.043228402563625,1.0427010185398822,C:\Users\zhangjiacheng\Desktop\zjc\小论文\投稿准备\后续研究_20261008\S1\artifacts\final\FINAL_20261010_01\children\F03_91003_P06\pair.lock.json
final,F03,91003,F03:91003:P07,M_FIXED_2048,R6,0.9955074822154408,0.7741511519643297,0.7771705326440356,C:\Users\zhangjiacheng\Desktop\zjc\小论文\投稿准备\后续研究_20261008\S1\artifacts\final\FINAL_20261010_01\children\F03_91003_P07\pair.lock.json
final,F03,91003,F03:91003:P08,M_NO_IDLE,R6,1.0207705597496863,0.8059050953168854,0.8089036148676374,C:\Users\zhangjiacheng\Desktop\zjc\小论文\投稿准备\后续研究_20261008\S1\artifacts\final\FINAL_20261010_01\children\F03_91003_P08\pair.lock.json
final,F03,91004,F03:91004:DIA01,M_EVENT_16,R6,1.0121501039619398,1.0578110314651836,1.0569606135791552,C:\Users\zhangjiacheng\Desktop\zjc\小论文\投稿准备\后续研究_20261008\S1\artifacts\final\FINAL_20261010_01\children\F03_91004_DIA01\pair.lock.json
final,F03,91004,F03:91004:DIA02,M_FIXED_128,R6,0.9737760284112047,0.9620524478372204,0.9622484380365114,C:\Users\zhangjiacheng\Desktop\zjc\小论文\投稿准备\后续研究_20261008\S1\artifacts\final\FINAL_20261010_01\children\F03_91004_DIA02\pair.lock.json
final,F03,91004,F03:91004:P01,Original,M_LIST,2.056684806794836,0.9571202870867201,0.9682929644827999,C:\Users\zhangjiacheng\Desktop\zjc\小论文\投稿准备\后续研究_20261008\S1\artifacts\final\FINAL_20261010_01\children\F03_91004_P01\pair.lock.json
final,F03,91004,F03:91004:P02,M_LIST,M_OBSERVE_LIST,0.9830462115185883,1.643969241784627,1.6295736733626238,C:\Users\zhangjiacheng\Desktop\zjc\小论文\投稿准备\后续研究_20261008\S1\artifacts\final\FINAL_20261010_01\children\F03_91004_P02\pair.lock.json
final,F03,91004,F03:91004:P03,M_LIST,R6,1.0567184412354906,1.2529589585527472,1.2487195638291726,C:\Users\zhangjiacheng\Desktop\zjc\小论文\投稿准备\后续研究_20261008\S1\artifacts\final\FINAL_20261010_01\children\F03_91004_P03\pair.lock.json
final,F03,91004,F03:91004:P04,M_OBSERVE_LIST,R6,1.0315796061703053,0.7632323325925496,0.7666684055728048,C:\Users\zhangjiacheng\Desktop\zjc\小论文\投稿准备\后续研究_20261008\S1\artifacts\final\FINAL_20261010_01\children\F03_91004_P04\pair.lock.json
final,F03,91004,F03:91004:P05,Original,R6,2.0231943352875135,1.1997014847414975,1.2080321485456431,C:\Users\zhangjiacheng\Desktop\zjc\小论文\投稿准备\后续研究_20261008\S1\artifacts\final\FINAL_20261010_01\children\F03_91004_P05\pair.lock.json
final,F03,91004,F03:91004:P06,M_EVENT_16,R6,1.0191208078223597,1.015828617944498,1.0158839357786227,C:\Users\zhangjiacheng\Desktop\zjc\小论文\投稿准备\后续研究_20261008\S1\artifacts\final\FINAL_20261010_01\children\F03_91004_P06\pair.lock.json
final,F03,91004,F03:91004:P07,M_FIXED_2048,R6,1.0124518094490544,0.7629412406019296,0.7661846498266802,C:\Users\zhangjiacheng\Desktop\zjc\小论文\投稿准备\后续研究_20261008\S1\artifacts\final\FINAL_20261010_01\children\F03_91004_P07\pair.lock.json
final,F03,91004,F03:91004:P08,M_NO_IDLE,R6,1.0070176160644408,0.7989103436867137,0.80179178305797,C:\Users\zhangjiacheng\Desktop\zjc\小论文\投稿准备\后续研究_20261008\S1\artifacts\final\FINAL_20261010_01\children\F03_91004_P08\pair.lock.json
final,F03,91005,F03:91005:DIA01,M_EVENT_16,R6,0.9892014217576919,1.0466682302793742,1.0455535219411658,C:\Users\zhangjiacheng\Desktop\zjc\小论文\投稿准备\后续研究_20261008\S1\artifacts\final\FINAL_20261010_01\children\F03_91005_DIA01\pair.lock.json
final,F03,91005,F03:91005:DIA02,M_FIXED_128,R6,0.9628412883607597,0.9565667935941208,0.9566695390777609,C:\Users\zhangjiacheng\Desktop\zjc\小论文\投稿准备\后续研究_20261008\S1\artifacts\final\FINAL_20261010_01\children\F03_91005_DIA02\pair.lock.json
final,F03,91005,F03:91005:P01,Original,M_LIST,2.0740569807848557,0.9513704182492142,0.9625404455571787,C:\Users\zhangjiacheng\Desktop\zjc\小论文\投稿准备\后续研究_20261008\S1\artifacts\final\FINAL_20261010_01\children\F03_91005_P01\pair.lock.json
final,F03,91005,F03:91005:P02,M_LIST,M_OBSERVE_LIST,1.020977555496667,1.643902499794477,1.631022050761348,C:\Users\zhangjiacheng\Desktop\zjc\小论文\投稿准备\后续研究_20261008\S1\artifacts\final\FINAL_20261010_01\children\F03_91005_P02\pair.lock.json
final,F03,91005,F03:91005:P03,M_LIST,R6,1.0071561228373385,1.2418892769241785,1.2370046839115088,C:\Users\zhangjiacheng\Desktop\zjc\小论文\投稿准备\后续研究_20261008\S1\artifacts\final\FINAL_20261010_01\children\F03_91005_P03\pair.lock.json
final,F03,91005,F03:91005:P04,M_OBSERVE_LIST,R6,1.0186927751420745,0.7539957946857381,0.7573821159099818,C:\Users\zhangjiacheng\Desktop\zjc\小论文\投稿准备\后续研究_20261008\S1\artifacts\final\FINAL_20261010_01\children\F03_91005_P04\pair.lock.json
final,F03,91005,F03:91005:P05,Original,R6,2.0645022221965497,1.1909795392624853,1.1995838047703746,C:\Users\zhangjiacheng\Desktop\zjc\小论文\投稿准备\后续研究_20261008\S1\artifacts\final\FINAL_20261010_01\children\F03_91005_P05\pair.lock.json
final,F03,91005,F03:91005:P06,M_EVENT_16,R6,0.9999776210545612,1.0489654544591478,1.0480875112465267,C:\Users\zhangjiacheng\Desktop\zjc\小论文\投稿准备\后续研究_20261008\S1\artifacts\final\FINAL_20261010_01\children\F03_91005_P06\pair.lock.json
final,F03,91005,F03:91005:P07,M_FIXED_2048,R6,0.9783992289377195,0.7599238802606509,0.7628281756846789,C:\Users\zhangjiacheng\Desktop\zjc\小论文\投稿准备\后续研究_20261008\S1\artifacts\final\FINAL_20261010_01\children\F03_91005_P07\pair.lock.json
final,F03,91005,F03:91005:P08,M_NO_IDLE,R6,1.0247854123818454,0.7708089995164661,0.7741551552121003,C:\Users\zhangjiacheng\Desktop\zjc\小论文\投稿准备\后续研究_20261008\S1\artifacts\final\FINAL_20261010_01\children\F03_91005_P08\pair.lock.json
final,F03,91006,F03:91006:DIA01,M_EVENT_16,R6,0.993688766929141,1.0600103125650409,1.058832116952211,C:\Users\zhangjiacheng\Desktop\zjc\小论文\投稿准备\后续研究_20261008\S1\artifacts\final\FINAL_20261010_01\children\F03_91006_DIA01\pair.lock.json
final,F03,91006,F03:91006:DIA02,M_FIXED_128,R6,0.9965508386915214,0.9575552740415582,0.9581970633574893,C:\Users\zhangjiacheng\Desktop\zjc\小论文\投稿准备\后续研究_20261008\S1\artifacts\final\FINAL_20261010_01\children\F03_91006_DIA02\pair.lock.json
final,F03,91006,F03:91006:P01,Original,M_LIST,1.999231837871962,0.9569494930846014,0.967747766484891,C:\Users\zhangjiacheng\Desktop\zjc\小论文\投稿准备\后续研究_20261008\S1\artifacts\final\FINAL_20261010_01\children\F03_91006_P01\pair.lock.json
final,F03,91006,F03:91006:P02,M_LIST,M_OBSERVE_LIST,1.0012464737596618,1.6529970762066784,1.6392274781628577,C:\Users\zhangjiacheng\Desktop\zjc\小论文\投稿准备\后续研究_20261008\S1\artifacts\final\FINAL_20261010_01\children\F03_91006_P02\pair.lock.json
final,F03,91006,F03:91006:P03,M_LIST,R6,1.0145789553347515,1.249254745784867,1.244364840613414,C:\Users\zhangjiacheng\Desktop\zjc\小论文\投稿准备\后续研究_20261008\S1\artifacts\final\FINAL_20261010_01\children\F03_91006_P03\pair.lock.json
final,F03,91006,F03:91006:P04,M_OBSERVE_LIST,R6,0.9712292398634702,0.7523834208401083,0.7552698471723132,C:\Users\zhangjiacheng\Desktop\zjc\小论文\投稿准备\后续研究_20261008\S1\artifacts\final\FINAL_20261010_01\children\F03_91006_P04\pair.lock.json
final,F03,91006,F03:91006:P05,Original,R6,2.1824405808687537,1.1962092816839909,1.2061345023626138,C:\Users\zhangjiacheng\Desktop\zjc\小论文\投稿准备\后续研究_20261008\S1\artifacts\final\FINAL_20261010_01\children\F03_91006_P05\pair.lock.json
final,F03,91006,F03:91006:P06,M_EVENT_16,R6,1.0825028495489648,1.0377444046935445,1.0385695663971295,C:\Users\zhangjiacheng\Desktop\zjc\小论文\投稿准备\后续研究_20261008\S1\artifacts\final\FINAL_20261010_01\children\F03_91006_P06\pair.lock.json
final,F03,91006,F03:91006:P07,M_FIXED_2048,R6,0.9955039816751137,0.7624172754639686,0.7654695959244295,C:\Users\zhangjiacheng\Desktop\zjc\小论文\投稿准备\后续研究_20261008\S1\artifacts\final\FINAL_20261010_01\children\F03_91006_P07\pair.lock.json
final,F03,91006,F03:91006:P08,M_NO_IDLE,R6,0.9818417093761919,0.7771891834782831,0.780031611738424,C:\Users\zhangjiacheng\Desktop\zjc\小论文\投稿准备\后续研究_20261008\S1\artifacts\final\FINAL_20261010_01\children\F03_91006_P08\pair.lock.json
final,F03,91007,F03:91007:DIA01,M_EVENT_16,R6,1.044675670334501,1.0243509390813508,1.0247095915278912,C:\Users\zhangjiacheng\Desktop\zjc\小论文\投稿准备\后续研究_20261008\S1\artifacts\final\FINAL_20261010_01\children\F03_91007_DIA01\pair.lock.json
final,F03,91007,F03:91007:DIA02,M_FIXED_128,R6,0.9952005281410786,0.9524173900206937,0.9530719624033982,C:\Users\zhangjiacheng\Desktop\zjc\小论文\投稿准备\后续研究_20261008\S1\artifacts\final\FINAL_20261010_01\children\F03_91007_DIA02\pair.lock.json
final,F03,91007,F03:91007:P01,Original,M_LIST,1.9864443784379575,0.963220656920572,0.9725044210845681,C:\Users\zhangjiacheng\Desktop\zjc\小论文\投稿准备\后续研究_20261008\S1\artifacts\final\FINAL_20261010_01\children\F03_91007_P01\pair.lock.json
final,F03,91007,F03:91007:P02,M_LIST,M_OBSERVE_LIST,0.9873425363830513,1.6042644673359607,1.592479821546444,C:\Users\zhangjiacheng\Desktop\zjc\小论文\投稿准备\后续研究_20261008\S1\artifacts\final\FINAL_20261010_01\children\F03_91007_P02\pair.lock.json
final,F03,91007,F03:91007:P03,M_LIST,R6,1.001150266831351,1.1606353975385528,1.157661313326606,C:\Users\zhangjiacheng\Desktop\zjc\小论文\投稿准备\后续研究_20261008\S1\artifacts\final\FINAL_20261010_01\children\F03_91007_P03\pair.lock.json
final,F03,91007,F03:91007:P04,M_OBSERVE_LIST,R6,0.9987804931437446,0.7206192342019078,0.72383207235723,C:\Users\zhangjiacheng\Desktop\zjc\小论文\投稿准备\后续研究_20261008\S1\artifacts\final\FINAL_20261010_01\children\F03_91007_P04\pair.lock.json
final,F03,91007,F03:91007:P05,Original,R6,1.9400723128151172,1.1151044389959555,1.1226896096115944,C:\Users\zhangjiacheng\Desktop\zjc\小论文\投稿准备\后续研究_20261008\S1\artifacts\final\FINAL_20261010_01\children\F03_91007_P05\pair.lock.json
final,F03,91007,F03:91007:P06,M_EVENT_16,R6,1.0088682906035231,1.0251562672748138,1.0248846037283355,C:\Users\zhangjiacheng\Desktop\zjc\小论文\投稿准备\后续研究_20261008\S1\artifacts\final\FINAL_20261010_01_resume_01\children\F03_91007_P06\pair.lock.json
final,F03,91007,F03:91007:P07,M_FIXED_2048,R6,1.0112960109095857,0.7328276277750763,0.7362410486063302,C:\Users\zhangjiacheng\Desktop\zjc\小论文\投稿准备\后续研究_20261008\S1\artifacts\final\FINAL_20261010_01_resume_01\children\F03_91007_P07\pair.lock.json
final,F03,91007,F03:91007:P08,M_NO_IDLE,R6,1.012286947990261,0.7417794075880862,0.7450565538148455,C:\Users\zhangjiacheng\Desktop\zjc\小论文\投稿准备\后续研究_20261008\S1\artifacts\final\FINAL_20261010_01_resume_01\children\F03_91007_P08\pair.lock.json
final,F03,91008,F03:91008:DIA01,M_EVENT_16,R6,1.04409686824353,1.0595734255544542,1.0592861245620244,C:\Users\zhangjiacheng\Desktop\zjc\小论文\投稿准备\后续研究_20261008\S1\artifacts\final\FINAL_20261010_01_resume_01\children\F03_91008_DIA01\pair.lock.json
final,F03,91008,F03:91008:DIA02,M_FIXED_128,R6,1.0125360074112166,0.9507144506285319,0.9517681987754867,C:\Users\zhangjiacheng\Desktop\zjc\小论文\投稿准备\后续研究_20261008\S1\artifacts\final\FINAL_20261010_01_resume_01\children\F03_91008_DIA02\pair.lock.json
final,F03,91008,F03:91008:P01,Original,M_LIST,1.9586391214731735,0.9641870688668803,0.9753359843702545,C:\Users\zhangjiacheng\Desktop\zjc\小论文\投稿准备\后续研究_20261008\S1\artifacts\final\FINAL_20261010_01_resume_01\children\F03_91008_P01\pair.lock.json
final,F03,91008,F03:91008:P02,M_LIST,M_OBSERVE_LIST,0.9931684090185862,1.6824175443354523,1.6660955543085603,C:\Users\zhangjiacheng\Desktop\zjc\小论文\投稿准备\后续研究_20261008\S1\artifacts\final\FINAL_20261010_01_resume_01\children\F03_91008_P02\pair.lock.json
final,F03,91008,F03:91008:P03,M_LIST,R6,1.0453061758637492,1.280522679476227,1.2753536982057874,C:\Users\zhangjiacheng\Desktop\zjc\小论文\投稿准备\后续研究_20261008\S1\artifacts\final\FINAL_20261010_01_resume_01\children\F03_91008_P03\pair.lock.json
final,F03,91008,F03:91008:P04,M_OBSERVE_LIST,R6,1.0226037704873283,0.7691573226472359,0.772641247833554,C:\Users\zhangjiacheng\Desktop\zjc\小论文\投稿准备\后续研究_20261008\S1\artifacts\final\FINAL_20261010_01_resume_01\children\F03_91008_P04\pair.lock.json
final,F03,91008,F03:91008:P05,Original,R6,2.0888262137113363,1.2424452835479785,1.2514919090052175,C:\Users\zhangjiacheng\Desktop\zjc\小论文\投稿准备\后续研究_20261008\S1\artifacts\final\FINAL_20261010_01_resume_01\children\F03_91008_P05\pair.lock.json
final,F03,91008,F03:91008:P06,M_EVENT_16,R6,1.0062382401251024,1.0582779339810713,1.0573081918304645,C:\Users\zhangjiacheng\Desktop\zjc\小论文\投稿准备\后续研究_20261008\S1\artifacts\final\FINAL_20261010_01_resume_01\children\F03_91008_P06\pair.lock.json
final,F03,91008,F03:91008:P07,M_FIXED_2048,R6,0.9684266595866357,0.7635508555222865,0.7664348087058942,C:\Users\zhangjiacheng\Desktop\zjc\小论文\投稿准备\后续研究_20261008\S1\artifacts\final\FINAL_20261010_01_resume_01\children\F03_91008_P07\pair.lock.json
final,F03,91008,F03:91008:P08,M_NO_IDLE,R6,0.9885104253126653,0.7633678942567125,0.7664624593881144,C:\Users\zhangjiacheng\Desktop\zjc\小论文\投稿准备\后续研究_20261008\S1\artifacts\final\FINAL_20261010_01_resume_01\children\F03_91008_P08\pair.lock.json
final,F03,91009,F03:91009:DIA01,M_EVENT_16,R6,0.9366147086256137,1.0438926701256617,1.04182538476268,C:\Users\zhangjiacheng\Desktop\zjc\小论文\投稿准备\后续研究_20261008\S1\artifacts\final\FINAL_20261010_01_resume_01\children\F03_91009_DIA01\pair.lock.json
final,F03,91009,F03:91009:DIA02,M_FIXED_128,R6,0.9885296405686108,0.9627130089030621,0.9631307632106598,C:\Users\zhangjiacheng\Desktop\zjc\小论文\投稿准备\后续研究_20261008\S1\artifacts\final\FINAL_20261010_01_resume_01\children\F03_91009_DIA02\pair.lock.json
final,F03,91009,F03:91009:P01,Original,M_LIST,2.0632495789375622,0.9597756677090691,0.970338551410432,C:\Users\zhangjiacheng\Desktop\zjc\小论文\投稿准备\后续研究_20261008\S1\artifacts\final\FINAL_20261010_01_resume_01\children\F03_91009_P01\pair.lock.json
final,F03,91009,F03:91009:P02,M_LIST,M_OBSERVE_LIST,0.9950223466258868,1.6322063802283078,1.6192253716450173,C:\Users\zhangjiacheng\Desktop\zjc\小论文\投稿准备\后续研究_20261008\S1\artifacts\final\FINAL_20261010_01_resume_01\children\F03_91009_P02\pair.lock.json
final,F03,91009,F03:91009:P03,M_LIST,R6,0.9411748790257796,1.2093145977704958,1.203576623602025,C:\Users\zhangjiacheng\Desktop\zjc\小论文\投稿准备\后续研究_20261008\S1\artifacts\final\FINAL_20261010_01_resume_01\children\F03_91009_P03\pair.lock.json
final,F03,91009,F03:91009:P04,M_OBSERVE_LIST,R6,0.9690349229676627,0.7429551647669705,0.7459319712823707,C:\Users\zhangjiacheng\Desktop\zjc\小论文\投稿准备\后续研究_20261008\S1\artifacts\final\FINAL_20261010_01_resume_01\children\F03_91009_P04\pair.lock.json
final,F03,91009,F03:91009:P05,Original,R6,2.080098371719231,1.1541738468819651,1.1630356684409129,C:\Users\zhangjiacheng\Desktop\zjc\小论文\投稿准备\后续研究_20261008\S1\artifacts\final\FINAL_20261010_01_resume_01\children\F03_91009_P05\pair.lock.json
final,F03,91009,F03:91009:P06,M_EVENT_16,R6,0.9538921754744568,1.0380843820210182,1.0365653950210019,C:\Users\zhangjiacheng\Desktop\zjc\小论文\投稿准备\后续研究_20261008\S1\artifacts\final\FINAL_20261010_01_resume_01\children\F03_91009_P06\pair.lock.json
final,F03,91009,F03:91009:P07,M_FIXED_2048,R6,1.0178851454499487,0.7430411336714352,0.7465501073522093,C:\Users\zhangjiacheng\Desktop\zjc\小论文\投稿准备\后续研究_20261008\S1\artifacts\final\FINAL_20261010_01_resume_01\children\F03_91009_P07\pair.lock.json
final,F03,91009,F03:91009:P08,M_NO_IDLE,R6,1.1576984984622145,0.7532478975850421,0.7586265987623866,C:\Users\zhangjiacheng\Desktop\zjc\小论文\投稿准备\后续研究_20261008\S1\artifacts\final\FINAL_20261010_01_resume_01\children\F03_91009_P08\pair.lock.json
final,F03,91010,F03:91010:DIA01,M_EVENT_16,R6,1.0047473364848705,1.0364968699888224,1.035912066446885,C:\Users\zhangjiacheng\Desktop\zjc\小论文\投稿准备\后续研究_20261008\S1\artifacts\final\FINAL_20261010_01_resume_01\children\F03_91010_DIA01\pair.lock.json
final,F03,91010,F03:91010:DIA02,M_FIXED_128,R6,1.006413842737667,0.9616980700272537,0.9624610516468777,C:\Users\zhangjiacheng\Desktop\zjc\小论文\投稿准备\后续研究_20261008\S1\artifacts\final\FINAL_20261010_01_resume_01\children\F03_91010_DIA02\pair.lock.json
final,F03,91010,F03:91010:P01,Original,M_LIST,2.04319714910019,0.9624114664410928,0.9742288452403344,C:\Users\zhangjiacheng\Desktop\zjc\小论文\投稿准备\后续研究_20261008\S1\artifacts\final\FINAL_20261010_01_resume_01\children\F03_91010_P01\pair.lock.json
final,F03,91010,F03:91010:P02,M_LIST,M_OBSERVE_LIST,1.0082613622160423,1.6768785164246218,1.6617321423218043,C:\Users\zhangjiacheng\Desktop\zjc\小论文\投稿准备\后续研究_20261008\S1\artifacts\final\FINAL_20261010_01_resume_01\children\F03_91010_P02\pair.lock.json
final,F03,91010,F03:91010:P03,M_LIST,R6,1.0130545392956005,1.2751864824320658,1.2693875616962735,C:\Users\zhangjiacheng\Desktop\zjc\小论文\投稿准备\后续研究_20261008\S1\artifacts\final\FINAL_20261010_01_resume_01\children\F03_91010_P03\pair.lock.json
final,F03,91010,F03:91010:P04,M_OBSERVE_LIST,R6,1.0097460141255425,0.7639005654744004,0.767246580722822,C:\Users\zhangjiacheng\Desktop\zjc\小论文\投稿准备\后续研究_20261008\S1\artifacts\final\FINAL_20261010_01_resume_01\children\F03_91010_P04\pair.lock.json
final,F03,91010,F03:91010:P05,Original,R6,2.0422257161518873,1.225028683052131,1.2335914966815371,C:\Users\zhangjiacheng\Desktop\zjc\小论文\投稿准备\后续研究_20261008\S1\artifacts\final\FINAL_20261010_01_resume_01\children\F03_91010_P05\pair.lock.json
final,F03,91010,F03:91010:P06,M_EVENT_16,R6,0.9546531773698806,1.0491554566673833,1.0473689058653288,C:\Users\zhangjiacheng\Desktop\zjc\小论文\投稿准备\后续研究_20261008\S1\artifacts\final\FINAL_20261010_01_resume_01\children\F03_91010_P06\pair.lock.json
final,F03,91010,F03:91010:P07,M_FIXED_2048,R6,1.0017210096668065,0.7697241227955994,0.7729893477208875,C:\Users\zhangjiacheng\Desktop\zjc\小论文\投稿准备\后续研究_20261008\S1\artifacts\final\FINAL_20261010_01_resume_01\children\F03_91010_P07\pair.lock.json
final,F03,91010,F03:91010:P08,M_NO_IDLE,R6,1.0095588772482134,0.7772237539774586,0.780429693726297,C:\Users\zhangjiacheng\Desktop\zjc\小论文\投稿准备\后续研究_20261008\S1\artifacts\final\FINAL_20261010_01_resume_01\children\F03_91010_P08\pair.lock.json
final,F04,91001,F04:91001:DIA01,M_EVENT_16,R6,1.0393380461283346,1.1525789587021953,1.1489435559424572,C:\Users\zhangjiacheng\Desktop\zjc\小论文\投稿准备\后续研究_20261008\S1\artifacts\final\FINAL_20261010_01_resume_01\children\F04_91001_DIA01\pair.lock.json
final,F04,91001,F04:91001:DIA02,M_FIXED_128,R6,1.0263130934966787,0.8249451713885408,0.8295902441132722,C:\Users\zhangjiacheng\Desktop\zjc\小论文\投稿准备\后续研究_20261008\S1\artifacts\final\FINAL_20261010_01_resume_01\children\F04_91001_DIA02\pair.lock.json
final,F04,91001,F04:91001:P01,Original,M_LIST,2.1248256344772494,1.0139408363795364,1.0283869981446379,C:\Users\zhangjiacheng\Desktop\zjc\小论文\投稿准备\后续研究_20261008\S1\artifacts\final\FINAL_20261010_01_resume_01\children\F04_91001_P01\pair.lock.json
final,F04,91001,F04:91001:P02,M_LIST,M_OBSERVE_LIST,0.9083970845063913,1.0509603360140032,1.0468007773597119,C:\Users\zhangjiacheng\Desktop\zjc\小论文\投稿准备\后续研究_20261008\S1\artifacts\final\FINAL_20261010_01_resume_01\children\F04_91001_P02\pair.lock.json
final,F04,91001,F04:91001:P03,M_LIST,R6,0.9992358421269721,0.9169973492593482,0.9191503843411869,C:\Users\zhangjiacheng\Desktop\zjc\小论文\投稿准备\后续研究_20261008\S1\artifacts\final\FINAL_20261010_01_resume_01\children\F04_91001_P03\pair.lock.json
final,F04,91001,F04:91001:P04,M_OBSERVE_LIST,R6,0.9789373137546654,0.9127724036691897,0.9144969953916703,C:\Users\zhangjiacheng\Desktop\zjc\小论文\投稿准备\后续研究_20261008\S1\artifacts\final\FINAL_20261010_01_resume_01\children\F04_91001_P04\pair.lock.json
final,F04,91001,F04:91001:P05,Original,R6,2.0455097438792476,0.9507500796936271,0.9658334354764259,C:\Users\zhangjiacheng\Desktop\zjc\小论文\投稿准备\后续研究_20261008\S1\artifacts\final\FINAL_20261010_01_resume_01\children\F04_91001_P05\pair.lock.json
final,F04,91001,F04:91001:P06,M_EVENT_16,R6,1.0173399950856203,1.1506647250712423,1.1462711085315322,C:\Users\zhangjiacheng\Desktop\zjc\小论文\投稿准备\后续研究_20261008\S1\artifacts\final\FINAL_20261010_01_resume_01\children\F04_91001_P06\pair.lock.json
final,F04,91001,F04:91001:P07,M_FIXED_2048,R6,0.976521619941419,0.9057653224737708,0.9076478735287051,C:\Users\zhangjiacheng\Desktop\zjc\小论文\投稿准备\后续研究_20261008\S1\artifacts\final\FINAL_20261010_01_resume_01\children\F04_91001_P07\pair.lock.json
final,F04,91001,F04:91001:P08,M_NO_IDLE,R6,0.9749448423289065,1.0027142646465481,1.0019098926473633,C:\Users\zhangjiacheng\Desktop\zjc\小论文\投稿准备\后续研究_20261008\S1\artifacts\final\FINAL_20261010_01_resume_01\children\F04_91001_P08\pair.lock.json
final,F04,91002,F04:91002:DIA01,M_EVENT_16,R6,1.0001411596814873,1.1794399450084208,1.1734329299431034,C:\Users\zhangjiacheng\Desktop\zjc\小论文\投稿准备\后续研究_20261008\S1\artifacts\final\FINAL_20261010_01_resume_01\children\F04_91002_DIA01\pair.lock.json
final,F04,91002,F04:91002:DIA02,M_FIXED_128,R6,1.0447131661829956,0.8800620288538411,0.88410359258003,C:\Users\zhangjiacheng\Desktop\zjc\小论文\投稿准备\后续研究_20261008\S1\artifacts\final\FINAL_20261010_01_resume_01\children\F04_91002_DIA02\pair.lock.json
final,F04,91002,F04:91002:P01,Original,M_LIST,2.005977075756394,0.971063413307817,0.9854034664432163,C:\Users\zhangjiacheng\Desktop\zjc\小论文\投稿准备\后续研究_20261008\S1\artifacts\final\FINAL_20261010_01_resume_01\children\F04_91002_P01\pair.lock.json
final,F04,91002,F04:91002:P02,M_LIST,M_OBSERVE_LIST,1.059600985967603,1.0185365866756726,1.0197024196988194,C:\Users\zhangjiacheng\Desktop\zjc\小论文\投稿准备\后续研究_20261008\S1\artifacts\final\FINAL_20261010_01_resume_01\children\F04_91002_P02\pair.lock.json
final,F04,91002,F04:91002:P03,M_LIST,R6,1.0198794103454039,0.9433182732457976,0.9456495079005622,C:\Users\zhangjiacheng\Desktop\zjc\小论文\投稿准备\后续研究_20261008\S1\artifacts\final\FINAL_20261010_01_resume_01\children\F04_91002_P03\pair.lock.json
final,F04,91002,F04:91002:P04,M_OBSERVE_LIST,R6,1.0223411437147774,0.9202814169337038,0.9230640754195827,C:\Users\zhangjiacheng\Desktop\zjc\小论文\投稿准备\后续研究_20261008\S1\artifacts\final\FINAL_20261010_01_resume_01\children\F04_91002_P04\pair.lock.json
final,F04,91002,F04:91002:P05,Original,R6,1.909073167103045,0.9527048003264486,0.9663732945786302,C:\Users\zhangjiacheng\Desktop\zjc\小论文\投稿准备\后续研究_20261008\S1\artifacts\final\FINAL_20261010_01_resume_01\children\F04_91002_P05\pair.lock.json
final,F04,91002,F04:91002:P06,M_EVENT_16,R6,0.993109672491855,1.1984190128951309,1.191388662057651,C:\Users\zhangjiacheng\Desktop\zjc\小论文\投稿准备\后续研究_20261008\S1\artifacts\final\FINAL_20261010_01_resume_01\children\F04_91002_P06\pair.lock.json
final,F04,91002,F04:91002:P07,M_FIXED_2048,R6,0.9590897116447202,0.9217799167610476,0.9227928392939857,C:\Users\zhangjiacheng\Desktop\zjc\小论文\投稿准备\后续研究_20261008\S1\artifacts\final\FINAL_20261010_01_resume_01\children\F04_91002_P07\pair.lock.json
final,F04,91002,F04:91002:P08,M_NO_IDLE,R6,0.9740101653534814,0.9238268584411727,0.9251954692390965,C:\Users\zhangjiacheng\Desktop\zjc\小论文\投稿准备\后续研究_20261008\S1\artifacts\final\FINAL_20261010_01_resume_01\children\F04_91002_P08\pair.lock.json
final,F04,91003,F04:91003:DIA01,M_EVENT_16,R6,0.9937563086968787,1.1978285411090122,1.1912124279490661,C:\Users\zhangjiacheng\Desktop\zjc\小论文\投稿准备\后续研究_20261008\S1\artifacts\final\FINAL_20261010_01_resume_01\children\F04_91003_DIA01\pair.lock.json
final,F04,91003,F04:91003:DIA02,M_FIXED_128,R6,1.015616105873522,0.9019957472493766,0.9047630548008035,C:\Users\zhangjiacheng\Desktop\zjc\小论文\投稿准备\后续研究_20261008\S1\artifacts\final\FINAL_20261010_01_resume_01\children\F04_91003_DIA02\pair.lock.json
final,F04,91003,F04:91003:P01,Original,M_LIST,2.015052920073527,1.0163425902679468,1.030425713123478,C:\Users\zhangjiacheng\Desktop\zjc\小论文\投稿准备\后续研究_20261008\S1\artifacts\final\FINAL_20261010_01_resume_01\children\F04_91003_P01\pair.lock.json
final,F04,91003,F04:91003:P02,M_LIST,M_OBSERVE_LIST,1.0510842919888364,1.037874136420567,1.0382453227459179,C:\Users\zhangjiacheng\Desktop\zjc\小论文\投稿准备\后续研究_20261008\S1\artifacts\final\FINAL_20261010_01_resume_01\children\F04_91003_P02\pair.lock.json
final,F04,91003,F04:91003:P03,M_LIST,R6,1.009244499357318,1.0321177452833143,1.0314814070880642,C:\Users\zhangjiacheng\Desktop\zjc\小论文\投稿准备\后续研究_20261008\S1\artifacts\final\FINAL_20261010_01_resume_01\children\F04_91003_P03\pair.lock.json
final,F04,91003,F04:91003:P04,M_OBSERVE_LIST,R6,1.0096365039692998,1.0117061580181608,1.0116448718207312,C:\Users\zhangjiacheng\Desktop\zjc\小论文\投稿准备\后续研究_20261008\S1\artifacts\final\FINAL_20261010_01_resume_01\children\F04_91003_P04\pair.lock.json
final,F04,91003,F04:91003:P05,Original,R6,2.09756874561277,1.0470199576757158,1.061442093706091,C:\Users\zhangjiacheng\Desktop\zjc\小论文\投稿准备\后续研究_20261008\S1\artifacts\final\FINAL_20261010_01_resume_01\children\F04_91003_P05\pair.lock.json
final,F04,91003,F04:91003:P06,M_EVENT_16,R6,1.0169358366840193,1.199679853399036,1.1937345331711307,C:\Users\zhangjiacheng\Desktop\zjc\小论文\投稿准备\后续研究_20261008\S1\artifacts\final\FINAL_20261010_01_resume_01\children\F04_91003_P06\pair.lock.json
final,F04,91003,F04:91003:P07,M_FIXED_2048,R6,0.9972240213951522,1.0127062324067455,1.0122771899337213,C:\Users\zhangjiacheng\Desktop\zjc\小论文\投稿准备\后续研究_20261008\S1\artifacts\final\FINAL_20261010_01_resume_01\children\F04_91003_P07\pair.lock.json
final,F04,91003,F04:91003:P08,M_NO_IDLE,R6,0.9799693612398486,1.00251757932148,1.001892230838915,C:\Users\zhangjiacheng\Desktop\zjc\小论文\投稿准备\后续研究_20261008\S1\artifacts\final\FINAL_20261010_01_resume_01\children\F04_91003_P08\pair.lock.json
final,F04,91004,F04:91004:DIA01,M_EVENT_16,R6,1.081184578238936,1.1779378575513841,1.1743220444928744,C:\Users\zhangjiacheng\Desktop\zjc\小论文\投稿准备\后续研究_20261008\S1\artifacts\final\FINAL_20261010_01_resume_01\children\F04_91004_DIA01\pair.lock.json
final,F04,91004,F04:91004:DIA02,M_FIXED_128,R6,1.0476815521580911,0.7618839287534817,0.7686201732235513,C:\Users\zhangjiacheng\Desktop\zjc\小论文\投稿准备\后续研究_20261008\S1\artifacts\final\FINAL_20261010_01_resume_01\children\F04_91004_DIA02\pair.lock.json
final,F04,91004,F04:91004:P01,Original,M_LIST,2.1257768962303896,1.017538302906989,1.0298943453351592,C:\Users\zhangjiacheng\Desktop\zjc\小论文\投稿准备\后续研究_20261008\S1\artifacts\final\FINAL_20261010_01_resume_01\children\F04_91004_P01\pair.lock.json
final,F04,91004,F04:91004:P02,M_LIST,M_OBSERVE_LIST,1.009197198702746,1.0323494948798941,1.0318283736161622,C:\Users\zhangjiacheng\Desktop\zjc\小论文\投稿准备\后续研究_20261008\S1\artifacts\final\FINAL_20261010_01_resume_01\children\F04_91004_P02\pair.lock.json
final,F04,91004,F04:91004:P03,M_LIST,R6,0.9963890203365465,0.7673988941705472,0.7726985048576792,C:\Users\zhangjiacheng\Desktop\zjc\小论文\投稿准备\后续研究_20261008\S1\artifacts\final\FINAL_20261010_01_resume_01\children\F04_91004_P03\pair.lock.json
final,F04,91004,F04:91004:P04,M_OBSERVE_LIST,R6,1.0136366454789223,0.7502042151765347,0.7560730875801127,C:\Users\zhangjiacheng\Desktop\zjc\小论文\投稿准备\后续研究_20261008\S1\artifacts\final\FINAL_20261010_01_resume_01\children\F04_91004_P04\pair.lock.json
final,F04,91004,F04:91004:P05,Original,R6,2.0796345699566943,0.7880345444085645,0.8026249427233106,C:\Users\zhangjiacheng\Desktop\zjc\小论文\投稿准备\后续研究_20261008\S1\artifacts\final\FINAL_20261010_01_resume_01\children\F04_91004_P05\pair.lock.json
final,F04,91004,F04:91004:P06,M_EVENT_16,R6,0.9678625755049425,1.1700605345907735,1.1629544759791166,C:\Users\zhangjiacheng\Desktop\zjc\小论文\投稿准备\后续研究_20261008\S1\artifacts\final\FINAL_20261010_01_resume_01\children\F04_91004_P06\pair.lock.json
final,F04,91004,F04:91004:P07,M_FIXED_2048,R6,1.0167196455054879,0.7552706872495004,0.7611410816422968,C:\Users\zhangjiacheng\Desktop\zjc\小论文\投稿准备\后续研究_20261008\S1\artifacts\final\FINAL_20261010_01_resume_01\children\F04_91004_P07\pair.lock.json
final,F04,91004,F04:91004:P08,M_NO_IDLE,R6,0.9843855317562152,0.8773984394169032,0.8802959874743016,C:\Users\zhangjiacheng\Desktop\zjc\小论文\投稿准备\后续研究_20261008\S1\artifacts\final\FINAL_20261010_01_resume_01\children\F04_91004_P08\pair.lock.json
final,F04,91005,F04:91005:DIA01,M_EVENT_16,R6,0.9353910409533506,1.1747816170871515,1.1673746415797848,C:\Users\zhangjiacheng\Desktop\zjc\小论文\投稿准备\后续研究_20261008\S1\artifacts\final\FINAL_20261010_01_resume_01\children\F04_91005_DIA01\pair.lock.json
final,F04,91005,F04:91005:DIA02,M_FIXED_128,R6,1.0120160057162628,0.866250194631384,0.8696335814763332,C:\Users\zhangjiacheng\Desktop\zjc\小论文\投稿准备\后续研究_20261008\S1\artifacts\final\FINAL_20261010_01_resume_01\children\F04_91005_DIA02\pair.lock.json
final,F04,91005,F04:91005:P01,Original,M_LIST,1.981209610948335,1.0202863958197548,1.0316334960976492,C:\Users\zhangjiacheng\Desktop\zjc\小论文\投稿准备\后续研究_20261008\S1\artifacts\final\FINAL_20261010_01_resume_01\children\F04_91005_P01\pair.lock.json
final,F04,91005,F04:91005:P02,M_LIST,M_OBSERVE_LIST,0.995218122515874,1.035380816140325,1.0344340614420005,C:\Users\zhangjiacheng\Desktop\zjc\小论文\投稿准备\后续研究_20261008\S1\artifacts\final\FINAL_20261010_01_resume_01\children\F04_91005_P02\pair.lock.json
final,F04,91005,F04:91005:P03,M_LIST,R6,0.9313722569626268,0.9364690761543594,0.9363365494977843,C:\Users\zhangjiacheng\Desktop\zjc\小论文\投稿准备\后续研究_20261008\S1\artifacts\final\FINAL_20261010_01_resume_01\children\F04_91005_P03\pair.lock.json
final,F04,91005,F04:91005:P04,M_OBSERVE_LIST,R6,0.9732349177344791,0.9118644638211317,0.9132654534450653,C:\Users\zhangjiacheng\Desktop\zjc\小论文\投稿准备\后续研究_20261008\S1\artifacts\final\FINAL_20261010_01_resume_01\children\F04_91005_P04\pair.lock.json
final,F04,91005,F04:91005:P05,Original,R6,2.0139913288307767,0.9457776901018142,0.9582916490184205,C:\Users\zhangjiacheng\Desktop\zjc\小论文\投稿准备\后续研究_20261008\S1\artifacts\final\FINAL_20261010_01_resume_01\children\F04_91005_P05\pair.lock.json
final,F04,91005,F04:91005:P06,M_EVENT_16,R6,0.9841920706799175,1.155561740067366,1.1506479118072235,C:\Users\zhangjiacheng\Desktop\zjc\小论文\投稿准备\后续研究_20261008\S1\artifacts\final\FINAL_20261010_01_resume_01\children\F04_91005_P06\pair.lock.json
final,F04,91005,F04:91005:P07,M_FIXED_2048,R6,1.0939827309085959,0.940622298191512,0.9440382065925265,C:\Users\zhangjiacheng\Desktop\zjc\小论文\投稿准备\后续研究_20261008\S1\artifacts\final\FINAL_20261010_01_resume_01\children\F04_91005_P07\pair.lock.json
final,F04,91005,F04:91005:P08,M_NO_IDLE,R6,0.9658024330480983,1.0175755013599013,1.0159495973126298,C:\Users\zhangjiacheng\Desktop\zjc\小论文\投稿准备\后续研究_20261008\S1\artifacts\final\FINAL_20261010_01_resume_01\children\F04_91005_P08\pair.lock.json
final,F04,91006,F04:91006:DIA01,M_EVENT_16,R6,1.0651418546680098,1.2008989883232537,1.1965612121543814,C:\Users\zhangjiacheng\Desktop\zjc\小论文\投稿准备\后续研究_20261008\S1\artifacts\final\FINAL_20261010_01_resume_01\children\F04_91006_DIA01\pair.lock.json
final,F04,91006,F04:91006:DIA02,M_FIXED_128,R6,0.9864385450808071,0.7838251638128902,0.7882242181676264,C:\Users\zhangjiacheng\Desktop\zjc\小论文\投稿准备\后续研究_20261008\S1\artifacts\final\FINAL_20261010_01_resume_01\children\F04_91006_DIA02\pair.lock.json
final,F04,91006,F04:91006:P01,Original,M_LIST,2.2262497742856007,1.0104374040774855,1.0246521115492513,C:\Users\zhangjiacheng\Desktop\zjc\小论文\投稿准备\后续研究_20261008\S1\artifacts\final\FINAL_20261010_01_resume_01\children\F04_91006_P01\pair.lock.json
final,F04,91006,F04:91006:P02,M_LIST,M_OBSERVE_LIST,0.9957032258531752,1.0296727699107542,1.0288323304497704,C:\Users\zhangjiacheng\Desktop\zjc\小论文\投稿准备\后续研究_20261008\S1\artifacts\final\FINAL_20261010_01_resume_01\children\F04_91006_P02\pair.lock.json
final,F04,91006,F04:91006:P03,M_LIST,R6,0.987962573014455,0.8879197372231252,0.8904290888192592,C:\Users\zhangjiacheng\Desktop\zjc\小论文\投稿准备\后续研究_20261008\S1\artifacts\final\FINAL_20261010_01_resume_01\children\F04_91006_P03\pair.lock.json
final,F04,91006,F04:91006:P04,M_OBSERVE_LIST,R6,1.0291406257137938,0.8738803822887975,0.8778554843863934,C:\Users\zhangjiacheng\Desktop\zjc\小论文\投稿准备\后续研究_20261008\S1\artifacts\final\FINAL_20261010_01_resume_01\children\F04_91006_P04\pair.lock.json
final,F04,91006,F04:91006:P05,Original,R6,2.0344415960705713,0.9076196133783463,0.9222861621319168,C:\Users\zhangjiacheng\Desktop\zjc\小论文\投稿准备\后续研究_20261008\S1\artifacts\final\FINAL_20261010_01_resume_01\children\F04_91006_P05\pair.lock.json
final,F04,91006,F04:91006:P06,M_EVENT_16,R6,1.028708188945855,1.17503433626101,1.1702604371691219,C:\Users\zhangjiacheng\Desktop\zjc\小论文\投稿准备\后续研究_20261008\S1\artifacts\final\FINAL_20261010_01_resume_01\children\F04_91006_P06\pair.lock.json
final,F04,91006,F04:91006:P07,M_FIXED_2048,R6,1.0021142862922139,0.8733742322570934,0.8764449390264858,C:\Users\zhangjiacheng\Desktop\zjc\小论文\投稿准备\后续研究_20261008\S1\artifacts\final\FINAL_20261010_01_resume_01\children\F04_91006_P07\pair.lock.json
final,F04,91006,F04:91006:P08,M_NO_IDLE,R6,1.0161184916376917,1.0158271227476117,1.0158377869607067,C:\Users\zhangjiacheng\Desktop\zjc\小论文\投稿准备\后续研究_20261008\S1\artifacts\final\FINAL_20261010_01_resume_01\children\F04_91006_P08\pair.lock.json
final,F04,91007,F04:91007:DIA01,M_EVENT_16,R6,0.9452076347212255,1.1407098518979022,1.1332187786048586,C:\Users\zhangjiacheng\Desktop\zjc\小论文\投稿准备\后续研究_20261008\S1\artifacts\final\FINAL_20261010_01_resume_01\children\F04_91007_DIA01\pair.lock.json
final,F04,91007,F04:91007:DIA02,M_FIXED_128,R6,0.9803201859242648,0.8281314359056943,0.8322439624886583,C:\Users\zhangjiacheng\Desktop\zjc\小论文\投稿准备\后续研究_20261008\S1\artifacts\final\FINAL_20261010_01_resume_01\children\F04_91007_DIA02\pair.lock.json
final,F04,91007,F04:91007:P01,Original,M_LIST,2.043938954455512,1.0064174788758418,1.02195819295582,C:\Users\zhangjiacheng\Desktop\zjc\小论文\投稿准备\后续研究_20261008\S1\artifacts\final\FINAL_20261010_01_resume_01\children\F04_91007_P01\pair.lock.json
final,F04,91007,F04:91007:P02,M_LIST,M_OBSERVE_LIST,1.0124097105030652,1.0281460524351722,1.0276572787072573,C:\Users\zhangjiacheng\Desktop\zjc\小论文\投稿准备\后续研究_20261008\S1\artifacts\final\FINAL_20261010_01_resume_01\children\F04_91007_P02\pair.lock.json
final,F04,91007,F04:91007:P03,M_LIST,R6,1.008444106954931,0.8983129068805837,0.9014603332154081,C:\Users\zhangjiacheng\Desktop\zjc\小论文\投稿准备\后续研究_20261008\S1\artifacts\final\FINAL_20261010_01_resume_01\children\F04_91007_P03\pair.lock.json
final,F04,91007,F04:91007:P04,M_OBSERVE_LIST,R6,1.0047308133010149,0.8631815616251635,0.866856195687181,C:\Users\zhangjiacheng\Desktop\zjc\小论文\投稿准备\后续研究_20261008\S1\artifacts\final\FINAL_20261010_01_resume_01\children\F04_91007_P04\pair.lock.json
final,F04,91007,F04:91007:P05,Original,R6,1.956983595376731,0.9140148145486422,0.9289464246231804,C:\Users\zhangjiacheng\Desktop\zjc\小论文\投稿准备\后续研究_20261008\S1\artifacts\final\FINAL_20261010_01_resume_01\children\F04_91007_P05\pair.lock.json
final,F04,91007,F04:91007:P06,M_EVENT_16,R6,0.9708181774377891,1.152984377577396,1.1465518080630253,C:\Users\zhangjiacheng\Desktop\zjc\小论文\投稿准备\后续研究_20261008\S1\artifacts\final\FINAL_20261010_01_resume_01\children\F04_91007_P06\pair.lock.json
final,F04,91007,F04:91007:P07,M_FIXED_2048,R6,1.010303979738178,0.8766234535241547,0.8802079397558721,C:\Users\zhangjiacheng\Desktop\zjc\小论文\投稿准备\后续研究_20261008\S1\artifacts\final\FINAL_20261010_01_resume_01\children\F04_91007_P07\pair.lock.json
final,F04,91007,F04:91007:P08,M_NO_IDLE,R6,0.984206809629613,0.8797713858999806,0.8825437319486615,C:\Users\zhangjiacheng\Desktop\zjc\小论文\投稿准备\后续研究_20261008\S1\artifacts\final\FINAL_20261010_01_resume_01\children\F04_91007_P08\pair.lock.json
final,F04,91008,F04:91008:DIA01,M_EVENT_16,R6,1.0327338183791124,1.2079354476663426,1.202398491203696,C:\Users\zhangjiacheng\Desktop\zjc\小论文\投稿准备\后续研究_20261008\S1\artifacts\final\FINAL_20261010_01_resume_01\children\F04_91008_DIA01\pair.lock.json
final,F04,91008,F04:91008:DIA02,M_FIXED_128,R6,1.0057799666316565,0.8796623992286724,0.8826129260332697,C:\Users\zhangjiacheng\Desktop\zjc\小论文\投稿准备\后续研究_20261008\S1\artifacts\final\FINAL_20261010_01_resume_01\children\F04_91008_DIA02\pair.lock.json
final,F04,91008,F04:91008:P01,Original,M_LIST,2.0959242539696143,1.005041939774987,1.0191804556977027,C:\Users\zhangjiacheng\Desktop\zjc\小论文\投稿准备\后续研究_20261008\S1\artifacts\final\FINAL_20261010_01_resume_01\children\F04_91008_P01\pair.lock.json
final,F04,91008,F04:91008:P02,M_LIST,M_OBSERVE_LIST,1.0038659873760971,1.0356747229575285,1.034833243684784,C:\Users\zhangjiacheng\Desktop\zjc\小论文\投稿准备\后续研究_20261008\S1\artifacts\final\FINAL_20261010_01_resume_01\children\F04_91008_P02\pair.lock.json
final,F04,91008,F04:91008:P03,M_LIST,R6,1.021223588090931,0.998838272741202,0.9994282966131499,C:\Users\zhangjiacheng\Desktop\zjc\小论文\投稿准备\后续研究_20261008\S1\artifacts\final\FINAL_20261010_01_resume_01\children\F04_91008_P03\pair.lock.json
final,F04,91008,F04:91008:P04,M_OBSERVE_LIST,R6,0.9953228351715099,0.9766019259625084,0.9770732413260667,C:\Users\zhangjiacheng\Desktop\zjc\小论文\投稿准备\后续研究_20261008\S1\artifacts\final\FINAL_20261010_01_resume_01\children\F04_91008_P04\pair.lock.json
final,F04,91008,F04:91008:P05,Original,R6,2.0031064590380763,0.9995257742181799,1.0132817225427588,C:\Users\zhangjiacheng\Desktop\zjc\小论文\投稿准备\后续研究_20261008\S1\artifacts\final\FINAL_20261010_01_resume_01\children\F04_91008_P05\pair.lock.json
final,F04,91008,F04:91008:P06,M_EVENT_16,R6,1.0053476951162208,1.1730229530072331,1.1676779314439456,C:\Users\zhangjiacheng\Desktop\zjc\小论文\投稿准备\后续研究_20261008\S1\artifacts\final\FINAL_20261010_01_resume_01\children\F04_91008_P06\pair.lock.json
final,F04,91008,F04:91008:P07,M_FIXED_2048,R6,0.99497273191621,0.9701396328003571,0.9707748890993243,C:\Users\zhangjiacheng\Desktop\zjc\小论文\投稿准备\后续研究_20261008\S1\artifacts\final\FINAL_20261010_01_resume_01\children\F04_91008_P07\pair.lock.json
final,F04,91008,F04:91008:P08,M_NO_IDLE,R6,1.025349301448866,0.9702047670510842,0.9716225352025699,C:\Users\zhangjiacheng\Desktop\zjc\小论文\投稿准备\后续研究_20261008\S1\artifacts\final\FINAL_20261010_01_resume_01\children\F04_91008_P08\pair.lock.json
final,F04,91009,F04:91009:DIA01,M_EVENT_16,R6,1.0481508728698303,1.135386637182544,1.132603448528571,C:\Users\zhangjiacheng\Desktop\zjc\小论文\投稿准备\后续研究_20261008\S1\artifacts\final\FINAL_20261010_01_resume_01\children\F04_91009_DIA01\pair.lock.json
final,F04,91009,F04:91009:DIA02,M_FIXED_128,R6,1.0051389253395524,0.7848461219634298,0.7899425139799727,C:\Users\zhangjiacheng\Desktop\zjc\小论文\投稿准备\后续研究_20261008\S1\artifacts\final\FINAL_20261010_01_resume_01\children\F04_91009_DIA02\pair.lock.json
final,F04,91009,F04:91009:P01,Original,M_LIST,2.0460532763630455,1.0124023899021288,1.0264299183012724,C:\Users\zhangjiacheng\Desktop\zjc\小论文\投稿准备\后续研究_20261008\S1\artifacts\final\FINAL_20261010_01_resume_01\children\F04_91009_P01\pair.lock.json
final,F04,91009,F04:91009:P02,M_LIST,M_OBSERVE_LIST,1.0741391053932157,1.0257577359161298,1.0270764548314038,C:\Users\zhangjiacheng\Desktop\zjc\小论文\投稿准备\后续研究_20261008\S1\artifacts\final\FINAL_20261010_01_resume_01\children\F04_91009_P02\pair.lock.json
final,F04,91009,F04:91009:P03,M_LIST,R6,0.9519567990349886,0.8906993228873501,0.892415395779647,C:\Users\zhangjiacheng\Desktop\zjc\小论文\投稿准备\后续研究_20261008\S1\artifacts\final\FINAL_20261010_01_resume_01\children\F04_91009_P03\pair.lock.json
final,F04,91009,F04:91009:P04,M_OBSERVE_LIST,R6,0.9951167215741453,0.8724264329262796,0.8756212262688758,C:\Users\zhangjiacheng\Desktop\zjc\小论文\投稿准备\后续研究_20261008\S1\artifacts\final\FINAL_20261010_01_resume_01\children\F04_91009_P04\pair.lock.json
final,F04,91009,F04:91009:P05,Original,R6,2.064496777201563,0.9135083205115119,0.9290694828352088,C:\Users\zhangjiacheng\Desktop\zjc\小论文\投稿准备\后续研究_20261008\S1\artifacts\final\FINAL_20261010_01_resume_01\children\F04_91009_P05\pair.lock.json
final,F04,91009,F04:91009:P06,M_EVENT_16,R6,1.0149647565123556,1.1401707087493371,1.1356929684383683,C:\Users\zhangjiacheng\Desktop\zjc\小论文\投稿准备\后续研究_20261008\S1\artifacts\final\FINAL_20261010_01_resume_01\children\F04_91009_P06\pair.lock.json
final,F04,91009,F04:91009:P07,M_FIXED_2048,R6,0.9816458171574626,0.8674545607150663,0.8707001249326853,C:\Users\zhangjiacheng\Desktop\zjc\小论文\投稿准备\后续研究_20261008\S1\artifacts\final\FINAL_20261010_01_resume_01\children\F04_91009_P07\pair.lock.json
final,F04,91009,F04:91009:P08,M_NO_IDLE,R6,0.9804569460433898,1.0122488790141542,1.011266588321433,C:\Users\zhangjiacheng\Desktop\zjc\小论文\投稿准备\后续研究_20261008\S1\artifacts\final\FINAL_20261010_01_resume_01\children\F04_91009_P08\pair.lock.json
final,F04,91010,F04:91010:DIA01,M_EVENT_16,R6,0.970119296635225,1.2118285528280184,1.2036890936211293,C:\Users\zhangjiacheng\Desktop\zjc\小论文\投稿准备\后续研究_20261008\S1\artifacts\final\FINAL_20261010_01_resume_01\children\F04_91010_DIA01\pair.lock.json
final,F04,91010,F04:91010:DIA02,M_FIXED_128,R6,1.0137826151015203,0.8776167197020939,0.8808305759551315,C:\Users\zhangjiacheng\Desktop\zjc\小论文\投稿准备\后续研究_20261008\S1\artifacts\final\FINAL_20261010_01_resume_01\children\F04_91010_DIA02\pair.lock.json
final,F04,91010,F04:91010:P01,Original,M_LIST,2.0690314917031647,1.0054539032195007,1.0187780754354094,C:\Users\zhangjiacheng\Desktop\zjc\小论文\投稿准备\后续研究_20261008\S1\artifacts\final\FINAL_20261010_01_resume_01\children\F04_91010_P01\pair.lock.json
final,F04,91010,F04:91010:P02,M_LIST,M_OBSERVE_LIST,1.046450819481107,1.0207758412980943,1.0214278991376042,C:\Users\zhangjiacheng\Desktop\zjc\小论文\投稿准备\后续研究_20261008\S1\artifacts\final\FINAL_20261010_01_resume_01\children\F04_91010_P02\pair.lock.json
final,F04,91010,F04:91010:P03,M_LIST,R6,1.0063916352389604,0.9133677945467559,0.915794101751124,C:\Users\zhangjiacheng\Desktop\zjc\小论文\投稿准备\后续研究_20261008\S1\artifacts\final\FINAL_20261010_01_resume_01\children\F04_91010_P03\pair.lock.json
final,F04,91010,F04:91010:P04,M_OBSERVE_LIST,R6,0.953644477885013,0.8972065892001836,0.8986951666902803,C:\Users\zhangjiacheng\Desktop\zjc\小论文\投稿准备\后续研究_20261008\S1\artifacts\final\FINAL_20261010_01_resume_01\children\F04_91010_P04\pair.lock.json
final,F04,91010,F04:91010:P05,Original,R6,1.9170217017178326,0.9274169778395651,0.9409645694574172,C:\Users\zhangjiacheng\Desktop\zjc\小论文\投稿准备\后续研究_20261008\S1\artifacts\final\FINAL_20261010_01_resume_01\children\F04_91010_P05\pair.lock.json
final,F04,91010,F04:91010:P06,M_EVENT_16,R6,0.9167014796776852,1.2216933420051765,1.211009552004546,C:\Users\zhangjiacheng\Desktop\zjc\小论文\投稿准备\后续研究_20261008\S1\artifacts\final\FINAL_20261010_01_resume_01\children\F04_91010_P06\pair.lock.json
final,F04,91010,F04:91010:P07,M_FIXED_2048,R6,1.0087687994191568,0.8983223575987956,0.9010869468220585,C:\Users\zhangjiacheng\Desktop\zjc\小论文\投稿准备\后续研究_20261008\S1\artifacts\final\FINAL_20261010_01_resume_01\children\F04_91010_P07\pair.lock.json
final,F04,91010,F04:91010:P08,M_NO_IDLE,R6,1.0380172576454794,0.8959365422789752,0.8994852622372539,C:\Users\zhangjiacheng\Desktop\zjc\小论文\投稿准备\后续研究_20261008\S1\artifacts\final\FINAL_20261010_01_resume_01\children\F04_91010_P08\pair.lock.json
final,F05,91001,F05:91001:DIA01,M_EVENT_16,R6,1.0227846958241125,0.20427830873474984,0.3914927285477805,C:\Users\zhangjiacheng\Desktop\zjc\小论文\投稿准备\后续研究_20261008\S1\artifacts\final\FINAL_20261010_01_resume_01\children\F05_91001_DIA01\pair.lock.json
final,F05,91001,F05:91001:DIA02,M_FIXED_128,R6,1.009866761308978,0.18201719890761298,0.36112896010847334,C:\Users\zhangjiacheng\Desktop\zjc\小论文\投稿准备\后续研究_20261008\S1\artifacts\final\FINAL_20261010_01_resume_01\children\F05_91001_DIA02\pair.lock.json
final,F05,91001,F05:91001:P01,Original,M_LIST,2.752394927533604,1.0126849898737074,1.8407005377402552,C:\Users\zhangjiacheng\Desktop\zjc\小论文\投稿准备\后续研究_20261008\S1\artifacts\final\FINAL_20261010_01_resume_01\children\F05_91001_P01\pair.lock.json
final,F05,91001,F05:91001:P02,M_LIST,M_OBSERVE_LIST,1.0924980902286943,1.5152792901249434,1.2203066771293867,C:\Users\zhangjiacheng\Desktop\zjc\小论文\投稿准备\后续研究_20261008\S1\artifacts\final\FINAL_20261010_01_resume_01\children\F05_91001_P02\pair.lock.json
final,F05,91001,F05:91001:P03,M_LIST,R6,0.9556469944172248,1.479059686036683,1.1035575905781558,C:\Users\zhangjiacheng\Desktop\zjc\小论文\投稿准备\后续研究_20261008\S1\artifacts\final\FINAL_20261010_01_resume_01\children\F05_91001_P03\pair.lock.json
final,F05,91001,F05:91001:P04,M_OBSERVE_LIST,R6,0.9774569416038631,1.0623294992273686,1.0094988280464228,C:\Users\zhangjiacheng\Desktop\zjc\小论文\投稿准备\后续研究_20261008\S1\artifacts\final\FINAL_20261010_01_resume_01\children\F05_91001_P04\pair.lock.json
final,F05,91001,F05:91001:P05,Original,R6,2.198209436129771,1.4821508734525481,1.8521081998340285,C:\Users\zhangjiacheng\Desktop\zjc\小论文\投稿准备\后续研究_20261008\S1\artifacts\final\FINAL_20261010_01_resume_01\children\F05_91001_P05\pair.lock.json
final,F05,91001,F05:91001:P06,M_EVENT_16,R6,1.025102629423208,0.20352413108803225,0.40756445084400084,C:\Users\zhangjiacheng\Desktop\zjc\小论文\投稿准备\后续研究_20261008\S1\artifacts\final\FINAL_20261010_01_resume_01\children\F05_91001_P06\pair.lock.json
final,F05,91001,F05:91001:P07,M_FIXED_2048,R6,1.0671423721494342,0.20093505211331217,0.41801750508744717,C:\Users\zhangjiacheng\Desktop\zjc\小论文\投稿准备\后续研究_20261008\S1\artifacts\final\FINAL_20261010_01_resume_01\children\F05_91001_P07\pair.lock.json
final,F05,91001,F05:91001:P08,M_NO_IDLE,R6,1.0096023982501143,0.9883383317405716,1.0016950359733352,C:\Users\zhangjiacheng\Desktop\zjc\小论文\投稿准备\后续研究_20261008\S1\artifacts\final\FINAL_20261010_01_resume_01\children\F05_91001_P08\pair.lock.json
final,F05,91002,F05:91002:DIA01,M_EVENT_16,R6,1.0299236027530287,0.19439668650976305,0.39612619429545337,C:\Users\zhangjiacheng\Desktop\zjc\小论文\投稿准备\后续研究_20261008\S1\artifacts\final\FINAL_20261010_01_resume_01\children\F05_91002_DIA01\pair.lock.json
final,F05,91002,F05:91002:DIA02,M_FIXED_128,R6,1.0507708867661303,0.19373943019917927,0.4121891486674625,C:\Users\zhangjiacheng\Desktop\zjc\小论文\投稿准备\后续研究_20261008\S1\artifacts\final\FINAL_20261010_01_resume_01\children\F05_91002_DIA02\pair.lock.json
final,F05,91002,F05:91002:P01,Original,M_LIST,2.6499544212821435,0.9332130165853023,1.7096295800809183,C:\Users\zhangjiacheng\Desktop\zjc\小论文\投稿准备\后续研究_20261008\S1\artifacts\final\FINAL_20261010_01_resume_01\children\F05_91002_P01\pair.lock.json
final,F05,91002,F05:91002:P02,M_LIST,M_OBSERVE_LIST,1.1220740881250422,1.363586904838163,1.1937729753851363,C:\Users\zhangjiacheng\Desktop\zjc\小论文\投稿准备\后续研究_20261008\S1\artifacts\final\FINAL_20261010_01_resume_01\children\F05_91002_P02\pair.lock.json
final,F05,91002,F05:91002:P03,M_LIST,R6,1.06642730124961,2.057073749371477,1.3626728628663587,C:\Users\zhangjiacheng\Desktop\zjc\小论文\投稿准备\后续研究_20261008\S1\artifacts\final\FINAL_20261010_01_resume_01\children\F05_91002_P03\pair.lock.json
final,F05,91002,F05:91002:P04,M_OBSERVE_LIST,R6,1.055478684519225,1.0387118630392391,1.0489778912409693,C:\Users\zhangjiacheng\Desktop\zjc\小论文\投稿准备\后续研究_20261008\S1\artifacts\final\FINAL_20261010_01_resume_01\children\F05_91002_P04\pair.lock.json
final,F05,91002,F05:91002:P05,Original,R6,2.5107170020055167,1.351698164358667,1.8899955419701262,C:\Users\zhangjiacheng\Desktop\zjc\小论文\投稿准备\后续研究_20261008\S1\artifacts\final\FINAL_20261010_01_resume_01\children\F05_91002_P05\pair.lock.json
final,F05,91002,F05:91002:P06,M_EVENT_16,R6,1.1113898911757678,0.1960029879646606,0.4125123978123038,C:\Users\zhangjiacheng\Desktop\zjc\小论文\投稿准备\后续研究_20261008\S1\artifacts\final\FINAL_20261010_01_resume_01\children\F05_91002_P06\pair.lock.json
final,F05,91002,F05:91002:P07,M_FIXED_2048,R6,0.9661430184063532,0.20275183986550932,0.38912208128200326,C:\Users\zhangjiacheng\Desktop\zjc\小论文\投稿准备\后续研究_20261008\S1\artifacts\final\FINAL_20261010_01_resume_01\children\F05_91002_P07\pair.lock.json
final,F05,91002,F05:91002:P08,M_NO_IDLE,R6,0.9747146233696379,1.0141241259005016,0.9884755377744713,C:\Users\zhangjiacheng\Desktop\zjc\小论文\投稿准备\后续研究_20261008\S1\artifacts\final\FINAL_20261010_01_resume_01\children\F05_91002_P08\pair.lock.json
final,F05,91003,F05:91003:DIA01,M_EVENT_16,R6,0.9776157137683958,0.19843602154325146,0.3942621817814553,C:\Users\zhangjiacheng\Desktop\zjc\小论文\投稿准备\后续研究_20261008\S1\artifacts\final\FINAL_20261010_01_resume_01\children\F05_91003_DIA01\pair.lock.json
final,F05,91003,F05:91003:DIA02,M_FIXED_128,R6,0.9599591193540821,0.19019520702393802,0.38191733380354465,C:\Users\zhangjiacheng\Desktop\zjc\小论文\投稿准备\后续研究_20261008\S1\artifacts\final\FINAL_20261010_01_resume_01\children\F05_91003_DIA02\pair.lock.json
final,F05,91003,F05:91003:P01,Original,M_LIST,2.1206001364389,0.887127808403412,1.4514490349271116,C:\Users\zhangjiacheng\Desktop\zjc\小论文\投稿准备\后续研究_20261008\S1\artifacts\final\FINAL_20261010_01_resume_01\children\F05_91003_P01\pair.lock.json
final,F05,91003,F05:91003:P02,M_LIST,M_OBSERVE_LIST,1.001627850163055,1.4481328522117907,1.1383141994525598,C:\Users\zhangjiacheng\Desktop\zjc\小论文\投稿准备\后续研究_20261008\S1\artifacts\final\FINAL_20261010_01_resume_01\children\F05_91003_P02\pair.lock.json
final,F05,91003,F05:91003:P03,M_LIST,R6,0.7824605529010997,1.3280086212968443,0.93783531245698,C:\Users\zhangjiacheng\Desktop\zjc\小论文\投稿准备\后续研究_20261008\S1\artifacts\final\FINAL_20261010_01_resume_01\children\F05_91003_P03\pair.lock.json
final,F05,91003,F05:91003:P04,M_OBSERVE_LIST,R6,1.1685052320786669,1.1160026852094074,1.146933777084598,C:\Users\zhangjiacheng\Desktop\zjc\小论文\投稿准备\后续研究_20261008\S1\artifacts\final\FINAL_20261010_01_resume_01\children\F05_91003_P04\pair.lock.json
final,F05,91003,F05:91003:P05,Original,R6,2.3273947937429753,1.4214363182207068,1.8367587077606125,C:\Users\zhangjiacheng\Desktop\zjc\小论文\投稿准备\后续研究_20261008\S1\artifacts\final\FINAL_20261010_01_resume_01\children\F05_91003_P05\pair.lock.json
final,F05,91003,F05:91003:P06,M_EVENT_16,R6,1.024397193815824,0.20739901973664848,0.4055553668310844,C:\Users\zhangjiacheng\Desktop\zjc\小论文\投稿准备\后续研究_20261008\S1\artifacts\final\FINAL_20261010_01_resume_01\children\F05_91003_P06\pair.lock.json
final,F05,91003,F05:91003:P07,M_FIXED_2048,R6,0.9986878294955059,0.20752818972328235,0.3962328430590582,C:\Users\zhangjiacheng\Desktop\zjc\小论文\投稿准备\后续研究_20261008\S1\artifacts\final\FINAL_20261010_01_resume_01\children\F05_91003_P07\pair.lock.json
final,F05,91003,F05:91003:P08,M_NO_IDLE,R6,0.9648828828606432,0.9822072717751531,0.9710556204723848,C:\Users\zhangjiacheng\Desktop\zjc\小论文\投稿准备\后续研究_20261008\S1\artifacts\final\FINAL_20261010_01_resume_01\children\F05_91003_P08\pair.lock.json
final,F05,91004,F05:91004:DIA01,M_EVENT_16,R6,0.982054206735297,0.20487467205893803,0.38521118840837254,C:\Users\zhangjiacheng\Desktop\zjc\小论文\投稿准备\后续研究_20261008\S1\artifacts\final\FINAL_20261010_01_resume_01\children\F05_91004_DIA01\pair.lock.json
final,F05,91004,F05:91004:DIA02,M_FIXED_128,R6,1.0264984421109316,0.19722135067544805,0.38131329556258015,C:\Users\zhangjiacheng\Desktop\zjc\小论文\投稿准备\后续研究_20261008\S1\artifacts\final\FINAL_20261010_01_resume_01\children\F05_91004_DIA02\pair.lock.json
final,F05,91004,F05:91004:P01,Original,M_LIST,2.6261289435036876,1.023839704283114,1.777459200373535,C:\Users\zhangjiacheng\Desktop\zjc\小论文\投稿准备\后续研究_20261008\S1\artifacts\final\FINAL_20261010_01_resume_01\children\F05_91004_P01\pair.lock.json
final,F05,91004,F05:91004:P02,M_LIST,M_OBSERVE_LIST,1.0250468219483095,1.3457940263816675,1.1308361596989351,C:\Users\zhangjiacheng\Desktop\zjc\小论文\投稿准备\后续研究_20261008\S1\artifacts\final\FINAL_20261010_01_resume_01\children\F05_91004_P02\pair.lock.json
final,F05,91004,F05:91004:P03,M_LIST,R6,1.0691798887697817,1.5017246745266077,1.201086373897091,C:\Users\zhangjiacheng\Desktop\zjc\小论文\投稿准备\后续研究_20261008\S1\artifacts\final\FINAL_20261010_01_resume_01\children\F05_91004_P03\pair.lock.json
final,F05,91004,F05:91004:P04,M_OBSERVE_LIST,R6,1.0458840192654073,0.9654575329998305,1.013727117382855,C:\Users\zhangjiacheng\Desktop\zjc\小论文\投稿准备\后续研究_20261008\S1\artifacts\final\FINAL_20261010_01_resume_01\children\F05_91004_P04\pair.lock.json
final,F05,91004,F05:91004:P05,Original,R6,2.2682382235266427,1.40963042227472,1.847093866760802,C:\Users\zhangjiacheng\Desktop\zjc\小论文\投稿准备\后续研究_20261008\S1\artifacts\final\FINAL_20261010_01_resume_01\children\F05_91004_P05\pair.lock.json
final,F05,91004,F05:91004:P06,M_EVENT_16,R6,0.787058322055543,0.18077915984540494,0.34852882208983677,C:\Users\zhangjiacheng\Desktop\zjc\小论文\投稿准备\后续研究_20261008\S1\artifacts\final\FINAL_20261010_01_resume_01\children\F05_91004_P06\pair.lock.json
final,F05,91004,F05:91004:P07,M_FIXED_2048,R6,0.9673971891896649,0.19207709862536584,0.39372140630323527,C:\Users\zhangjiacheng\Desktop\zjc\小论文\投稿准备\后续研究_20261008\S1\artifacts\final\FINAL_20261010_01_resume_01\children\F05_91004_P07\pair.lock.json
final,F05,91004,F05:91004:P08,M_NO_IDLE,R6,1.0677345385498205,1.070771334384064,1.0676596720273819,C:\Users\zhangjiacheng\Desktop\zjc\小论文\投稿准备\后续研究_20261008\S1\artifacts\final\FINAL_20261010_01_resume_01\children\F05_91004_P08\pair.lock.json
final,F05,91005,F05:91005:DIA01,M_EVENT_16,R6,0.9150503798776667,0.20413698456246815,0.4011609349699617,C:\Users\zhangjiacheng\Desktop\zjc\小论文\投稿准备\后续研究_20261008\S1\artifacts\final\FINAL_20261010_01_resume_01\children\F05_91005_DIA01\pair.lock.json
final,F05,91005,F05:91005:DIA02,M_FIXED_128,R6,1.0006648354583119,0.20130651082549045,0.4148125530572931,C:\Users\zhangjiacheng\Desktop\zjc\小论文\投稿准备\后续研究_20261008\S1\artifacts\final\FINAL_20261010_01_resume_01\children\F05_91005_DIA02\pair.lock.json
final,F05,91005,F05:91005:P01,Original,M_LIST,2.319965296702397,0.9444095074720815,1.6260095313968228,C:\Users\zhangjiacheng\Desktop\zjc\小论文\投稿准备\后续研究_20261008\S1\artifacts\final\FINAL_20261010_01_resume_01\children\F05_91005_P01\pair.lock.json
final,F05,91005,F05:91005:P02,M_LIST,M_OBSERVE_LIST,1.11974424785012,1.392719020643181,1.2025772323752038,C:\Users\zhangjiacheng\Desktop\zjc\小论文\投稿准备\后续研究_20261008\S1\artifacts\final\FINAL_20261010_01_resume_01\children\F05_91005_P02\pair.lock.json
final,F05,91005,F05:91005:P03,M_LIST,R6,0.7466732763087177,1.4714829209919886,0.9150867730205083,C:\Users\zhangjiacheng\Desktop\zjc\小论文\投稿准备\后续研究_20261008\S1\artifacts\final\FINAL_20261010_01_resume_01\children\F05_91005_P03\pair.lock.json
final,F05,91005,F05:91005:P04,M_OBSERVE_LIST,R6,0.7723067128371326,1.345409499552495,0.9611429509954925,C:\Users\zhangjiacheng\Desktop\zjc\小论文\投稿准备\后续研究_20261008\S1\artifacts\final\FINAL_20261010_01_resume_01\children\F05_91005_P04\pair.lock.json
final,F05,91005,F05:91005:P05,Original,R6,2.6267368081493014,1.95474822276561,2.3094765787787424,C:\Users\zhangjiacheng\Desktop\zjc\小论文\投稿准备\后续研究_20261008\S1\artifacts\final\FINAL_20261010_01_resume_01\children\F05_91005_P05\pair.lock.json
final,F05,91005,F05:91005:P06,M_EVENT_16,R6,0.8960150439602863,0.19625351377264053,0.37850668961109274,C:\Users\zhangjiacheng\Desktop\zjc\小论文\投稿准备\后续研究_20261008\S1\artifacts\final\FINAL_20261010_01_resume_01\children\F05_91005_P06\pair.lock.json
final,F05,91005,F05:91005:P07,M_FIXED_2048,R6,1.0827672345703419,0.20622017720595245,0.4181733864155914,C:\Users\zhangjiacheng\Desktop\zjc\小论文\投稿准备\后续研究_20261008\S1\artifacts\final\FINAL_20261010_01_resume_01\children\F05_91005_P07\pair.lock.json
final,F05,91005,F05:91005:P08,M_NO_IDLE,R6,1.010963488694341,1.0167920946102698,1.0136084438799793,C:\Users\zhangjiacheng\Desktop\zjc\小论文\投稿准备\后续研究_20261008\S1\artifacts\final\FINAL_20261010_01_resume_01\children\F05_91005_P08\pair.lock.json
final,F05,91006,F05:91006:DIA01,M_EVENT_16,R6,0.8043479018581706,0.192765410993728,0.359784010172498,C:\Users\zhangjiacheng\Desktop\zjc\小论文\投稿准备\后续研究_20261008\S1\artifacts\final\FINAL_20261010_01_resume_01\children\F05_91006_DIA01\pair.lock.json
final,F05,91006,F05:91006:DIA02,M_FIXED_128,R6,0.9974483401823545,0.21272751352533512,0.4083514056812807,C:\Users\zhangjiacheng\Desktop\zjc\小论文\投稿准备\后续研究_20261008\S1\artifacts\final\FINAL_20261010_01_resume_01\children\F05_91006_DIA02\pair.lock.json
final,F05,91006,F05:91006:P01,Original,M_LIST,2.498213268099565,0.9391570883804331,1.6820907624899102,C:\Users\zhangjiacheng\Desktop\zjc\小论文\投稿准备\后续研究_20261008\S1\artifacts\final\FINAL_20261010_01_resume_01\children\F05_91006_P01\pair.lock.json
final,F05,91006,F05:91006:P02,M_LIST,M_OBSERVE_LIST,1.029003016780295,1.470864896364111,1.1606994568996871,C:\Users\zhangjiacheng\Desktop\zjc\小论文\投稿准备\后续研究_20261008\S1\artifacts\final\FINAL_20261010_01_resume_01\children\F05_91006_P02\pair.lock.json
final,F05,91006,F05:91006:P03,M_LIST,R6,1.0367834465902717,1.4109989566729946,1.1541836206518437,C:\Users\zhangjiacheng\Desktop\zjc\小论文\投稿准备\后续研究_20261008\S1\artifacts\final\FINAL_20261010_01_resume_01\children\F05_91006_P03\pair.lock.json
final,F05,91006,F05:91006:P04,M_OBSERVE_LIST,R6,0.8633625677993662,1.0671683627354043,0.9306898349049689,C:\Users\zhangjiacheng\Desktop\zjc\小论文\投稿准备\后续研究_20261008\S1\artifacts\final\FINAL_20261010_01_resume_01\children\F05_91006_P04\pair.lock.json
final,F05,91006,F05:91006:P05,Original,R6,2.492824815963192,1.460043185854122,1.9592905849427595,C:\Users\zhangjiacheng\Desktop\zjc\小论文\投稿准备\后续研究_20261008\S1\artifacts\final\FINAL_20261010_01_resume_01\children\F05_91006_P05\pair.lock.json
final,F05,91006,F05:91006:P06,M_EVENT_16,R6,0.9818585158548182,0.20969584033424088,0.41741911308274676,C:\Users\zhangjiacheng\Desktop\zjc\小论文\投稿准备\后续研究_20261008\S1\artifacts\final\FINAL_20261010_01_resume_01\children\F05_91006_P06\pair.lock.json
final,F05,91006,F05:91006:P07,M_FIXED_2048,R6,0.9936336027718651,0.2150878826075414,0.40941444108920944,C:\Users\zhangjiacheng\Desktop\zjc\小论文\投稿准备\后续研究_20261008\S1\artifacts\final\FINAL_20261010_01_resume_01\children\F05_91006_P07\pair.lock.json
final,F05,91006,F05:91006:P08,M_NO_IDLE,R6,1.02453798047246,1.065609997783093,1.0399821408785437,C:\Users\zhangjiacheng\Desktop\zjc\小论文\投稿准备\后续研究_20261008\S1\artifacts\final\FINAL_20261010_01_resume_01\children\F05_91006_P08\pair.lock.json
final,F05,91007,F05:91007:DIA01,M_EVENT_16,R6,1.1754251566024276,0.19087022538380607,0.43817669923079855,C:\Users\zhangjiacheng\Desktop\zjc\小论文\投稿准备\后续研究_20261008\S1\artifacts\final\FINAL_20261010_01_resume_01\children\F05_91007_DIA01\pair.lock.json
final,F05,91007,F05:91007:DIA02,M_FIXED_128,R6,0.9481118554415201,0.19012553157091622,0.39175948847629843,C:\Users\zhangjiacheng\Desktop\zjc\小论文\投稿准备\后续研究_20261008\S1\artifacts\final\FINAL_20261010_01_resume_01\children\F05_91007_DIA02\pair.lock.json
final,F05,91007,F05:91007:P01,Original,M_LIST,2.4779527438373288,0.9406529320487218,1.6463076974348618,C:\Users\zhangjiacheng\Desktop\zjc\小论文\投稿准备\后续研究_20261008\S1\artifacts\final\FINAL_20261010_01_resume_01\children\F05_91007_P01\pair.lock.json
final,F05,91007,F05:91007:P02,M_LIST,M_OBSERVE_LIST,0.952600608184216,1.1767038402921974,1.0235843087021799,C:\Users\zhangjiacheng\Desktop\zjc\小论文\投稿准备\后续研究_20261008\S1\artifacts\final\FINAL_20261010_01_resume_01\children\F05_91007_P02\pair.lock.json
final,F05,91007,F05:91007:P03,M_LIST,R6,0.8323042433472057,1.639490189721115,1.0604517219989522,C:\Users\zhangjiacheng\Desktop\zjc\小论文\投稿准备\后续研究_20261008\S1\artifacts\final\FINAL_20261010_01_resume_01\children\F05_91007_P03\pair.lock.json
final,F05,91007,F05:91007:P04,M_OBSERVE_LIST,R6,1.0106972930421685,1.0221467242691449,1.0144286971389815,C:\Users\zhangjiacheng\Desktop\zjc\小论文\投稿准备\后续研究_20261008\S1\artifacts\final\FINAL_20261010_01_resume_01\children\F05_91007_P04\pair.lock.json
final,F05,91007,F05:91007:P05,Original,R6,2.3024608274214295,1.5207426635085457,1.906979261907316,C:\Users\zhangjiacheng\Desktop\zjc\小论文\投稿准备\后续研究_20261008\S1\artifacts\final\FINAL_20261010_01_resume_01\children\F05_91007_P05\pair.lock.json
final,F05,91007,F05:91007:P06,M_EVENT_16,R6,0.9002566251699471,0.1952234239099861,0.3847133232317415,C:\Users\zhangjiacheng\Desktop\zjc\小论文\投稿准备\后续研究_20261008\S1\artifacts\final\FINAL_20261010_01_resume_01\children\F05_91007_P06\pair.lock.json
final,F05,91007,F05:91007:P07,M_FIXED_2048,R6,0.9765280205958854,0.1998512949882169,0.389189028138495,C:\Users\zhangjiacheng\Desktop\zjc\小论文\投稿准备\后续研究_20261008\S1\artifacts\final\FINAL_20261010_01_resume_01\children\F05_91007_P07\pair.lock.json
final,F05,91007,F05:91007:P08,M_NO_IDLE,R6,0.934693230328997,1.010948969575595,0.9620102755752661,C:\Users\zhangjiacheng\Desktop\zjc\小论文\投稿准备\后续研究_20261008\S1\artifacts\final\FINAL_20261010_01_resume_01\children\F05_91007_P08\pair.lock.json
final,F05,91008,F05:91008:DIA01,M_EVENT_16,R6,1.0016423185642338,0.202245111699124,0.40602022205423355,C:\Users\zhangjiacheng\Desktop\zjc\小论文\投稿准备\后续研究_20261008\S1\artifacts\final\FINAL_20261010_01_resume_01\children\F05_91008_DIA01\pair.lock.json
final,F05,91008,F05:91008:DIA02,M_FIXED_128,R6,1.0990620731381573,0.21017766463823173,0.4229108144998456,C:\Users\zhangjiacheng\Desktop\zjc\小论文\投稿准备\后续研究_20261008\S1\artifacts\final\FINAL_20261010_01_resume_01\children\F05_91008_DIA02\pair.lock.json
final,F05,91008,F05:91008:P01,Original,M_LIST,2.6278287621687553,1.128215320425675,1.878295333873626,C:\Users\zhangjiacheng\Desktop\zjc\小论文\投稿准备\后续研究_20261008\S1\artifacts\final\FINAL_20261010_01_resume_01\children\F05_91008_P01\pair.lock.json
final,F05,91008,F05:91008:P02,M_LIST,M_OBSERVE_LIST,1.1472312103976792,1.4051953256842813,1.2284912547761104,C:\Users\zhangjiacheng\Desktop\zjc\小论文\投稿准备\后续研究_20261008\S1\artifacts\final\FINAL_20261010_01_resume_01\children\F05_91008_P02\pair.lock.json
final,F05,91008,F05:91008:P03,M_LIST,R6,1.0386687440415607,1.5751098133830521,1.1921487794721362,C:\Users\zhangjiacheng\Desktop\zjc\小论文\投稿准备\后续研究_20261008\S1\artifacts\final\FINAL_20261010_01_resume_01\children\F05_91008_P03\pair.lock.json
final,F05,91008,F05:91008:P04,M_OBSERVE_LIST,R6,1.1080292263115774,1.0089854482196898,1.0700493002607776,C:\Users\zhangjiacheng\Desktop\zjc\小论文\投稿准备\后续研究_20261008\S1\artifacts\final\FINAL_20261010_01_resume_01\children\F05_91008_P04\pair.lock.json
final,F05,91008,F05:91008:P05,Original,R6,2.778583291696401,1.424600739457212,2.0557290832515323,C:\Users\zhangjiacheng\Desktop\zjc\小论文\投稿准备\后续研究_20261008\S1\artifacts\final\FINAL_20261010_01_resume_01\children\F05_91008_P05\pair.lock.json
final,F05,91008,F05:91008:P06,M_EVENT_16,R6,1.0396351194702247,0.20205890987589753,0.4037140231606237,C:\Users\zhangjiacheng\Desktop\zjc\小论文\投稿准备\后续研究_20261008\S1\artifacts\final\FINAL_20261010_01_resume_01\children\F05_91008_P06\pair.lock.json
final,F05,91008,F05:91008:P07,M_FIXED_2048,R6,1.0606838161834236,0.20294386814189275,0.41103196077218035,C:\Users\zhangjiacheng\Desktop\zjc\小论文\投稿准备\后续研究_20261008\S1\artifacts\final\FINAL_20261010_01_resume_01\children\F05_91008_P07\pair.lock.json
final,F05,91008,F05:91008:P08,M_NO_IDLE,R6,1.0025134586448514,1.0077783279117503,1.00446798385021,C:\Users\zhangjiacheng\Desktop\zjc\小论文\投稿准备\后续研究_20261008\S1\artifacts\final\FINAL_20261010_01_resume_01\children\F05_91008_P08\pair.lock.json
final,F05,91009,F05:91009:DIA01,M_EVENT_16,R6,1.0271744835839944,0.21438091934388911,0.4037478475846967,C:\Users\zhangjiacheng\Desktop\zjc\小论文\投稿准备\后续研究_20261008\S1\artifacts\final\FINAL_20261010_01_resume_01\children\F05_91009_DIA01\pair.lock.json
final,F05,91009,F05:91009:DIA02,M_FIXED_128,R6,0.9721307635528231,0.20719038139284238,0.3914578769752275,C:\Users\zhangjiacheng\Desktop\zjc\小论文\投稿准备\后续研究_20261008\S1\artifacts\final\FINAL_20261010_01_resume_01\children\F05_91009_DIA02\pair.lock.json
final,F05,91009,F05:91009:P01,Original,M_LIST,2.1373776067306016,0.9375253975608152,1.5064228091101028,C:\Users\zhangjiacheng\Desktop\zjc\小论文\投稿准备\后续研究_20261008\S1\artifacts\final\FINAL_20261010_01_resume_01\children\F05_91009_P01\pair.lock.json
final,F05,91009,F05:91009:P02,M_LIST,M_OBSERVE_LIST,1.05342133882405,1.5361605309454607,1.212427328458627,C:\Users\zhangjiacheng\Desktop\zjc\小论文\投稿准备\后续研究_20261008\S1\artifacts\final\FINAL_20261010_01_resume_01\children\F05_91009_P02\pair.lock.json
final,F05,91009,F05:91009:P03,M_LIST,R6,0.9804879483655352,1.4337484490302148,1.1239495404193691,C:\Users\zhangjiacheng\Desktop\zjc\小论文\投稿准备\后续研究_20261008\S1\artifacts\final\FINAL_20261010_01_resume_01\children\F05_91009_P03\pair.lock.json
final,F05,91009,F05:91009:P04,M_OBSERVE_LIST,R6,0.9797417396139126,1.0950235352407298,1.0229862199249522,C:\Users\zhangjiacheng\Desktop\zjc\小论文\投稿准备\后续研究_20261008\S1\artifacts\final\FINAL_20261010_01_resume_01\children\F05_91009_P04\pair.lock.json
final,F05,91009,F05:91009:P05,Original,R6,2.71179479424359,1.29578259646795,1.9297032310886326,C:\Users\zhangjiacheng\Desktop\zjc\小论文\投稿准备\后续研究_20261008\S1\artifacts\final\FINAL_20261010_01_resume_01\children\F05_91009_P05\pair.lock.json
final,F05,91009,F05:91009:P06,M_EVENT_16,R6,0.9808256071908843,0.19629286080398825,0.38954346442142596,C:\Users\zhangjiacheng\Desktop\zjc\小论文\投稿准备\后续研究_20261008\S1\artifacts\final\FINAL_20261010_01_resume_01\children\F05_91009_P06\pair.lock.json
final,F05,91009,F05:91009:P07,M_FIXED_2048,R6,0.9918177164533658,0.2123191758763179,0.4237829079319681,C:\Users\zhangjiacheng\Desktop\zjc\小论文\投稿准备\后续研究_20261008\S1\artifacts\final\FINAL_20261010_01_resume_01\children\F05_91009_P07\pair.lock.json
final,F05,91009,F05:91009:P08,M_NO_IDLE,R6,1.0712239526991336,1.0424290575526693,1.062063571683182,C:\Users\zhangjiacheng\Desktop\zjc\小论文\投稿准备\后续研究_20261008\S1\artifacts\final\FINAL_20261010_01_resume_01\children\F05_91009_P08\pair.lock.json
final,F05,91010,F05:91010:DIA01,M_EVENT_16,R6,0.9771797491445038,0.20973800016233415,0.40779057025551085,C:\Users\zhangjiacheng\Desktop\zjc\小论文\投稿准备\后续研究_20261008\S1\artifacts\final\FINAL_20261010_01_resume_01\children\F05_91010_DIA01\pair.lock.json
final,F05,91010,F05:91010:DIA02,M_FIXED_128,R6,1.0896123002553428,0.2082099462783441,0.431452446990937,C:\Users\zhangjiacheng\Desktop\zjc\小论文\投稿准备\后续研究_20261008\S1\artifacts\final\FINAL_20261010_01_resume_01\children\F05_91010_DIA02\pair.lock.json
final,F05,91010,F05:91010:P01,Original,M_LIST,2.5541291221197917,0.8331012945632403,1.5714866698110688,C:\Users\zhangjiacheng\Desktop\zjc\小论文\投稿准备\后续研究_20261008\S1\artifacts\final\FINAL_20261010_01_resume_01\children\F05_91010_P01\pair.lock.json
final,F05,91010,F05:91010:P02,M_LIST,M_OBSERVE_LIST,1.0251631388109743,1.440455227985108,1.1597994976285393,C:\Users\zhangjiacheng\Desktop\zjc\小论文\投稿准备\后续研究_20261008\S1\artifacts\final\FINAL_20261010_01_resume_01\children\F05_91010_P02\pair.lock.json
final,F05,91010,F05:91010:P03,M_LIST,R6,0.9857686248299774,1.4033338611504755,1.1238102916762167,C:\Users\zhangjiacheng\Desktop\zjc\小论文\投稿准备\后续研究_20261008\S1\artifacts\final\FINAL_20261010_01_resume_01\children\F05_91010_P03\pair.lock.json
final,F05,91010,F05:91010:P04,M_OBSERVE_LIST,R6,1.0508254483626707,1.0105768709394312,1.0341887547112891,C:\Users\zhangjiacheng\Desktop\zjc\小论文\投稿准备\后续研究_20261008\S1\artifacts\final\FINAL_20261010_01_resume_01\children\F05_91010_P04\pair.lock.json
final,F05,91010,F05:91010:P05,Original,R6,2.331577406833539,1.8124363964629067,2.0758079915358594,C:\Users\zhangjiacheng\Desktop\zjc\小论文\投稿准备\后续研究_20261008\S1\artifacts\final\FINAL_20261010_01_resume_01\children\F05_91010_P05\pair.lock.json
final,F05,91010,F05:91010:P06,M_EVENT_16,R6,0.9721123032300583,0.2683685168989275,0.442995751027391,C:\Users\zhangjiacheng\Desktop\zjc\小论文\投稿准备\后续研究_20261008\S1\artifacts\final\FINAL_20261010_01_resume_01\children\F05_91010_P06\pair.lock.json
final,F05,91010,F05:91010:P07,M_FIXED_2048,R6,0.9611672887901584,0.19287327953853767,0.38461042170216814,C:\Users\zhangjiacheng\Desktop\zjc\小论文\投稿准备\后续研究_20261008\S1\artifacts\final\FINAL_20261010_01_resume_01\children\F05_91010_P07\pair.lock.json
final,F05,91010,F05:91010:P08,M_NO_IDLE,R6,1.1380002047397928,1.0114655099720875,1.0864432556559975,C:\Users\zhangjiacheng\Desktop\zjc\小论文\投稿准备\后续研究_20261008\S1\artifacts\final\FINAL_20261010_01_resume_01\children\F05_91010_P08\pair.lock.json
final,F06,91001,F06:91001:DIA01,M_EVENT_16,R6,1.0263382837955084,0.8187352104736874,0.8320897779237836,C:\Users\zhangjiacheng\Desktop\zjc\小论文\投稿准备\后续研究_20261008\S1\artifacts\final\FINAL_20261010_01_resume_01\children\F06_91001_DIA01\pair.lock.json
final,F06,91001,F06:91001:DIA02,M_FIXED_128,R6,1.1239883915838418,1.2915855716046394,1.2792454890503007,C:\Users\zhangjiacheng\Desktop\zjc\小论文\投稿准备\后续研究_20261008\S1\artifacts\final\FINAL_20261010_01_resume_01\children\F06_91001_DIA02\pair.lock.json
final,F06,91001,F06:91001:P01,Original,M_LIST,2.3008513555342986,0.9859396917823897,0.9918336504799645,C:\Users\zhangjiacheng\Desktop\zjc\小论文\投稿准备\后续研究_20261008\S1\artifacts\final\FINAL_20261010_01_resume_01\children\F06_91001_P01\pair.lock.json
final,F06,91001,F06:91001:P02,M_LIST,M_OBSERVE_LIST,1.141500738707909,0.9942026087128567,0.9955888720473252,C:\Users\zhangjiacheng\Desktop\zjc\小论文\投稿准备\后续研究_20261008\S1\artifacts\final\FINAL_20261010_01_resume_01\children\F06_91001_P02\pair.lock.json
final,F06,91001,F06:91001:P03,M_LIST,R6,1.0207402544849313,0.10510939522777799,0.11378229482862011,C:\Users\zhangjiacheng\Desktop\zjc\小论文\投稿准备\后续研究_20261008\S1\artifacts\final\FINAL_20261010_01_resume_01\children\F06_91001_P03\pair.lock.json
final,F06,91001,F06:91001:P04,M_OBSERVE_LIST,R6,1.0296949916904956,0.10677850795083017,0.11456370045508828,C:\Users\zhangjiacheng\Desktop\zjc\小论文\投稿准备\后续研究_20261008\S1\artifacts\final\FINAL_20261010_01_resume_01\children\F06_91001_P04\pair.lock.json
final,F06,91001,F06:91001:P05,Original,R6,2.4494425298380644,0.10525768983930762,0.1137976765914859,C:\Users\zhangjiacheng\Desktop\zjc\小论文\投稿准备\后续研究_20261008\S1\artifacts\final\FINAL_20261010_01_resume_01\children\F06_91001_P05\pair.lock.json
final,F06,91001,F06:91001:P06,M_EVENT_16,R6,0.9385610086576506,0.980243525914564,0.976742973972423,C:\Users\zhangjiacheng\Desktop\zjc\小论文\投稿准备\后续研究_20261008\S1\artifacts\final\FINAL_20261010_01_resume_01\children\F06_91001_P06\pair.lock.json
final,F06,91001,F06:91001:P07,M_FIXED_2048,R6,0.8769817325413282,1.012665665196875,1.0002507379897285,C:\Users\zhangjiacheng\Desktop\zjc\小论文\投稿准备\后续研究_20261008\S1\artifacts\final\FINAL_20261010_01_resume_01\children\F06_91001_P07\pair.lock.json
final,F06,91001,F06:91001:P08,M_NO_IDLE,R6,1.061818957359439,0.9826724201899487,0.9892576714309512,C:\Users\zhangjiacheng\Desktop\zjc\小论文\投稿准备\后续研究_20261008\S1\artifacts\final\FINAL_20261010_01_resume_01\children\F06_91001_P08\pair.lock.json
final,F06,91002,F06:91002:DIA01,M_EVENT_16,R6,1.0567802731751272,0.9969543874227476,1.0015119861508983,C:\Users\zhangjiacheng\Desktop\zjc\小论文\投稿准备\后续研究_20261008\S1\artifacts\final\FINAL_20261010_01_resume_01\children\F06_91002_DIA01\pair.lock.json
final,F06,91002,F06:91002:DIA02,M_FIXED_128,R6,1.0222023664343152,0.9960417139049885,0.99803114554657,C:\Users\zhangjiacheng\Desktop\zjc\小论文\投稿准备\后续研究_20261008\S1\artifacts\final\FINAL_20261010_01_resume_01\children\F06_91002_DIA02\pair.lock.json
final,F06,91002,F06:91002:P01,Original,M_LIST,2.820914165755027,0.9848987330210457,0.9915765840904573,C:\Users\zhangjiacheng\Desktop\zjc\小论文\投稿准备\后续研究_20261008\S1\artifacts\final\FINAL_20261010_01_resume_01\children\F06_91002_P01\pair.lock.json
final,F06,91002,F06:91002:P02,M_LIST,M_OBSERVE_LIST,1.0024647939728444,1.0104956752651255,1.010419331394529,C:\Users\zhangjiacheng\Desktop\zjc\小论文\投稿准备\后续研究_20261008\S1\artifacts\final\FINAL_20261010_01_resume_01\children\F06_91002_P02\pair.lock.json
final,F06,91002,F06:91002:P03,M_LIST,R6,1.0546466049416134,0.11137811051592073,0.12043381004106837,C:\Users\zhangjiacheng\Desktop\zjc\小论文\投稿准备\后续研究_20261008\S1\artifacts\final\FINAL_20261010_01_resume_01\children\F06_91002_P03\pair.lock.json
final,F06,91002,F06:91002:P04,M_OBSERVE_LIST,R6,1.0574666637877135,0.1010049576832323,0.10995381040629905,C:\Users\zhangjiacheng\Desktop\zjc\小论文\投稿准备\后续研究_20261008\S1\artifacts\final\FINAL_20261010_01_resume_01\children\F06_91002_P04\pair.lock.json
final,F06,91002,F06:91002:P05,Original,R6,2.3135890357418996,0.10349109792403699,0.11294562140927357,C:\Users\zhangjiacheng\Desktop\zjc\小论文\投稿准备\后续研究_20261008\S1\artifacts\final\FINAL_20261010_01_resume_01\children\F06_91002_P05\pair.lock.json
final,F06,91002,F06:91002:P06,M_EVENT_16,R6,1.137761109553157,1.211589204193536,1.20602265426211,C:\Users\zhangjiacheng\Desktop\zjc\小论文\投稿准备\后续研究_20261008\S1\artifacts\final\FINAL_20261010_01_resume_01\children\F06_91002_P06\pair.lock.json
final,F06,91002,F06:91002:P07,M_FIXED_2048,R6,0.8509149835423997,1.0507239430854551,1.0298220653469454,C:\Users\zhangjiacheng\Desktop\zjc\小论文\投稿准备\后续研究_20261008\S1\artifacts\final\FINAL_20261010_01_resume_01\children\F06_91002_P07\pair.lock.json
final,F06,91002,F06:91002:P08,M_NO_IDLE,R6,1.0600175003102361,1.2518407249064019,1.2372604501217912,C:\Users\zhangjiacheng\Desktop\zjc\小论文\投稿准备\后续研究_20261008\S1\artifacts\final\FINAL_20261010_01_resume_01\children\F06_91002_P08\pair.lock.json
final,F06,91003,F06:91003:DIA01,M_EVENT_16,R6,1.0105910012842982,1.005162026868912,1.0057218830667167,C:\Users\zhangjiacheng\Desktop\zjc\小论文\投稿准备\后续研究_20261008\S1\artifacts\final\FINAL_20261010_01_resume_01\children\F06_91003_DIA01\pair.lock.json
final,F06,91003,F06:91003:DIA02,M_FIXED_128,R6,1.0103243989605404,1.0000469223843218,1.000622101112206,C:\Users\zhangjiacheng\Desktop\zjc\小论文\投稿准备\后续研究_20261008\S1\artifacts\final\FINAL_20261010_01_resume_01\children\F06_91003_DIA02\pair.lock.json
final,F06,91003,F06:91003:P01,Original,M_LIST,2.273626286096005,0.9919289865013906,0.9966941411817376,C:\Users\zhangjiacheng\Desktop\zjc\小论文\投稿准备\后续研究_20261008\S1\artifacts\final\FINAL_20261010_01_resume_01\children\F06_91003_P01\pair.lock.json
final,F06,91003,F06:91003:P02,M_LIST,M_OBSERVE_LIST,0.978922597076253,0.9575953728632937,0.9577729902878037,C:\Users\zhangjiacheng\Desktop\zjc\小论文\投稿准备\后续研究_20261008\S1\artifacts\final\FINAL_20261010_01_resume_01\children\F06_91003_P02\pair.lock.json
final,F06,91003,F06:91003:P03,M_LIST,R6,0.954330123794139,0.1077249905901816,0.11524021277667125,C:\Users\zhangjiacheng\Desktop\zjc\小论文\投稿准备\后续研究_20261008\S1\artifacts\final\FINAL_20261010_01_resume_01\children\F06_91003_P03\pair.lock.json
final,F06,91003,F06:91003:P04,M_OBSERVE_LIST,R6,0.9382753352459736,0.11813600682812195,0.12541670138464128,C:\Users\zhangjiacheng\Desktop\zjc\小论文\投稿准备\后续研究_20261008\S1\artifacts\final\FINAL_20261010_01_resume_01\children\F06_91003_P04\pair.lock.json
final,F06,91003,F06:91003:P05,Original,R6,2.2919931087514795,0.10420406037972937,0.11271472855773933,C:\Users\zhangjiacheng\Desktop\zjc\小论文\投稿准备\后续研究_20261008\S1\artifacts\final\FINAL_20261010_01_resume_01\children\F06_91003_P05\pair.lock.json
final,F06,91003,F06:91003:P06,M_EVENT_16,R6,0.9446843223914165,1.0039614539885897,0.9993298799563404,C:\Users\zhangjiacheng\Desktop\zjc\小论文\投稿准备\后续研究_20261008\S1\artifacts\final\FINAL_20261010_01_resume_01\children\F06_91003_P06\pair.lock.json
final,F06,91003,F06:91003:P07,M_FIXED_2048,R6,0.9991527756919428,0.9897175774993706,0.9903420411401969,C:\Users\zhangjiacheng\Desktop\zjc\小论文\投稿准备\后续研究_20261008\S1\artifacts\final\FINAL_20261010_01_resume_01\children\F06_91003_P07\pair.lock.json
final,F06,91003,F06:91003:P08,M_NO_IDLE,R6,1.037092843016115,1.0230353784248458,1.024161980747091,C:\Users\zhangjiacheng\Desktop\zjc\小论文\投稿准备\后续研究_20261008\S1\artifacts\final\FINAL_20261010_01_resume_01\children\F06_91003_P08\pair.lock.json
final,F06,91004,F06:91004:DIA01,M_EVENT_16,R6,0.9743456699644125,1.0002493045753318,0.9981664962238769,C:\Users\zhangjiacheng\Desktop\zjc\小论文\投稿准备\后续研究_20261008\S1\artifacts\final\FINAL_20261010_01_resume_01\children\F06_91004_DIA01\pair.lock.json
final,F06,91004,F06:91004:DIA02,M_FIXED_128,R6,0.9669370483290276,1.0480967074654566,1.0416058051517179,C:\Users\zhangjiacheng\Desktop\zjc\小论文\投稿准备\后续研究_20261008\S1\artifacts\final\FINAL_20261010_01_resume_01\children\F06_91004_DIA02\pair.lock.json
final,F06,91004,F06:91004:P01,Original,M_LIST,2.7736261962346833,0.9969587867738862,1.0030488791525864,C:\Users\zhangjiacheng\Desktop\zjc\小论文\投稿准备\后续研究_20261008\S1\artifacts\final\FINAL_20261010_01_resume_01\children\F06_91004_P01\pair.lock.json
final,F06,91004,F06:91004:P02,M_LIST,M_OBSERVE_LIST,1.0483379343581025,0.9982357254882885,0.9986501347229311,C:\Users\zhangjiacheng\Desktop\zjc\小论文\投稿准备\后续研究_20261008\S1\artifacts\final\FINAL_20261010_01_resume_01\children\F06_91004_P02\pair.lock.json
final,F06,91004,F06:91004:P03,M_LIST,R6,0.9161580283444891,0.10479658168919999,0.11244695394429194,C:\Users\zhangjiacheng\Desktop\zjc\小论文\投稿准备\后续研究_20261008\S1\artifacts\final\FINAL_20261010_01_resume_01\children\F06_91004_P03\pair.lock.json
final,F06,91004,F06:91004:P04,M_OBSERVE_LIST,R6,0.9435573213089168,0.10783768648125225,0.11549174138109224,C:\Users\zhangjiacheng\Desktop\zjc\小论文\投稿准备\后续研究_20261008\S1\artifacts\final\FINAL_20261010_01_resume_01\children\F06_91004_P04\pair.lock.json
final,F06,91004,F06:91004:P05,Original,R6,2.661140789245181,0.11002511163004028,0.11892232970617529,C:\Users\zhangjiacheng\Desktop\zjc\小论文\投稿准备\后续研究_20261008\S1\artifacts\final\FINAL_20261010_01_resume_01\children\F06_91004_P05\pair.lock.json
final,F06,91004,F06:91004:P06,M_EVENT_16,R6,0.9788250310566701,1.0024811047295161,1.000739862670284,C:\Users\zhangjiacheng\Desktop\zjc\小论文\投稿准备\后续研究_20261008\S1\artifacts\final\FINAL_20261010_01_resume_01\children\F06_91004_P06\pair.lock.json
final,F06,91004,F06:91004:P07,M_FIXED_2048,R6,1.022660409889923,1.0187042767670909,1.01904400267213,C:\Users\zhangjiacheng\Desktop\zjc\小论文\投稿准备\后续研究_20261008\S1\artifacts\final\FINAL_20261010_01_resume_01\children\F06_91004_P07\pair.lock.json
final,F06,91004,F06:91004:P08,M_NO_IDLE,R6,0.9820278924899045,1.0072606621589213,1.0053885884494362,C:\Users\zhangjiacheng\Desktop\zjc\小论文\投稿准备\后续研究_20261008\S1\artifacts\final\FINAL_20261010_01_resume_01\children\F06_91004_P08\pair.lock.json
final,F06,91005,F06:91005:DIA01,M_EVENT_16,R6,0.9716378232158753,1.0526101542904729,1.0464927350686748,C:\Users\zhangjiacheng\Desktop\zjc\小论文\投稿准备\后续研究_20261008\S1\artifacts\final\FINAL_20261010_01_resume_01\children\F06_91005_DIA01\pair.lock.json
final,F06,91005,F06:91005:DIA02,M_FIXED_128,R6,0.9650531849219789,0.9987763567720122,0.996217128323276,C:\Users\zhangjiacheng\Desktop\zjc\小论文\投稿准备\后续研究_20261008\S1\artifacts\final\FINAL_20261010_01_resume_01\children\F06_91005_DIA02\pair.lock.json
final,F06,91005,F06:91005:P01,Original,M_LIST,2.5263721040720126,0.9864477053125571,0.9916846047194523,C:\Users\zhangjiacheng\Desktop\zjc\小论文\投稿准备\后续研究_20261008\S1\artifacts\final\FINAL_20261010_01_resume_01\children\F06_91005_P01\pair.lock.json
final,F06,91005,F06:91005:P02,M_LIST,M_OBSERVE_LIST,1.020682205769289,0.9988428062089417,0.9990528391109138,C:\Users\zhangjiacheng\Desktop\zjc\小论文\投稿准备\后续研究_20261008\S1\artifacts\final\FINAL_20261010_01_resume_01\children\F06_91005_P02\pair.lock.json
final,F06,91005,F06:91005:P03,M_LIST,R6,0.9625944770461896,0.10496158302023895,0.11257017108662443,C:\Users\zhangjiacheng\Desktop\zjc\小论文\投稿准备\后续研究_20261008\S1\artifacts\final\FINAL_20261010_01_resume_01\children\F06_91005_P03\pair.lock.json
final,F06,91005,F06:91005:P04,M_OBSERVE_LIST,R6,1.1031513896756522,0.10592099688101164,0.11414389137907702,C:\Users\zhangjiacheng\Desktop\zjc\小论文\投稿准备\后续研究_20261008\S1\artifacts\final\FINAL_20261010_01_resume_01\children\F06_91005_P04\pair.lock.json
final,F06,91005,F06:91005:P05,Original,R6,2.7544491359616536,0.10358248997293058,0.1124112327893653,C:\Users\zhangjiacheng\Desktop\zjc\小论文\投稿准备\后续研究_20261008\S1\artifacts\final\FINAL_20261010_01_resume_01\children\F06_91005_P05\pair.lock.json
final,F06,91005,F06:91005:P06,M_EVENT_16,R6,1.0064752897462765,1.0424155618055329,1.0397018225956636,C:\Users\zhangjiacheng\Desktop\zjc\小论文\投稿准备\后续研究_20261008\S1\artifacts\final\FINAL_20261010_01_resume_01\children\F06_91005_P06\pair.lock.json
final,F06,91005,F06:91005:P07,M_FIXED_2048,R6,1.1496705886143248,1.0370612627656535,1.0457235289662161,C:\Users\zhangjiacheng\Desktop\zjc\小论文\投稿准备\后续研究_20261008\S1\artifacts\final\FINAL_20261010_01_resume_01\children\F06_91005_P07\pair.lock.json
final,F06,91005,F06:91005:P08,M_NO_IDLE,R6,0.9863756737528913,1.021424711507443,1.0185534311896571,C:\Users\zhangjiacheng\Desktop\zjc\小论文\投稿准备\后续研究_20261008\S1\artifacts\final\FINAL_20261010_01_resume_01\children\F06_91005_P08\pair.lock.json
final,F06,91006,F06:91006:DIA01,M_EVENT_16,R6,0.9791631195548754,1.0266756385144187,1.0222389654806003,C:\Users\zhangjiacheng\Desktop\zjc\小论文\投稿准备\后续研究_20261008\S1\artifacts\final\FINAL_20261010_01_resume_01\children\F06_91006_DIA01\pair.lock.json
final,F06,91006,F06:91006:DIA02,M_FIXED_128,R6,0.8603881828130115,1.026962788334721,1.0116890495831117,C:\Users\zhangjiacheng\Desktop\zjc\小论文\投稿准备\后续研究_20261008\S1\artifacts\final\FINAL_20261010_01_resume_01\children\F06_91006_DIA02\pair.lock.json
final,F06,91006,F06:91006:P01,Original,M_LIST,2.5112930423833872,0.989617888427145,0.9956190315678121,C:\Users\zhangjiacheng\Desktop\zjc\小论文\投稿准备\后续研究_20261008\S1\artifacts\final\FINAL_20261010_01_resume_01\children\F06_91006_P01\pair.lock.json
final,F06,91006,F06:91006:P02,M_LIST,M_OBSERVE_LIST,0.9957980973223596,1.002263338786621,1.0021817035386194,C:\Users\zhangjiacheng\Desktop\zjc\小论文\投稿准备\后续研究_20261008\S1\artifacts\final\FINAL_20261010_01_resume_01\children\F06_91006_P02\pair.lock.json
final,F06,91006,F06:91006:P03,M_LIST,R6,1.211202701867528,0.10785563256060175,0.11846814548430541,C:\Users\zhangjiacheng\Desktop\zjc\小论文\投稿准备\后续研究_20261008\S1\artifacts\final\FINAL_20261010_01_resume_01\children\F06_91006_P03\pair.lock.json
final,F06,91006,F06:91006:P04,M_OBSERVE_LIST,R6,1.0875733773227323,0.10862025070071417,0.11790043236828533,C:\Users\zhangjiacheng\Desktop\zjc\小论文\投稿准备\后续研究_20261008\S1\artifacts\final\FINAL_20261010_01_resume_01\children\F06_91006_P04\pair.lock.json
final,F06,91006,F06:91006:P05,Original,R6,2.6391854842166116,0.1083611039297223,0.11974661075020342,C:\Users\zhangjiacheng\Desktop\zjc\小论文\投稿准备\后续研究_20261008\S1\artifacts\final\FINAL_20261010_01_resume_01\children\F06_91006_P05\pair.lock.json
final,F06,91006,F06:91006:P06,M_EVENT_16,R6,1.0275025005199978,1.0228495045221093,1.0233752999498467,C:\Users\zhangjiacheng\Desktop\zjc\小论文\投稿准备\后续研究_20261008\S1\artifacts\final\FINAL_20261010_01_resume_01\children\F06_91006_P06\pair.lock.json
final,F06,91006,F06:91006:P07,M_FIXED_2048,R6,1.0347483777445994,1.0289538572268826,1.0306704685729262,C:\Users\zhangjiacheng\Desktop\zjc\小论文\投稿准备\后续研究_20261008\S1\artifacts\final\FINAL_20261010_01_resume_01\children\F06_91006_P07\pair.lock.json
final,F06,91006,F06:91006:P08,M_NO_IDLE,R6,0.8953643025071052,0.967677572501302,0.9614640837451327,C:\Users\zhangjiacheng\Desktop\zjc\小论文\投稿准备\后续研究_20261008\S1\artifacts\final\FINAL_20261010_01_resume_01\children\F06_91006_P08\pair.lock.json
final,F06,91007,F06:91007:DIA01,M_EVENT_16,R6,1.0060451556185812,1.0172125045332499,1.0162410295350253,C:\Users\zhangjiacheng\Desktop\zjc\小论文\投稿准备\后续研究_20261008\S1\artifacts\final\FINAL_20261010_01_resume_01\children\F06_91007_DIA01\pair.lock.json
final,F06,91007,F06:91007:DIA02,M_FIXED_128,R6,0.9669426632509399,1.0221442959298077,1.01765194880048,C:\Users\zhangjiacheng\Desktop\zjc\小论文\投稿准备\后续研究_20261008\S1\artifacts\final\FINAL_20261010_01_resume_01\children\F06_91007_DIA02\pair.lock.json
final,F06,91007,F06:91007:P01,Original,M_LIST,2.4165655943985147,0.9962098824559782,1.0014680741567472,C:\Users\zhangjiacheng\Desktop\zjc\小论文\投稿准备\后续研究_20261008\S1\artifacts\final\FINAL_20261010_01_resume_01\children\F06_91007_P01\pair.lock.json
final,F06,91007,F06:91007:P02,M_LIST,M_OBSERVE_LIST,1.0810081766384614,0.9850751283505059,0.9858618768319646,C:\Users\zhangjiacheng\Desktop\zjc\小论文\投稿准备\后续研究_20261008\S1\artifacts\final\FINAL_20261010_01_resume_01\children\F06_91007_P02\pair.lock.json
final,F06,91007,F06:91007:P03,M_LIST,R6,0.9184597415037062,0.10904430698377048,0.11668996527181906,C:\Users\zhangjiacheng\Desktop\zjc\小论文\投稿准备\后续研究_20261008\S1\artifacts\final\FINAL_20261010_01_resume_01\children\F06_91007_P03\pair.lock.json
final,F06,91007,F06:91007:P04,M_OBSERVE_LIST,R6,1.0540485515270508,0.10543373322222825,0.11378233230501762,C:\Users\zhangjiacheng\Desktop\zjc\小论文\投稿准备\后续研究_20261008\S1\artifacts\final\FINAL_20261010_01_resume_01\children\F06_91007_P04\pair.lock.json
final,F06,91007,F06:91007:P05,Original,R6,2.1562810256335174,0.10243679143225308,0.11034627331565978,C:\Users\zhangjiacheng\Desktop\zjc\小论文\投稿准备\后续研究_20261008\S1\artifacts\final\FINAL_20261010_01_resume_01\children\F06_91007_P05\pair.lock.json
final,F06,91007,F06:91007:P06,M_EVENT_16,R6,0.8128266270189944,0.9950786691574193,0.9774437679309298,C:\Users\zhangjiacheng\Desktop\zjc\小论文\投稿准备\后续研究_20261008\S1\artifacts\final\FINAL_20261010_01_resume_01\children\F06_91007_P06\pair.lock.json
final,F06,91007,F06:91007:P07,M_FIXED_2048,R6,1.2534836250054022,1.012588534012642,1.0322704096815216,C:\Users\zhangjiacheng\Desktop\zjc\小论文\投稿准备\后续研究_20261008\S1\artifacts\final\FINAL_20261010_01_resume_01\children\F06_91007_P07\pair.lock.json
final,F06,91007,F06:91007:P08,M_NO_IDLE,R6,1.0360676194961915,1.0241125847509651,1.0248943206585845,C:\Users\zhangjiacheng\Desktop\zjc\小论文\投稿准备\后续研究_20261008\S1\artifacts\final\FINAL_20261010_01_resume_01\children\F06_91007_P08\pair.lock.json
final,F06,91008,F06:91008:DIA01,M_EVENT_16,R6,0.949051029016271,1.0045840468427962,0.9998252669020071,C:\Users\zhangjiacheng\Desktop\zjc\小论文\投稿准备\后续研究_20261008\S1\artifacts\final\FINAL_20261010_01_resume_01\children\F06_91008_DIA01\pair.lock.json
final,F06,91008,F06:91008:DIA02,M_FIXED_128,R6,1.0291587359640189,0.9636476126838496,0.9683105706296913,C:\Users\zhangjiacheng\Desktop\zjc\小论文\投稿准备\后续研究_20261008\S1\artifacts\final\FINAL_20261010_01_resume_01\children\F06_91008_DIA02\pair.lock.json
final,F06,91008,F06:91008:P01,Original,M_LIST,2.7105108740442705,0.9883990047396086,0.9947909200324735,C:\Users\zhangjiacheng\Desktop\zjc\小论文\投稿准备\后续研究_20261008\S1\artifacts\final\FINAL_20261010_01_resume_01\children\F06_91008_P01\pair.lock.json
final,F06,91008,F06:91008:P02,M_LIST,M_OBSERVE_LIST,0.947290830693518,1.005021388917627,1.0045198001281366,C:\Users\zhangjiacheng\Desktop\zjc\小论文\投稿准备\后续研究_20261008\S1\artifacts\final\FINAL_20261010_01_resume_01\children\F06_91008_P02\pair.lock.json
final,F06,91008,F06:91008:P03,M_LIST,R6,0.9340577179097754,0.10601977326144954,0.11355130089561001,C:\Users\zhangjiacheng\Desktop\zjc\小论文\投稿准备\后续研究_20261008\S1\artifacts\final\FINAL_20261010_01_resume_01\children\F06_91008_P03\pair.lock.json
final,F06,91008,F06:91008:P04,M_OBSERVE_LIST,R6,1.0636179968591566,0.10542435604083197,0.1134798066551041,C:\Users\zhangjiacheng\Desktop\zjc\小论文\投稿准备\后续研究_20261008\S1\artifacts\final\FINAL_20261010_01_resume_01\children\F06_91008_P04\pair.lock.json
final,F06,91008,F06:91008:P05,Original,R6,2.500065414737625,0.10532666767944335,0.11411708396566292,C:\Users\zhangjiacheng\Desktop\zjc\小论文\投稿准备\后续研究_20261008\S1\artifacts\final\FINAL_20261010_01_resume_01\children\F06_91008_P05\pair.lock.json
final,F06,91008,F06:91008:P06,M_EVENT_16,R6,1.1746274948133364,1.233257813127074,1.2302417146344184,C:\Users\zhangjiacheng\Desktop\zjc\小论文\投稿准备\后续研究_20261008\S1\artifacts\final\FINAL_20261010_01_resume_01\children\F06_91008_P06\pair.lock.json
final,F06,91008,F06:91008:P07,M_FIXED_2048,R6,0.9563544015181701,1.0226901307805893,1.0171569322350649,C:\Users\zhangjiacheng\Desktop\zjc\小论文\投稿准备\后续研究_20261008\S1\artifacts\final\FINAL_20261010_01_resume_01\children\F06_91008_P07\pair.lock.json
final,F06,91008,F06:91008:P08,M_NO_IDLE,R6,0.9542534121816867,0.9948700192960864,0.991605145984307,C:\Users\zhangjiacheng\Desktop\zjc\小论文\投稿准备\后续研究_20261008\S1\artifacts\final\FINAL_20261010_01_resume_01\children\F06_91008_P08\pair.lock.json
final,F06,91009,F06:91009:DIA01,M_EVENT_16,R6,1.043138463319103,1.0147354466265424,1.017094659292291,C:\Users\zhangjiacheng\Desktop\zjc\小论文\投稿准备\后续研究_20261008\S1\artifacts\final\FINAL_20261010_01_resume_01\children\F06_91009_DIA01\pair.lock.json
final,F06,91009,F06:91009:DIA02,M_FIXED_128,R6,1.0814205239619818,1.017838086909873,1.0226256232972906,C:\Users\zhangjiacheng\Desktop\zjc\小论文\投稿准备\后续研究_20261008\S1\artifacts\final\FINAL_20261010_01_resume_01\children\F06_91009_DIA02\pair.lock.json
final,F06,91009,F06:91009:P01,Original,M_LIST,2.6931026702537766,0.9928562525726837,0.9986515205257491,C:\Users\zhangjiacheng\Desktop\zjc\小论文\投稿准备\后续研究_20261008\S1\artifacts\final\FINAL_20261010_01_resume_01\children\F06_91009_P01\pair.lock.json
final,F06,91009,F06:91009:P02,M_LIST,M_OBSERVE_LIST,1.011681088768484,0.9933565591472425,0.9935131028455938,C:\Users\zhangjiacheng\Desktop\zjc\小论文\投稿准备\后续研究_20261008\S1\artifacts\final\FINAL_20261010_01_resume_01\children\F06_91009_P02\pair.lock.json
final,F06,91009,F06:91009:P03,M_LIST,R6,0.847044146928891,0.10653457119187665,0.11405148403722598,C:\Users\zhangjiacheng\Desktop\zjc\小论文\投稿准备\后续研究_20261008\S1\artifacts\final\FINAL_20261010_01_resume_01\children\F06_91009_P03\pair.lock.json
final,F06,91009,F06:91009:P04,M_OBSERVE_LIST,R6,1.0968058612202463,0.10720220083193494,0.11597131631066993,C:\Users\zhangjiacheng\Desktop\zjc\小论文\投稿准备\后续研究_20261008\S1\artifacts\final\FINAL_20261010_01_resume_01\children\F06_91009_P04\pair.lock.json
final,F06,91009,F06:91009:P05,Original,R6,2.616433012909339,0.10483397786315202,0.11428569274848893,C:\Users\zhangjiacheng\Desktop\zjc\小论文\投稿准备\后续研究_20261008\S1\artifacts\final\FINAL_20261010_01_resume_01\children\F06_91009_P05\pair.lock.json
final,F06,91009,F06:91009:P06,M_EVENT_16,R6,1.1993748757516587,1.0223253677870137,1.0356916453234366,C:\Users\zhangjiacheng\Desktop\zjc\小论文\投稿准备\后续研究_20261008\S1\artifacts\final\FINAL_20261010_01_resume_01\children\F06_91009_P06\pair.lock.json
final,F06,91009,F06:91009:P07,M_FIXED_2048,R6,0.9224133952319875,1.0120528947157432,1.0047811627501377,C:\Users\zhangjiacheng\Desktop\zjc\小论文\投稿准备\后续研究_20261008\S1\artifacts\final\FINAL_20261010_01_resume_01\children\F06_91009_P07\pair.lock.json
final,F06,91009,F06:91009:P08,M_NO_IDLE,R6,0.9914207360174173,1.0181449909933935,1.016012374357285,C:\Users\zhangjiacheng\Desktop\zjc\小论文\投稿准备\后续研究_20261008\S1\artifacts\final\FINAL_20261010_01_resume_01\children\F06_91009_P08\pair.lock.json
final,F06,91010,F06:91010:DIA01,M_EVENT_16,R6,0.9280398828407552,0.9754822724620948,0.9716959509607229,C:\Users\zhangjiacheng\Desktop\zjc\小论文\投稿准备\后续研究_20261008\S1\artifacts\final\FINAL_20261010_01_resume_01\children\F06_91010_DIA01\pair.lock.json
final,F06,91010,F06:91010:DIA02,M_FIXED_128,R6,0.9879422870526477,1.015980752923017,1.0136731583930512,C:\Users\zhangjiacheng\Desktop\zjc\小论文\投稿准备\后续研究_20261008\S1\artifacts\final\FINAL_20261010_01_resume_01\children\F06_91010_DIA02\pair.lock.json
final,F06,91010,F06:91010:P01,Original,M_LIST,2.3503483207712974,0.9904919928238579,0.9951873451870651,C:\Users\zhangjiacheng\Desktop\zjc\小论文\投稿准备\后续研究_20261008\S1\artifacts\final\FINAL_20261010_01_resume_01\children\F06_91010_P01\pair.lock.json
final,F06,91010,F06:91010:P02,M_LIST,M_OBSERVE_LIST,0.966305679683685,0.7176753133167292,0.7189997438750828,C:\Users\zhangjiacheng\Desktop\zjc\小论文\投稿准备\后续研究_20261008\S1\artifacts\final\FINAL_20261010_01_resume_01\children\F06_91010_P02\pair.lock.json
final,F06,91010,F06:91010:P03,M_LIST,R6,1.1444967697778927,0.11285290258658724,0.12177906015886426,C:\Users\zhangjiacheng\Desktop\zjc\小论文\投稿准备\后续研究_20261008\S1\artifacts\final\FINAL_20261010_01_resume_01\children\F06_91010_P03\pair.lock.json
final,F06,91010,F06:91010:P04,M_OBSERVE_LIST,R6,1.0452059854876388,0.1348488342010077,0.14372795186390971,C:\Users\zhangjiacheng\Desktop\zjc\小论文\投稿准备\后续研究_20261008\S1\artifacts\final\FINAL_20261010_01_resume_01\children\F06_91010_P04\pair.lock.json
final,F06,91010,F06:91010:P05,Original,R6,2.53944380302594,0.10573603521982541,0.11543290380857461,C:\Users\zhangjiacheng\Desktop\zjc\小论文\投稿准备\后续研究_20261008\S1\artifacts\final\FINAL_20261010_01_resume_01\children\F06_91010_P05\pair.lock.json
final,F06,91010,F06:91010:P06,M_EVENT_16,R6,0.9389502716983849,1.0071374567656053,1.0008578771647347,C:\Users\zhangjiacheng\Desktop\zjc\小论文\投稿准备\后续研究_20261008\S1\artifacts\final\FINAL_20261010_01_resume_01\children\F06_91010_P06\pair.lock.json
final,F06,91010,F06:91010:P07,M_FIXED_2048,R6,1.023269599255202,1.0389693488243588,1.0375457695110915,C:\Users\zhangjiacheng\Desktop\zjc\小论文\投稿准备\后续研究_20261008\S1\artifacts\final\FINAL_20261010_01_resume_01\children\F06_91010_P07\pair.lock.json
final,F06,91010,F06:91010:P08,M_NO_IDLE,R6,1.0665116282780165,1.0340137541866259,1.0368809565236827,C:\Users\zhangjiacheng\Desktop\zjc\小论文\投稿准备\后续研究_20261008\S1\artifacts\final\FINAL_20261010_01_resume_01\children\F06_91010_P08\pair.lock.json
final,F07,91001,F07:91001:DIA01,M_EVENT_16,R6,0.8144242314356345,0.9041905405483142,0.9009336735249786,C:\Users\zhangjiacheng\Desktop\zjc\小论文\投稿准备\后续研究_20261008\S1\artifacts\final\FINAL_20261010_01_resume_01\children\F07_91001_DIA01\pair.lock.json
final,F07,91001,F07:91001:DIA02,M_FIXED_128,R6,0.9014736533184141,1.0180120606418048,1.0134816104950157,C:\Users\zhangjiacheng\Desktop\zjc\小论文\投稿准备\后续研究_20261008\S1\artifacts\final\FINAL_20261010_01_resume_01\children\F07_91001_DIA02\pair.lock.json
final,F07,91001,F07:91001:P01,Original,M_LIST,2.014108530517707,0.9909378295925039,0.9934494959561643,C:\Users\zhangjiacheng\Desktop\zjc\小论文\投稿准备\后续研究_20261008\S1\artifacts\final\FINAL_20261010_01_resume_01\children\F07_91001_P01\pair.lock.json
final,F07,91001,F07:91001:P02,M_LIST,M_OBSERVE_LIST,0.9911790958811211,1.2405868980554033,1.2394265231868538,C:\Users\zhangjiacheng\Desktop\zjc\小论文\投稿准备\后续研究_20261008\S1\artifacts\final\FINAL_20261010_01_resume_01\children\F07_91001_P02\pair.lock.json
final,F07,91001,F07:91001:P03,M_LIST,R6,0.9020784100873537,0.13707799973346307,0.1406161431446613,C:\Users\zhangjiacheng\Desktop\zjc\小论文\投稿准备\后续研究_20261008\S1\artifacts\final\FINAL_20261010_01_resume_01\children\F07_91001_P03\pair.lock.json
final,F07,91001,F07:91001:P04,M_OBSERVE_LIST,R6,0.9650247678386465,0.10841775342460781,0.11141679769008367,C:\Users\zhangjiacheng\Desktop\zjc\小论文\投稿准备\后续研究_20261008\S1\artifacts\final\FINAL_20261010_01_resume_01\children\F07_91001_P04\pair.lock.json
final,F07,91001,F07:91001:P05,Original,R6,2.7335614109836155,0.13935862969172777,0.14393515350603092,C:\Users\zhangjiacheng\Desktop\zjc\小论文\投稿准备\后续研究_20261008\S1\artifacts\final\FINAL_20261010_01_resume_01\children\F07_91001_P05\pair.lock.json
final,F07,91001,F07:91001:P06,M_EVENT_16,R6,0.9227790519174026,1.0252694646515652,1.0219076568236045,C:\Users\zhangjiacheng\Desktop\zjc\小论文\投稿准备\后续研究_20261008\S1\artifacts\final\FINAL_20261010_01_resume_01\children\F07_91001_P06\pair.lock.json
final,F07,91001,F07:91001:P07,M_FIXED_2048,R6,0.9532250179204456,1.015922186622457,1.014002649716342,C:\Users\zhangjiacheng\Desktop\zjc\小论文\投稿准备\后续研究_20261008\S1\artifacts\final\FINAL_20261010_01_resume_01\children\F07_91001_P07\pair.lock.json
final,F07,91001,F07:91001:P08,M_NO_IDLE,R6,1.0634963196073934,1.0162148165881961,1.0177082593936788,C:\Users\zhangjiacheng\Desktop\zjc\小论文\投稿准备\后续研究_20261008\S1\artifacts\final\FINAL_20261010_01_resume_01\children\F07_91001_P08\pair.lock.json
final,F07,91002,F07:91002:DIA01,M_EVENT_16,R6,1.0374513432712351,1.0096146645737523,1.01048055544878,C:\Users\zhangjiacheng\Desktop\zjc\小论文\投稿准备\后续研究_20261008\S1\artifacts\final\FINAL_20261010_01_resume_01\children\F07_91002_DIA01\pair.lock.json
final,F07,91002,F07:91002:DIA02,M_FIXED_128,R6,0.9892639304516708,0.9686344847594317,0.9692614751830032,C:\Users\zhangjiacheng\Desktop\zjc\小论文\投稿准备\后续研究_20261008\S1\artifacts\final\FINAL_20261010_01_resume_01\children\F07_91002_DIA02\pair.lock.json
final,F07,91002,F07:91002:P01,Original,M_LIST,2.460222624857316,0.9962154363757325,0.9988555437309722,C:\Users\zhangjiacheng\Desktop\zjc\小论文\投稿准备\后续研究_20261008\S1\artifacts\final\FINAL_20261010_01_resume_01\children\F07_91002_P01\pair.lock.json
final,F07,91002,F07:91002:P02,M_LIST,M_OBSERVE_LIST,1.035077805335818,1.2774842036889555,1.276447267020728,C:\Users\zhangjiacheng\Desktop\zjc\小论文\投稿准备\后续研究_20261008\S1\artifacts\final\FINAL_20261010_01_resume_01\children\F07_91002_P02\pair.lock.json
final,F07,91002,F07:91002:P03,M_LIST,R6,0.9560842931912487,0.1384833022608509,0.14223091948536892,C:\Users\zhangjiacheng\Desktop\zjc\小论文\投稿准备\后续研究_20261008\S1\artifacts\final\FINAL_20261010_01_resume_01\children\F07_91002_P03\pair.lock.json
final,F07,91002,F07:91002:P04,M_OBSERVE_LIST,R6,1.0326530909970826,0.10925931183527383,0.11238526809682066,C:\Users\zhangjiacheng\Desktop\zjc\小论文\投稿准备\后续研究_20261008\S1\artifacts\final\FINAL_20261010_01_resume_01\children\F07_91002_P04\pair.lock.json
final,F07,91002,F07:91002:P05,Original,R6,2.5467184941163237,0.13514732253392733,0.13938434357218374,C:\Users\zhangjiacheng\Desktop\zjc\小论文\投稿准备\后续研究_20261008\S1\artifacts\final\FINAL_20261010_01_resume_01\children\F07_91002_P05\pair.lock.json
final,F07,91002,F07:91002:P06,M_EVENT_16,R6,1.0457555881925016,1.0105159693001848,1.0116287856990156,C:\Users\zhangjiacheng\Desktop\zjc\小论文\投稿准备\后续研究_20261008\S1\artifacts\final\FINAL_20261010_01_resume_01\children\F07_91002_P06\pair.lock.json
final,F07,91002,F07:91002:P07,M_FIXED_2048,R6,0.9835164648568807,1.0163967920350006,1.015564963899196,C:\Users\zhangjiacheng\Desktop\zjc\小论文\投稿准备\后续研究_20261008\S1\artifacts\final\FINAL_20261010_01_resume_01\children\F07_91002_P07\pair.lock.json
final,F07,91002,F07:91002:P08,M_NO_IDLE,R6,0.9585100893892451,1.0134084826715262,1.0113694224963397,C:\Users\zhangjiacheng\Desktop\zjc\小论文\投稿准备\后续研究_20261008\S1\artifacts\final\FINAL_20261010_01_resume_01\children\F07_91002_P08\pair.lock.json
final,F07,91003,F07:91003:DIA01,M_EVENT_16,R6,0.9723514459051222,0.9921513988055225,0.9915086268066332,C:\Users\zhangjiacheng\Desktop\zjc\小论文\投稿准备\后续研究_20261008\S1\artifacts\final\FINAL_20261010_01_resume_01\children\F07_91003_DIA01\pair.lock.json
final,F07,91003,F07:91003:DIA02,M_FIXED_128,R6,0.9925268585742254,0.9804754979597018,0.98086010210765,C:\Users\zhangjiacheng\Desktop\zjc\小论文\投稿准备\后续研究_20261008\S1\artifacts\final\FINAL_20261010_01_resume_01\children\F07_91003_DIA02\pair.lock.json
final,F07,91003,F07:91003:P01,Original,M_LIST,2.806441956287137,1.004609414507234,1.007509996795171,C:\Users\zhangjiacheng\Desktop\zjc\小论文\投稿准备\后续研究_20261008\S1\artifacts\final\FINAL_20261010_01_resume_01\children\F07_91003_P01\pair.lock.json
final,F07,91003,F07:91003:P02,M_LIST,M_OBSERVE_LIST,1.0010119321809676,1.2834692894801611,1.2822211879211587,C:\Users\zhangjiacheng\Desktop\zjc\小论文\投稿准备\后续研究_20261008\S1\artifacts\final\FINAL_20261010_01_resume_01\children\F07_91003_P02\pair.lock.json
final,F07,91003,F07:91003:P03,M_LIST,R6,1.140081851240277,0.13756553954879558,0.14190324344281263,C:\Users\zhangjiacheng\Desktop\zjc\小论文\投稿准备\后续研究_20261008\S1\artifacts\final\FINAL_20261010_01_resume_01\children\F07_91003_P03\pair.lock.json
final,F07,91003,F07:91003:P04,M_OBSERVE_LIST,R6,0.957802848223697,0.10602149519306807,0.10912474431328847,C:\Users\zhangjiacheng\Desktop\zjc\小论文\投稿准备\后续研究_20261008\S1\artifacts\final\FINAL_20261010_01_resume_01\children\F07_91003_P04\pair.lock.json
final,F07,91003,F07:91003:P05,Original,R6,2.3832605453824365,0.13531468519157758,0.13941544342931295,C:\Users\zhangjiacheng\Desktop\zjc\小论文\投稿准备\后续研究_20261008\S1\artifacts\final\FINAL_20261010_01_resume_01\children\F07_91003_P05\pair.lock.json
final,F07,91003,F07:91003:P06,M_EVENT_16,R6,1.0237149619142427,1.0006827914096839,1.001413806854054,C:\Users\zhangjiacheng\Desktop\zjc\小论文\投稿准备\后续研究_20261008\S1\artifacts\final\FINAL_20261010_01_resume_01\children\F07_91003_P06\pair.lock.json
final,F07,91003,F07:91003:P07,M_FIXED_2048,R6,0.9226474014838464,1.0074754399414014,1.0045361697543167,C:\Users\zhangjiacheng\Desktop\zjc\小论文\投稿准备\后续研究_20261008\S1\artifacts\final\FINAL_20261010_01_resume_01\children\F07_91003_P07\pair.lock.json
final,F07,91003,F07:91003:P08,M_NO_IDLE,R6,1.0784132430607913,0.9908793380231773,0.9937837961139209,C:\Users\zhangjiacheng\Desktop\zjc\小论文\投稿准备\后续研究_20261008\S1\artifacts\final\FINAL_20261010_01_resume_01\children\F07_91003_P08\pair.lock.json
final,F07,91004,F07:91004:DIA01,M_EVENT_16,R6,0.918366783754846,0.9962670013463508,0.9937402307866625,C:\Users\zhangjiacheng\Desktop\zjc\小论文\投稿准备\后续研究_20261008\S1\artifacts\final\FINAL_20261010_01_resume_01\children\F07_91004_DIA01\pair.lock.json
final,F07,91004,F07:91004:DIA02,M_FIXED_128,R6,1.0511178691090173,0.9999736941729973,1.0015808655811596,C:\Users\zhangjiacheng\Desktop\zjc\小论文\投稿准备\后续研究_20261008\S1\artifacts\final\FINAL_20261010_01_resume_01\children\F07_91004_DIA02\pair.lock.json
final,F07,91004,F07:91004:P01,Original,M_LIST,2.4661728603238755,0.9920981448905729,0.9950251462412085,C:\Users\zhangjiacheng\Desktop\zjc\小论文\投稿准备\后续研究_20261008\S1\artifacts\final\FINAL_20261010_01_resume_01\children\F07_91004_P01\pair.lock.json
final,F07,91004,F07:91004:P02,M_LIST,M_OBSERVE_LIST,0.9252822917989204,1.2753217443664118,1.273466221177913,C:\Users\zhangjiacheng\Desktop\zjc\小论文\投稿准备\后续研究_20261008\S1\artifacts\final\FINAL_20261010_01_resume_01\children\F07_91004_P02\pair.lock.json
final,F07,91004,F07:91004:P03,M_LIST,R6,1.0469164440448309,0.1380352290068027,0.14228020384051357,C:\Users\zhangjiacheng\Desktop\zjc\小论文\投稿准备\后续研究_20261008\S1\artifacts\final\FINAL_20261010_01_resume_01\children\F07_91004_P03\pair.lock.json
final,F07,91004,F07:91004:P04,M_OBSERVE_LIST,R6,1.0367947216844537,0.10694292045537775,0.11043957967723643,C:\Users\zhangjiacheng\Desktop\zjc\小论文\投稿准备\后续研究_20261008\S1\artifacts\final\FINAL_20261010_01_resume_01\children\F07_91004_P04\pair.lock.json
final,F07,91004,F07:91004:P05,Original,R6,2.4259509825419134,0.13732391831180835,0.1423309645550453,C:\Users\zhangjiacheng\Desktop\zjc\小论文\投稿准备\后续研究_20261008\S1\artifacts\final\FINAL_20261010_01_resume_01\children\F07_91004_P05\pair.lock.json
final,F07,91004,F07:91004:P06,M_EVENT_16,R6,1.0199649720067177,0.9947548827362133,0.9958605108484073,C:\Users\zhangjiacheng\Desktop\zjc\小论文\投稿准备\后续研究_20261008\S1\artifacts\final\FINAL_20261010_01_resume_01\children\F07_91004_P06\pair.lock.json
final,F07,91004,F07:91004:P07,M_FIXED_2048,R6,1.0798431449344905,1.0061480437286856,1.0084908910020702,C:\Users\zhangjiacheng\Desktop\zjc\小论文\投稿准备\后续研究_20261008\S1\artifacts\final\FINAL_20261010_01_resume_01\children\F07_91004_P07\pair.lock.json
final,F07,91004,F07:91004:P08,M_NO_IDLE,R6,0.9691135280129214,0.9969069427948939,0.9959160230005804,C:\Users\zhangjiacheng\Desktop\zjc\小论文\投稿准备\后续研究_20261008\S1\artifacts\final\FINAL_20261010_01_resume_01\children\F07_91004_P08\pair.lock.json
final,F07,91005,F07:91005:DIA01,M_EVENT_16,R6,0.9978407992668473,1.029018011529085,1.0279172217156929,C:\Users\zhangjiacheng\Desktop\zjc\小论文\投稿准备\后续研究_20261008\S1\artifacts\final\FINAL_20261010_01_resume_01\children\F07_91005_DIA01\pair.lock.json
final,F07,91005,F07:91005:DIA02,M_FIXED_128,R6,0.9119719144766528,1.033275786129282,1.028809164481463,C:\Users\zhangjiacheng\Desktop\zjc\小论文\投稿准备\后续研究_20261008\S1\artifacts\final\FINAL_20261010_01_resume_01\children\F07_91005_DIA02\pair.lock.json
final,F07,91005,F07:91005:P01,Original,M_LIST,2.821464628845081,0.9866111712207705,0.9899133215580777,C:\Users\zhangjiacheng\Desktop\zjc\小论文\投稿准备\后续研究_20261008\S1\artifacts\final\FINAL_20261010_01_resume_01\children\F07_91005_P01\pair.lock.json
final,F07,91005,F07:91005:P02,M_LIST,M_OBSERVE_LIST,0.8710629960295093,1.303750099392799,1.3012465272017921,C:\Users\zhangjiacheng\Desktop\zjc\小论文\投稿准备\后续研究_20261008\S1\artifacts\final\FINAL_20261010_01_resume_01\children\F07_91005_P02\pair.lock.json
final,F07,91005,F07:91005:P03,M_LIST,R6,1.1972812444432457,0.15180618361457074,0.15639144069059566,C:\Users\zhangjiacheng\Desktop\zjc\小论文\投稿准备\后续研究_20261008\S1\artifacts\final\FINAL_20261010_01_resume_01\children\F07_91005_P03\pair.lock.json
final,F07,91005,F07:91005:P04,M_OBSERVE_LIST,R6,1.0030922905374555,0.10844915958216106,0.11152698591236676,C:\Users\zhangjiacheng\Desktop\zjc\小论文\投稿准备\后续研究_20261008\S1\artifacts\final\FINAL_20261010_01_resume_01\children\F07_91005_P04\pair.lock.json
final,F07,91005,F07:91005:P05,Original,R6,2.395441819162795,0.1382474431759908,0.14251006788997111,C:\Users\zhangjiacheng\Desktop\zjc\小论文\投稿准备\后续研究_20261008\S1\artifacts\final\FINAL_20261010_01_resume_01\children\F07_91005_P05\pair.lock.json
final,F07,91005,F07:91005:P06,M_EVENT_16,R6,0.985035555511179,1.0185170225394984,1.0174132083494334,C:\Users\zhangjiacheng\Desktop\zjc\小论文\投稿准备\后续研究_20261008\S1\artifacts\final\FINAL_20261010_01_resume_01\children\F07_91005_P06\pair.lock.json
final,F07,91005,F07:91005:P07,M_FIXED_2048,R6,1.0090070619102995,1.0137872894893234,1.0136416408022457,C:\Users\zhangjiacheng\Desktop\zjc\小论文\投稿准备\后续研究_20261008\S1\artifacts\final\FINAL_20261010_01_resume_01\children\F07_91005_P07\pair.lock.json
final,F07,91005,F07:91005:P08,M_NO_IDLE,R6,1.027504987295359,1.020033510435849,1.0202468108626122,C:\Users\zhangjiacheng\Desktop\zjc\小论文\投稿准备\后续研究_20261008\S1\artifacts\final\FINAL_20261010_01_resume_01\children\F07_91005_P08\pair.lock.json
final,F07,91006,F07:91006:DIA01,M_EVENT_16,R6,0.9722913787879996,0.9863742637360917,0.9859448785526331,C:\Users\zhangjiacheng\Desktop\zjc\小论文\投稿准备\后续研究_20261008\S1\artifacts\final\FINAL_20261010_01_resume_01\children\F07_91006_DIA01\pair.lock.json
final,F07,91006,F07:91006:DIA02,M_FIXED_128,R6,0.9003209118697663,1.0046682657197659,1.0006619909935566,C:\Users\zhangjiacheng\Desktop\zjc\小论文\投稿准备\后续研究_20261008\S1\artifacts\final\FINAL_20261010_01_resume_01\children\F07_91006_DIA02\pair.lock.json
final,F07,91006,F07:91006:P01,Original,M_LIST,2.560193915497046,0.989606751808689,0.9926126132809692,C:\Users\zhangjiacheng\Desktop\zjc\小论文\投稿准备\后续研究_20261008\S1\artifacts\final\FINAL_20261010_01_resume_01\children\F07_91006_P01\pair.lock.json
final,F07,91006,F07:91006:P02,M_LIST,M_OBSERVE_LIST,0.9194819766371656,1.2681400492315442,1.2661498262221793,C:\Users\zhangjiacheng\Desktop\zjc\小论文\投稿准备\后续研究_20261008\S1\artifacts\final\FINAL_20261010_01_resume_01\children\F07_91006_P02\pair.lock.json
final,F07,91006,F07:91006:P03,M_LIST,R6,0.8734277104767607,0.13656601562026516,0.1404036438002275,C:\Users\zhangjiacheng\Desktop\zjc\小论文\投稿准备\后续研究_20261008\S1\artifacts\final\FINAL_20261010_01_resume_01\children\F07_91006_P03\pair.lock.json
final,F07,91006,F07:91006:P04,M_OBSERVE_LIST,R6,1.192000482675702,0.11006072838482286,0.11423546270958289,C:\Users\zhangjiacheng\Desktop\zjc\小论文\投稿准备\后续研究_20261008\S1\artifacts\final\FINAL_20261010_01_resume_01\children\F07_91006_P04\pair.lock.json
final,F07,91006,F07:91006:P05,Original,R6,2.825220989511906,0.1399639240850392,0.14479497275829709,C:\Users\zhangjiacheng\Desktop\zjc\小论文\投稿准备\后续研究_20261008\S1\artifacts\final\FINAL_20261010_01_resume_01\children\F07_91006_P05\pair.lock.json
final,F07,91006,F07:91006:P06,M_EVENT_16,R6,1.0559107249033124,1.0148459251577748,1.0161903627098212,C:\Users\zhangjiacheng\Desktop\zjc\小论文\投稿准备\后续研究_20261008\S1\artifacts\final\FINAL_20261010_01_resume_01\children\F07_91006_P06\pair.lock.json
final,F07,91006,F07:91006:P07,M_FIXED_2048,R6,0.9793994485063404,1.0115417439755543,1.0104598564438552,C:\Users\zhangjiacheng\Desktop\zjc\小论文\投稿准备\后续研究_20261008\S1\artifacts\final\FINAL_20261010_01_resume_01\children\F07_91006_P07\pair.lock.json
final,F07,91006,F07:91006:P08,M_NO_IDLE,R6,0.9280844793896585,1.0067693943662968,1.0042341834710518,C:\Users\zhangjiacheng\Desktop\zjc\小论文\投稿准备\后续研究_20261008\S1\artifacts\final\FINAL_20261010_01_resume_01\children\F07_91006_P08\pair.lock.json
final,F07,91007,F07:91007:DIA01,M_EVENT_16,R6,1.022233622571468,0.964245713676445,0.9660597452320495,C:\Users\zhangjiacheng\Desktop\zjc\小论文\投稿准备\后续研究_20261008\S1\artifacts\final\FINAL_20261010_01_resume_01\children\F07_91007_DIA01\pair.lock.json
final,F07,91007,F07:91007:DIA02,M_FIXED_128,R6,0.963997985261272,0.9833169295060071,0.982756905692364,C:\Users\zhangjiacheng\Desktop\zjc\小论文\投稿准备\后续研究_20261008\S1\artifacts\final\FINAL_20261010_01_resume_01\children\F07_91007_DIA02\pair.lock.json
final,F07,91007,F07:91007:P01,Original,M_LIST,2.7158479363322643,0.9926276953704968,0.9956492433079225,C:\Users\zhangjiacheng\Desktop\zjc\小论文\投稿准备\后续研究_20261008\S1\artifacts\final\FINAL_20261010_01_resume_01\children\F07_91007_P01\pair.lock.json
final,F07,91007,F07:91007:P02,M_LIST,M_OBSERVE_LIST,0.9919504118076448,1.2604229296120988,1.2592367107013192,C:\Users\zhangjiacheng\Desktop\zjc\小论文\投稿准备\后续研究_20261008\S1\artifacts\final\FINAL_20261010_01_resume_01\children\F07_91007_P02\pair.lock.json
final,F07,91007,F07:91007:P03,M_LIST,R6,1.0058551486482545,0.13963322049111138,0.1435811325061469,C:\Users\zhangjiacheng\Desktop\zjc\小论文\投稿准备\后续研究_20261008\S1\artifacts\final\FINAL_20261010_01_resume_01\children\F07_91007_P03\pair.lock.json
final,F07,91007,F07:91007:P04,M_OBSERVE_LIST,R6,0.9996935038454926,0.10895371780840205,0.1119879158160393,C:\Users\zhangjiacheng\Desktop\zjc\小论文\投稿准备\后续研究_20261008\S1\artifacts\final\FINAL_20261010_01_resume_01\children\F07_91007_P04\pair.lock.json
final,F07,91007,F07:91007:P05,Original,R6,2.5496548645240034,0.1376723429746757,0.14189001466877602,C:\Users\zhangjiacheng\Desktop\zjc\小论文\投稿准备\后续研究_20261008\S1\artifacts\final\FINAL_20261010_01_resume_01\children\F07_91007_P05\pair.lock.json
final,F07,91007,F07:91007:P06,M_EVENT_16,R6,0.9999543744056766,1.020643620806712,1.0200117229791905,C:\Users\zhangjiacheng\Desktop\zjc\小论文\投稿准备\后续研究_20261008\S1\artifacts\final\FINAL_20261010_01_resume_01\children\F07_91007_P06\pair.lock.json
final,F07,91007,F07:91007:P07,M_FIXED_2048,R6,0.9978895583396002,1.0165566245864142,1.0158599758619329,C:\Users\zhangjiacheng\Desktop\zjc\小论文\投稿准备\后续研究_20261008\S1\artifacts\final\FINAL_20261010_01_resume_01\children\F07_91007_P07\pair.lock.json
final,F07,91007,F07:91007:P08,M_NO_IDLE,R6,0.9391320984020425,1.0461516826654658,1.041981728244064,C:\Users\zhangjiacheng\Desktop\zjc\小论文\投稿准备\后续研究_20261008\S1\artifacts\final\FINAL_20261010_01_resume_01\children\F07_91007_P08\pair.lock.json
final,F07,91008,F07:91008:DIA01,M_EVENT_16,R6,0.9042188276717839,0.8732870496262303,0.8739982380700773,C:\Users\zhangjiacheng\Desktop\zjc\小论文\投稿准备\后续研究_20261008\S1\artifacts\final\FINAL_20261010_01_resume_01\children\F07_91008_DIA01\pair.lock.json
final,F07,91008,F07:91008:DIA02,M_FIXED_128,R6,0.9797209339333206,1.018942411567044,1.0174548577080393,C:\Users\zhangjiacheng\Desktop\zjc\小论文\投稿准备\后续研究_20261008\S1\artifacts\final\FINAL_20261010_01_resume_01\children\F07_91008_DIA02\pair.lock.json
final,F07,91008,F07:91008:P01,Original,M_LIST,2.51663796070998,0.9967863733384389,0.9998905677920907,C:\Users\zhangjiacheng\Desktop\zjc\小论文\投稿准备\后续研究_20261008\S1\artifacts\final\FINAL_20261010_01_resume_01\children\F07_91008_P01\pair.lock.json
final,F07,91008,F07:91008:P02,M_LIST,M_OBSERVE_LIST,1.0101272143840268,1.274861510911925,1.2735714352135175,C:\Users\zhangjiacheng\Desktop\zjc\小论文\投稿准备\后续研究_20261008\S1\artifacts\final\FINAL_20261010_01_resume_01\children\F07_91008_P02\pair.lock.json
final,F07,91008,F07:91008:P03,M_LIST,R6,1.0729657237091814,0.1346179441978307,0.13914416501508414,C:\Users\zhangjiacheng\Desktop\zjc\小论文\投稿准备\后续研究_20261008\S1\artifacts\final\FINAL_20261010_01_resume_01\children\F07_91008_P03\pair.lock.json
final,F07,91008,F07:91008:P04,M_OBSERVE_LIST,R6,0.8938190266406653,0.10810479715270495,0.11141964158063282,C:\Users\zhangjiacheng\Desktop\zjc\小论文\投稿准备\后续研究_20261008\S1\artifacts\final\FINAL_20261010_01_resume_01\children\F07_91008_P04\pair.lock.json
final,F07,91008,F07:91008:P05,Original,R6,2.8309085688116418,0.1380462285296696,0.14317422422968323,C:\Users\zhangjiacheng\Desktop\zjc\小论文\投稿准备\后续研究_20261008\S1\artifacts\final\FINAL_20261010_01_resume_01\children\F07_91008_P05\pair.lock.json
final,F07,91008,F07:91008:P06,M_EVENT_16,R6,1.0343964644863206,0.9908591882277542,0.9920490693663755,C:\Users\zhangjiacheng\Desktop\zjc\小论文\投稿准备\后续研究_20261008\S1\artifacts\final\FINAL_20261010_01_resume_01\children\F07_91008_P06\pair.lock.json
final,F07,91008,F07:91008:P07,M_FIXED_2048,R6,0.9376079741224159,1.0079919654543306,1.0054900981658899,C:\Users\zhangjiacheng\Desktop\zjc\小论文\投稿准备\后续研究_20261008\S1\artifacts\final\FINAL_20261010_01_resume_01\children\F07_91008_P07\pair.lock.json
final,F07,91008,F07:91008:P08,M_NO_IDLE,R6,1.0551107711720327,0.9830552544348967,0.9855212933174486,C:\Users\zhangjiacheng\Desktop\zjc\小论文\投稿准备\后续研究_20261008\S1\artifacts\final\FINAL_20261010_01_resume_01\children\F07_91008_P08\pair.lock.json
final,F07,91009,F07:91009:DIA01,M_EVENT_16,R6,1.05313548547519,0.996497818225749,0.998411384995811,C:\Users\zhangjiacheng\Desktop\zjc\小论文\投稿准备\后续研究_20261008\S1\artifacts\final\FINAL_20261010_01_resume_01\children\F07_91009_DIA01\pair.lock.json
final,F07,91009,F07:91009:DIA02,M_FIXED_128,R6,1.1311957552701368,0.7996864148813408,0.8084757935270551,C:\Users\zhangjiacheng\Desktop\zjc\小论文\投稿准备\后续研究_20261008\S1\artifacts\final\FINAL_20261010_01_resume_01\children\F07_91009_DIA02\pair.lock.json
final,F07,91009,F07:91009:P01,Original,M_LIST,2.480147564144299,0.9895360220751606,0.9927198788384203,C:\Users\zhangjiacheng\Desktop\zjc\小论文\投稿准备\后续研究_20261008\S1\artifacts\final\FINAL_20261010_01_resume_01\children\F07_91009_P01\pair.lock.json
final,F07,91009,F07:91009:P02,M_LIST,M_OBSERVE_LIST,0.8986373125299573,1.250988656196214,1.2488701438516128,C:\Users\zhangjiacheng\Desktop\zjc\小论文\投稿准备\后续研究_20261008\S1\artifacts\final\FINAL_20261010_01_resume_01\children\F07_91009_P02\pair.lock.json
final,F07,91009,F07:91009:P03,M_LIST,R6,0.8798828553893775,0.14039653559080767,0.1444741324972486,C:\Users\zhangjiacheng\Desktop\zjc\小论文\投稿准备\后续研究_20261008\S1\artifacts\final\FINAL_20261010_01_resume_01\children\F07_91009_P03\pair.lock.json
final,F07,91009,F07:91009:P04,M_OBSERVE_LIST,R6,0.9766441624470108,0.11142543660786704,0.11495496277011766,C:\Users\zhangjiacheng\Desktop\zjc\小论文\投稿准备\后续研究_20261008\S1\artifacts\final\FINAL_20261010_01_resume_01\children\F07_91009_P04\pair.lock.json
final,F07,91009,F07:91009:P05,Original,R6,2.8816170469711966,0.13700832787786885,0.14247634011544225,C:\Users\zhangjiacheng\Desktop\zjc\小论文\投稿准备\后续研究_20261008\S1\artifacts\final\FINAL_20261010_01_resume_01\children\F07_91009_P05\pair.lock.json
final,F07,91009,F07:91009:P06,M_EVENT_16,R6,1.063970442274174,1.005290696864116,1.0072734329553392,C:\Users\zhangjiacheng\Desktop\zjc\小论文\投稿准备\后续研究_20261008\S1\artifacts\final\FINAL_20261010_01_resume_01\children\F07_91009_P06\pair.lock.json
final,F07,91009,F07:91009:P07,M_FIXED_2048,R6,1.0608770058228834,1.0226680099083132,1.0238991014183716,C:\Users\zhangjiacheng\Desktop\zjc\小论文\投稿准备\后续研究_20261008\S1\artifacts\final\FINAL_20261010_01_resume_01\children\F07_91009_P07\pair.lock.json
final,F07,91009,F07:91009:P08,M_NO_IDLE,R6,1.025898853600075,0.993113345353438,0.9942071700177301,C:\Users\zhangjiacheng\Desktop\zjc\小论文\投稿准备\后续研究_20261008\S1\artifacts\final\FINAL_20261010_01_resume_01\children\F07_91009_P08\pair.lock.json
final,F07,91010,F07:91010:DIA01,M_EVENT_16,R6,0.8745541298050522,0.9810375900053477,0.9773945742876313,C:\Users\zhangjiacheng\Desktop\zjc\小论文\投稿准备\后续研究_20261008\S1\artifacts\final\FINAL_20261010_01_resume_01\children\F07_91010_DIA01\pair.lock.json
final,F07,91010,F07:91010:DIA02,M_FIXED_128,R6,0.9662021044324719,0.9913527627465828,0.9905825470129878,C:\Users\zhangjiacheng\Desktop\zjc\小论文\投稿准备\后续研究_20261008\S1\artifacts\final\FINAL_20261010_01_resume_01\children\F07_91010_DIA02\pair.lock.json
final,F07,91010,F07:91010:P01,Original,M_LIST,2.2856139630783567,0.9951907109911162,0.9975819798697377,C:\Users\zhangjiacheng\Desktop\zjc\小论文\投稿准备\后续研究_20261008\S1\artifacts\final\FINAL_20261010_01_resume_01\children\F07_91010_P01\pair.lock.json
final,F07,91010,F07:91010:P02,M_LIST,M_OBSERVE_LIST,1.0095834681798335,1.2678839591228779,1.2668104019983706,C:\Users\zhangjiacheng\Desktop\zjc\小论文\投稿准备\后续研究_20261008\S1\artifacts\final\FINAL_20261010_01_resume_01\children\F07_91010_P02\pair.lock.json
final,F07,91010,F07:91010:P03,M_LIST,R6,0.9642586305253373,0.1402306601484843,0.1441192851323595,C:\Users\zhangjiacheng\Desktop\zjc\小论文\投稿准备\后续研究_20261008\S1\artifacts\final\FINAL_20261010_01_resume_01\children\F07_91010_P03\pair.lock.json
final,F07,91010,F07:91010:P04,M_OBSERVE_LIST,R6,1.0598348541206049,0.1089160104851608,0.11214987683394888,C:\Users\zhangjiacheng\Desktop\zjc\小论文\投稿准备\后续研究_20261008\S1\artifacts\final\FINAL_20261010_01_resume_01\children\F07_91010_P04\pair.lock.json
final,F07,91010,F07:91010:P05,Original,R6,2.3774163887422755,0.13863425303682633,0.14254575951450071,C:\Users\zhangjiacheng\Desktop\zjc\小论文\投稿准备\后续研究_20261008\S1\artifacts\final\FINAL_20261010_01_resume_01\children\F07_91010_P05\pair.lock.json
final,F07,91010,F07:91010:P06,M_EVENT_16,R6,0.9981592154169097,1.0324354824701345,1.031379595839968,C:\Users\zhangjiacheng\Desktop\zjc\小论文\投稿准备\后续研究_20261008\S1\artifacts\final\FINAL_20261010_01_resume_01\children\F07_91010_P06\pair.lock.json
final,F07,91010,F07:91010:P07,M_FIXED_2048,R6,0.9325946327415441,0.9943939569814303,0.9924026592880273,C:\Users\zhangjiacheng\Desktop\zjc\小论文\投稿准备\后续研究_20261008\S1\artifacts\final\FINAL_20261010_01_resume_01\children\F07_91010_P07\pair.lock.json
final,F07,91010,F07:91010:P08,M_NO_IDLE,R6,1.080708027817856,1.0050166876192865,1.0073153877871641,C:\Users\zhangjiacheng\Desktop\zjc\小论文\投稿准备\后续研究_20261008\S1\artifacts\final\FINAL_20261010_01_resume_01\children\F07_91010_P08\pair.lock.json
aa,F01,92001,aa:after:Original:F01:block1,Original,Original,0.912205400042384,0.9984799452304406,0.978854495496852,C:\Users\zhangjiacheng\Desktop\zjc\小论文\投稿准备\后续研究_20261008\S1\artifacts\final\FINAL_20261010_01_resume_01\children\aa_after_Original_F01_block1\pair.lock.json
aa,F01,92001,aa:after:Original:F01:block2,Original,Original,1.2701355583904215,0.9999810256485138,1.057981956762795,C:\Users\zhangjiacheng\Desktop\zjc\小论文\投稿准备\后续研究_20261008\S1\artifacts\final\FINAL_20261010_01_resume_01\children\aa_after_Original_F01_block2\pair.lock.json
aa,F01,92001,aa:after:Original:F01:block3,Original,Original,1.172583464815869,1.0584025621049196,1.0822519119763796,C:\Users\zhangjiacheng\Desktop\zjc\小论文\投稿准备\后续研究_20261008\S1\artifacts\final\FINAL_20261010_01_resume_01\children\aa_after_Original_F01_block3\pair.lock.json
aa,F01,92001,aa:after:Original:F01:block4,Original,Original,1.1369576425011014,1.0227271237777957,1.0498555130628302,C:\Users\zhangjiacheng\Desktop\zjc\小论文\投稿准备\后续研究_20261008\S1\artifacts\final\FINAL_20261010_01_resume_01\children\aa_after_Original_F01_block4\pair.lock.json
aa,F01,92001,aa:after:Original:F01:block5,Original,Original,1.1857076285583337,1.0038284886773925,1.0450576255233244,C:\Users\zhangjiacheng\Desktop\zjc\小论文\投稿准备\后续研究_20261008\S1\artifacts\final\FINAL_20261010_01_resume_01\children\aa_after_Original_F01_block5\pair.lock.json
aa,F03,92001,aa:after:Original:F03:block1,Original,Original,0.991178795369023,1.0027169890511798,1.0025965765317817,C:\Users\zhangjiacheng\Desktop\zjc\小论文\投稿准备\后续研究_20261008\S1\artifacts\final\FINAL_20261010_01_resume_01\children\aa_after_Original_F03_block1\pair.lock.json
aa,F03,92001,aa:after:Original:F03:block2,Original,Original,1.0883687995561324,0.9992922412327225,1.000021426070226,C:\Users\zhangjiacheng\Desktop\zjc\小论文\投稿准备\后续研究_20261008\S1\artifacts\final\FINAL_20261010_01_resume_01\children\aa_after_Original_F03_block2\pair.lock.json
aa,F03,92001,aa:after:Original:F03:block3,Original,Original,0.9676035886687815,1.0253248749620245,1.0248318463920638,C:\Users\zhangjiacheng\Desktop\zjc\小论文\投稿准备\后续研究_20261008\S1\artifacts\final\FINAL_20261010_01_resume_01\children\aa_after_Original_F03_block3\pair.lock.json
aa,F03,92001,aa:after:Original:F03:block4,Original,Original,1.029202825264672,0.998487896475379,0.9987538915433691,C:\Users\zhangjiacheng\Desktop\zjc\小论文\投稿准备\后续研究_20261008\S1\artifacts\final\FINAL_20261010_01_resume_01\children\aa_after_Original_F03_block4\pair.lock.json
aa,F03,92001,aa:after:Original:F03:block5,Original,Original,1.0378714595491585,1.0072844916368688,1.0075447185256556,C:\Users\zhangjiacheng\Desktop\zjc\小论文\投稿准备\后续研究_20261008\S1\artifacts\final\FINAL_20261010_01_resume_01\children\aa_after_Original_F03_block5\pair.lock.json
aa,F06,92001,aa:after:Original:F06:block1,Original,Original,0.9383509227209793,0.9973853804938576,0.9971990731442706,C:\Users\zhangjiacheng\Desktop\zjc\小论文\投稿准备\后续研究_20261008\S1\artifacts\final\FINAL_20261010_01_resume_01\children\aa_after_Original_F06_block1\pair.lock.json
aa,F06,92001,aa:after:Original:F06:block2,Original,Original,1.008305832375037,1.0184076763743475,1.0183762873033013,C:\Users\zhangjiacheng\Desktop\zjc\小论文\投稿准备\后续研究_20261008\S1\artifacts\final\FINAL_20261010_01_resume_01\children\aa_after_Original_F06_block2\pair.lock.json
aa,F06,92001,aa:after:Original:F06:block3,Original,Original,0.9849294678820363,1.0319673797981994,1.0317782317325688,C:\Users\zhangjiacheng\Desktop\zjc\小论文\投稿准备\后续研究_20261008\S1\artifacts\final\FINAL_20261010_01_resume_01\children\aa_after_Original_F06_block3\pair.lock.json
aa,F06,92001,aa:after:Original:F06:block4,Original,Original,0.9541410003361006,0.9970759470293166,0.9969064018279582,C:\Users\zhangjiacheng\Desktop\zjc\小论文\投稿准备\后续研究_20261008\S1\artifacts\final\FINAL_20261010_01_resume_01\children\aa_after_Original_F06_block4\pair.lock.json
aa,F06,92001,aa:after:Original:F06:block5,Original,Original,0.9706183683833091,0.9890728398132227,0.989022940117019,C:\Users\zhangjiacheng\Desktop\zjc\小论文\投稿准备\后续研究_20261008\S1\artifacts\final\FINAL_20261010_01_resume_01\children\aa_after_Original_F06_block5\pair.lock.json
aa,F01,92001,aa:after:M_LIST:F01:block1,M_LIST,M_LIST,0.9592698450423659,1.0149380988930978,0.9943444527825606,C:\Users\zhangjiacheng\Desktop\zjc\小论文\投稿准备\后续研究_20261008\S1\artifacts\final\FINAL_20261010_01_resume_01\children\aa_after_M_LIST_F01_block1\pair.lock.json
aa,F01,92001,aa:after:M_LIST:F01:block2,M_LIST,M_LIST,1.0550025268027574,0.9985005524312373,1.0188366555401893,C:\Users\zhangjiacheng\Desktop\zjc\小论文\投稿准备\后续研究_20261008\S1\artifacts\final\FINAL_20261010_01_resume_01\children\aa_after_M_LIST_F01_block2\pair.lock.json
aa,F01,92001,aa:after:M_LIST:F01:block3,M_LIST,M_LIST,1.0398565331127798,1.0155050943891037,1.0240636118697177,C:\Users\zhangjiacheng\Desktop\zjc\小论文\投稿准备\后续研究_20261008\S1\artifacts\final\FINAL_20261010_01_resume_01\children\aa_after_M_LIST_F01_block3\pair.lock.json
aa,F01,92001,aa:after:M_LIST:F01:block4,M_LIST,M_LIST,1.0300025625729405,1.0037826901697937,1.013214935292434,C:\Users\zhangjiacheng\Desktop\zjc\小论文\投稿准备\后续研究_20261008\S1\artifacts\final\FINAL_20261010_01_resume_01\children\aa_after_M_LIST_F01_block4\pair.lock.json
aa,F01,92001,aa:after:M_LIST:F01:block5,M_LIST,M_LIST,1.0307915152028433,1.0355993249717228,1.033855427529146,C:\Users\zhangjiacheng\Desktop\zjc\小论文\投稿准备\后续研究_20261008\S1\artifacts\final\FINAL_20261010_01_resume_01\children\aa_after_M_LIST_F01_block5\pair.lock.json
aa,F03,92001,aa:after:M_LIST:F03:block1,M_LIST,M_LIST,1.0143491373911717,0.9999815314127292,1.0002923345457724,C:\Users\zhangjiacheng\Desktop\zjc\小论文\投稿准备\后续研究_20261008\S1\artifacts\final\FINAL_20261010_01_resume_01\children\aa_after_M_LIST_F03_block1\pair.lock.json
aa,F03,92001,aa:after:M_LIST:F03:block2,M_LIST,M_LIST,0.9929422885320411,0.9975340273409219,0.9974263878671197,C:\Users\zhangjiacheng\Desktop\zjc\小论文\投稿准备\后续研究_20261008\S1\artifacts\final\FINAL_20261010_01_resume_01\children\aa_after_M_LIST_F03_block2\pair.lock.json
aa,F03,92001,aa:after:M_LIST:F03:block3,M_LIST,M_LIST,1.0090446474109502,1.0079489210856178,1.007969664929986,C:\Users\zhangjiacheng\Desktop\zjc\小论文\投稿准备\后续研究_20261008\S1\artifacts\final\FINAL_20261010_01_resume_01\children\aa_after_M_LIST_F03_block3\pair.lock.json
aa,F03,92001,aa:after:M_LIST:F03:block4,M_LIST,M_LIST,1.015846683237029,1.002137943529465,1.002447456148095,C:\Users\zhangjiacheng\Desktop\zjc\小论文\投稿准备\后续研究_20261008\S1\artifacts\final\FINAL_20261010_01_resume_01\children\aa_after_M_LIST_F03_block4\pair.lock.json
aa,F03,92001,aa:after:M_LIST:F03:block5,M_LIST,M_LIST,0.9727359268211907,0.9984091481364655,0.9978283478412378,C:\Users\zhangjiacheng\Desktop\zjc\小论文\投稿准备\后续研究_20261008\S1\artifacts\final\FINAL_20261010_01_resume_01\children\aa_after_M_LIST_F03_block5\pair.lock.json
aa,F06,92001,aa:after:M_LIST:F06:block1,M_LIST,M_LIST,1.034756195773555,0.9947885371031054,0.9951176422557411,C:\Users\zhangjiacheng\Desktop\zjc\小论文\投稿准备\后续研究_20261008\S1\artifacts\final\FINAL_20261010_01_resume_01\children\aa_after_M_LIST_F06_block1\pair.lock.json
aa,F06,92001,aa:after:M_LIST:F06:block2,M_LIST,M_LIST,0.9672371772579273,0.994630234705344,0.9943934276824764,C:\Users\zhangjiacheng\Desktop\zjc\小论文\投稿准备\后续研究_20261008\S1\artifacts\final\FINAL_20261010_01_resume_01\children\aa_after_M_LIST_F06_block2\pair.lock.json
aa,F06,92001,aa:after:M_LIST:F06:block3,M_LIST,M_LIST,0.9536611917882317,0.960925177934312,0.9608622306022782,C:\Users\zhangjiacheng\Desktop\zjc\小论文\投稿准备\后续研究_20261008\S1\artifacts\final\FINAL_20261010_01_resume_01\children\aa_after_M_LIST_F06_block3\pair.lock.json
aa,F06,92001,aa:after:M_LIST:F06:block4,M_LIST,M_LIST,0.9888917635167592,1.0017972644845183,1.0017046006652914,C:\Users\zhangjiacheng\Desktop\zjc\小论文\投稿准备\后续研究_20261008\S1\artifacts\final\FINAL_20261010_01_resume_01\children\aa_after_M_LIST_F06_block4\pair.lock.json
aa,F06,92001,aa:after:M_LIST:F06:block5,M_LIST,M_LIST,1.0316576076532717,1.0002822590701557,1.0005436908678942,C:\Users\zhangjiacheng\Desktop\zjc\小论文\投稿准备\后续研究_20261008\S1\artifacts\final\FINAL_20261010_01_resume_01\children\aa_after_M_LIST_F06_block5\pair.lock.json
aa,F01,92001,aa:after:R6:F01:block1,R6,R6,1.0056032321442887,0.9958171941854755,0.9988891758062304,C:\Users\zhangjiacheng\Desktop\zjc\小论文\投稿准备\后续研究_20261008\S1\artifacts\final\FINAL_20261010_01_resume_01\children\aa_after_R6_F01_block1\pair.lock.json
aa,F01,92001,aa:after:R6:F01:block2,R6,R6,1.056036004730789,0.9986192114283391,1.016628427565778,C:\Users\zhangjiacheng\Desktop\zjc\小论文\投稿准备\后续研究_20261008\S1\artifacts\final\FINAL_20261010_01_resume_01\children\aa_after_R6_F01_block2\pair.lock.json
aa,F01,92001,aa:after:R6:F01:block3,R6,R6,1.011586949289132,1.0055702264748267,1.007457972711526,C:\Users\zhangjiacheng\Desktop\zjc\小论文\投稿准备\后续研究_20261008\S1\artifacts\final\FINAL_20261010_01_resume_01\children\aa_after_R6_F01_block3\pair.lock.json
aa,F01,92001,aa:after:R6:F01:block4,R6,R6,1.0288254720896963,1.028878496750967,1.0289425659131717,C:\Users\zhangjiacheng\Desktop\zjc\小论文\投稿准备\后续研究_20261008\S1\artifacts\final\FINAL_20261010_01_resume_01\children\aa_after_R6_F01_block4\pair.lock.json
aa,F01,92001,aa:after:R6:F01:block5,R6,R6,1.0223940580064355,1.0248704405121563,1.0240937526518339,C:\Users\zhangjiacheng\Desktop\zjc\小论文\投稿准备\后续研究_20261008\S1\artifacts\final\FINAL_20261010_01_resume_01\children\aa_after_R6_F01_block5\pair.lock.json
aa,F03,92001,aa:after:R6:F03:block1,R6,R6,1.0071456650586808,1.0044025005917816,1.004451256900376,C:\Users\zhangjiacheng\Desktop\zjc\小论文\投稿准备\后续研究_20261008\S1\artifacts\final\FINAL_20261010_01_resume_01\children\aa_after_R6_F03_block1\pair.lock.json
aa,F03,92001,aa:after:R6:F03:block2,R6,R6,1.0184012886839289,1.0030909431350252,1.0033551425299503,C:\Users\zhangjiacheng\Desktop\zjc\小论文\投稿准备\后续研究_20261008\S1\artifacts\final\FINAL_20261010_01_resume_01\children\aa_after_R6_F03_block2\pair.lock.json
aa,F03,92001,aa:after:R6:F03:block3,R6,R6,0.9698829854949658,0.9984755258126836,0.9979590138823968,C:\Users\zhangjiacheng\Desktop\zjc\小论文\投稿准备\后续研究_20261008\S1\artifacts\final\FINAL_20261010_01_resume_01\children\aa_after_R6_F03_block3\pair.lock.json
aa,F03,92001,aa:after:R6:F03:block4,R6,R6,0.9758139412607326,0.9913381547566225,0.9910622172381175,C:\Users\zhangjiacheng\Desktop\zjc\小论文\投稿准备\后续研究_20261008\S1\artifacts\final\FINAL_20261010_01_resume_01\children\aa_after_R6_F03_block4\pair.lock.json
aa,F03,92001,aa:after:R6:F03:block5,R6,R6,0.972147612280616,0.9989144981318965,0.9984392034281331,C:\Users\zhangjiacheng\Desktop\zjc\小论文\投稿准备\后续研究_20261008\S1\artifacts\final\FINAL_20261010_01_resume_01\children\aa_after_R6_F03_block5\pair.lock.json
aa,F06,92001,aa:after:R6:F06:block1,R6,R6,1.025156652621227,0.983571763034183,0.9865940521313045,C:\Users\zhangjiacheng\Desktop\zjc\小论文\投稿准备\后续研究_20261008\S1\artifacts\final\FINAL_20261010_01_resume_01\children\aa_after_R6_F06_block1\pair.lock.json
aa,F06,92001,aa:after:R6:F06:block2,R6,R6,0.9243232644278467,1.0074362484278874,1.0006514099084352,C:\Users\zhangjiacheng\Desktop\zjc\小论文\投稿准备\后续研究_20261008\S1\artifacts\final\FINAL_20261010_01_resume_01\children\aa_after_R6_F06_block2\pair.lock.json
aa,F06,92001,aa:after:R6:F06:block3,R6,R6,0.9937867034227758,1.0127075403579135,1.0112399940836185,C:\Users\zhangjiacheng\Desktop\zjc\小论文\投稿准备\后续研究_20261008\S1\artifacts\final\FINAL_20261010_01_resume_01\children\aa_after_R6_F06_block3\pair.lock.json
aa,F06,92001,aa:after:R6:F06:block4,R6,R6,1.0125859597138345,0.9971529234836297,0.998340913218288,C:\Users\zhangjiacheng\Desktop\zjc\小论文\投稿准备\后续研究_20261008\S1\artifacts\final\FINAL_20261010_01_resume_01\children\aa_after_R6_F06_block4\pair.lock.json
aa,F06,92001,aa:after:R6:F06:block5,R6,R6,0.9937497106744572,1.0070141690477161,1.0059109827754797,C:\Users\zhangjiacheng\Desktop\zjc\小论文\投稿准备\后续研究_20261008\S1\artifacts\final\FINAL_20261010_01_resume_01\children\aa_after_R6_F06_block5\pair.lock.json
