case_id,seed,method,run_count,unique_counter_variants,total_avoidable_work,total_avoidable_work_min,total_avoidable_work_max,total_avoidable_work_values_json,promotions,promotions_min,promotions_max,promotions_values_json,scheduled_demotions,scheduled_demotions_min,scheduled_demotions_max,scheduled_demotions_values_json,cleanup_demotions,cleanup_demotions_min,cleanup_demotions_max,cleanup_demotions_values_json,total_demotions,total_demotions_min,total_demotions_max,total_demotions_values_json,peak_tree_buckets,peak_tree_buckets_min,peak_tree_buckets_max,peak_tree_buckets_values_json,final_tree_buckets,final_tree_buckets_min,final_tree_buckets_max,final_tree_buckets_values_json,cand_last,cand_last_min,cand_last_max,cand_last_values_json,cand_max,cand_max_min,cand_max_max,cand_max_values_json,nodes_allocated,nodes_allocated_min,nodes_allocated_max,nodes_allocated_values_json,conversion_failures,conversion_failures_min,conversion_failures_max,conversion_failures_values_json
F01,91001,M_EVENT_16,4,1,945412,945412,945412,[945412],0,0,0,[0],0,0,0,[0],0,0,0,[0],0,0,0,[0],0,0,0,[0],0,0,0,[0],0,0,0,[0],0,0,0,[0],262144,262144,262144,[262144],0,0,0,[0]
F01,91001,M_FIXED_128,2,2,VARIES,29800,30234,"[29800, 30234]",570,570,570,[570],304,304,304,[304],263,263,263,[263],567,567,567,[567],8,8,8,[8],3,3,3,[3],0,0,0,[0],3,3,3,[3],262144,262144,262144,[262144],0,0,0,[0]
F01,91001,M_FIXED_2048,2,1,945412,945412,945412,[945412],0,0,0,[0],0,0,0,[0],0,0,0,[0],0,0,0,[0],0,0,0,[0],0,0,0,[0],0,0,0,[0],0,0,0,[0],262144,262144,262144,[262144],0,0,0,[0]
F01,91001,M_LIST,6,1,NA,NA,NA,"[""NA""]",0,0,0,[0],0,0,0,[0],0,0,0,[0],0,0,0,[0],0,0,0,[0],0,0,0,[0],0,0,0,[0],0,0,0,[0],262144,262144,262144,[262144],0,0,0,[0]
F01,91001,M_NO_IDLE,2,1,945412,945412,945412,[945412],0,0,0,[0],0,0,0,[0],0,0,0,[0],0,0,0,[0],0,0,0,[0],0,0,0,[0],0,0,0,[0],0,0,0,[0],262144,262144,262144,[262144],0,0,0,[0]
F01,91001,M_OBSERVE_LIST,4,1,945412,945412,945412,[945412],0,0,0,[0],0,0,0,[0],0,0,0,[0],0,0,0,[0],0,0,0,[0],0,0,0,[0],0,0,0,[0],0,0,0,[0],262144,262144,262144,[262144],0,0,0,[0]
F01,91001,Original,4,1,NA,NA,NA,"[""NA""]",0,0,0,[0],NA,NA,NA,"[""NA""]",NA,NA,NA,"[""NA""]",NA,NA,NA,"[""NA""]",NA,NA,NA,"[""NA""]",0,0,0,[0],NA,NA,NA,"[""NA""]",NA,NA,NA,"[""NA""]",262144,262144,262144,[262144],NA,NA,NA,"[""NA""]"
F01,91001,R6,16,1,945412,945412,945412,[945412],0,0,0,[0],0,0,0,[0],0,0,0,[0],0,0,0,[0],0,0,0,[0],0,0,0,[0],0,0,0,[0],0,0,0,[0],262144,262144,262144,[262144],0,0,0,[0]
F01,91002,M_EVENT_16,4,1,985202,985202,985202,[985202],0,0,0,[0],0,0,0,[0],0,0,0,[0],0,0,0,[0],0,0,0,[0],0,0,0,[0],0,0,0,[0],0,0,0,[0],262144,262144,262144,[262144],0,0,0,[0]
F01,91002,M_FIXED_128,2,1,29980,29980,29980,[29980],555,555,555,[555],296,296,296,[296],256,256,256,[256],552,552,552,[552],8,8,8,[8],3,3,3,[3],0,0,0,[0],3,3,3,[3],262144,262144,262144,[262144],0,0,0,[0]
F01,91002,M_FIXED_2048,2,1,985202,985202,985202,[985202],0,0,0,[0],0,0,0,[0],0,0,0,[0],0,0,0,[0],0,0,0,[0],0,0,0,[0],0,0,0,[0],0,0,0,[0],262144,262144,262144,[262144],0,0,0,[0]
F01,91002,M_LIST,6,1,NA,NA,NA,"[""NA""]",0,0,0,[0],0,0,0,[0],0,0,0,[0],0,0,0,[0],0,0,0,[0],0,0,0,[0],0,0,0,[0],0,0,0,[0],262144,262144,262144,[262144],0,0,0,[0]
F01,91002,M_NO_IDLE,2,1,985202,985202,985202,[985202],0,0,0,[0],0,0,0,[0],0,0,0,[0],0,0,0,[0],0,0,0,[0],0,0,0,[0],0,0,0,[0],0,0,0,[0],262144,262144,262144,[262144],0,0,0,[0]
F01,91002,M_OBSERVE_LIST,4,1,985202,985202,985202,[985202],0,0,0,[0],0,0,0,[0],0,0,0,[0],0,0,0,[0],0,0,0,[0],0,0,0,[0],0,0,0,[0],0,0,0,[0],262144,262144,262144,[262144],0,0,0,[0]
F01,91002,Original,4,1,NA,NA,NA,"[""NA""]",0,0,0,[0],NA,NA,NA,"[""NA""]",NA,NA,NA,"[""NA""]",NA,NA,NA,"[""NA""]",NA,NA,NA,"[""NA""]",0,0,0,[0],NA,NA,NA,"[""NA""]",NA,NA,NA,"[""NA""]",262144,262144,262144,[262144],NA,NA,NA,"[""NA""]"
F01,91002,R6,16,1,985202,985202,985202,[985202],0,0,0,[0],0,0,0,[0],0,0,0,[0],0,0,0,[0],0,0,0,[0],0,0,0,[0],0,0,0,[0],0,0,0,[0],262144,262144,262144,[262144],0,0,0,[0]
F01,91003,M_EVENT_16,4,1,915152,915152,915152,[915152],0,0,0,[0],0,0,0,[0],0,0,0,[0],0,0,0,[0],0,0,0,[0],0,0,0,[0],0,0,0,[0],0,0,0,[0],262144,262144,262144,[262144],0,0,0,[0]
F01,91003,M_FIXED_128,2,1,38274,38274,38274,[38274],610,610,610,[610],323,323,323,[323],283,283,283,[283],606,606,606,[606],8,8,8,[8],4,4,4,[4],1,1,1,[1],3,3,3,[3],262144,262144,262144,[262144],0,0,0,[0]
F01,91003,M_FIXED_2048,2,1,915152,915152,915152,[915152],0,0,0,[0],0,0,0,[0],0,0,0,[0],0,0,0,[0],0,0,0,[0],0,0,0,[0],0,0,0,[0],0,0,0,[0],262144,262144,262144,[262144],0,0,0,[0]
F01,91003,M_LIST,6,1,NA,NA,NA,"[""NA""]",0,0,0,[0],0,0,0,[0],0,0,0,[0],0,0,0,[0],0,0,0,[0],0,0,0,[0],0,0,0,[0],0,0,0,[0],262144,262144,262144,[262144],0,0,0,[0]
F01,91003,M_NO_IDLE,2,1,915152,915152,915152,[915152],0,0,0,[0],0,0,0,[0],0,0,0,[0],0,0,0,[0],0,0,0,[0],0,0,0,[0],0,0,0,[0],0,0,0,[0],262144,262144,262144,[262144],0,0,0,[0]
F01,91003,M_OBSERVE_LIST,4,1,915152,915152,915152,[915152],0,0,0,[0],0,0,0,[0],0,0,0,[0],0,0,0,[0],0,0,0,[0],0,0,0,[0],0,0,0,[0],0,0,0,[0],262144,262144,262144,[262144],0,0,0,[0]
F01,91003,Original,4,1,NA,NA,NA,"[""NA""]",0,0,0,[0],NA,NA,NA,"[""NA""]",NA,NA,NA,"[""NA""]",NA,NA,NA,"[""NA""]",NA,NA,NA,"[""NA""]",0,0,0,[0],NA,NA,NA,"[""NA""]",NA,NA,NA,"[""NA""]",262144,262144,262144,[262144],NA,NA,NA,"[""NA""]"
F01,91003,R6,16,1,915152,915152,915152,[915152],0,0,0,[0],0,0,0,[0],0,0,0,[0],0,0,0,[0],0,0,0,[0],0,0,0,[0],0,0,0,[0],0,0,0,[0],262144,262144,262144,[262144],0,0,0,[0]
F01,91004,M_EVENT_16,4,1,942952,942952,942952,[942952],0,0,0,[0],0,0,0,[0],0,0,0,[0],0,0,0,[0],0,0,0,[0],0,0,0,[0],0,0,0,[0],0,0,0,[0],262144,262144,262144,[262144],0,0,0,[0]
F01,91004,M_FIXED_128,2,1,29728,29728,29728,[29728],566,566,566,[566],304,304,304,[304],259,259,259,[259],563,563,563,[563],8,8,8,[8],3,3,3,[3],1,1,1,[1],3,3,3,[3],262144,262144,262144,[262144],0,0,0,[0]
F01,91004,M_FIXED_2048,2,1,942952,942952,942952,[942952],0,0,0,[0],0,0,0,[0],0,0,0,[0],0,0,0,[0],0,0,0,[0],0,0,0,[0],0,0,0,[0],0,0,0,[0],262144,262144,262144,[262144],0,0,0,[0]
F01,91004,M_LIST,6,1,NA,NA,NA,"[""NA""]",0,0,0,[0],0,0,0,[0],0,0,0,[0],0,0,0,[0],0,0,0,[0],0,0,0,[0],0,0,0,[0],0,0,0,[0],262144,262144,262144,[262144],0,0,0,[0]
F01,91004,M_NO_IDLE,2,1,942952,942952,942952,[942952],0,0,0,[0],0,0,0,[0],0,0,0,[0],0,0,0,[0],0,0,0,[0],0,0,0,[0],0,0,0,[0],0,0,0,[0],262144,262144,262144,[262144],0,0,0,[0]
F01,91004,M_OBSERVE_LIST,4,1,942952,942952,942952,[942952],0,0,0,[0],0,0,0,[0],0,0,0,[0],0,0,0,[0],0,0,0,[0],0,0,0,[0],0,0,0,[0],0,0,0,[0],262144,262144,262144,[262144],0,0,0,[0]
F01,91004,Original,4,1,NA,NA,NA,"[""NA""]",0,0,0,[0],NA,NA,NA,"[""NA""]",NA,NA,NA,"[""NA""]",NA,NA,NA,"[""NA""]",NA,NA,NA,"[""NA""]",0,0,0,[0],NA,NA,NA,"[""NA""]",NA,NA,NA,"[""NA""]",262144,262144,262144,[262144],NA,NA,NA,"[""NA""]"
F01,91004,R6,16,1,942952,942952,942952,[942952],0,0,0,[0],0,0,0,[0],0,0,0,[0],0,0,0,[0],0,0,0,[0],0,0,0,[0],0,0,0,[0],0,0,0,[0],262144,262144,262144,[262144],0,0,0,[0]
F01,91005,M_EVENT_16,4,1,951476,951476,951476,[951476],0,0,0,[0],0,0,0,[0],0,0,0,[0],0,0,0,[0],0,0,0,[0],0,0,0,[0],0,0,0,[0],0,0,0,[0],262144,262144,262144,[262144],0,0,0,[0]
F01,91005,M_FIXED_128,2,1,30994,30994,30994,[30994],549,549,549,[549],306,306,306,[306],240,240,240,[240],546,546,546,[546],8,8,8,[8],3,3,3,[3],0,0,0,[0],3,3,3,[3],262144,262144,262144,[262144],0,0,0,[0]
F01,91005,M_FIXED_2048,2,1,951476,951476,951476,[951476],0,0,0,[0],0,0,0,[0],0,0,0,[0],0,0,0,[0],0,0,0,[0],0,0,0,[0],0,0,0,[0],0,0,0,[0],262144,262144,262144,[262144],0,0,0,[0]
F01,91005,M_LIST,6,1,NA,NA,NA,"[""NA""]",0,0,0,[0],0,0,0,[0],0,0,0,[0],0,0,0,[0],0,0,0,[0],0,0,0,[0],0,0,0,[0],0,0,0,[0],262144,262144,262144,[262144],0,0,0,[0]
F01,91005,M_NO_IDLE,2,1,951476,951476,951476,[951476],0,0,0,[0],0,0,0,[0],0,0,0,[0],0,0,0,[0],0,0,0,[0],0,0,0,[0],0,0,0,[0],0,0,0,[0],262144,262144,262144,[262144],0,0,0,[0]
F01,91005,M_OBSERVE_LIST,4,1,951476,951476,951476,[951476],0,0,0,[0],0,0,0,[0],0,0,0,[0],0,0,0,[0],0,0,0,[0],0,0,0,[0],0,0,0,[0],0,0,0,[0],262144,262144,262144,[262144],0,0,0,[0]
F01,91005,Original,4,1,NA,NA,NA,"[""NA""]",0,0,0,[0],NA,NA,NA,"[""NA""]",NA,NA,NA,"[""NA""]",NA,NA,NA,"[""NA""]",NA,NA,NA,"[""NA""]",0,0,0,[0],NA,NA,NA,"[""NA""]",NA,NA,NA,"[""NA""]",262144,262144,262144,[262144],NA,NA,NA,"[""NA""]"
F01,91005,R6,16,1,951476,951476,951476,[951476],0,0,0,[0],0,0,0,[0],0,0,0,[0],0,0,0,[0],0,0,0,[0],0,0,0,[0],0,0,0,[0],0,0,0,[0],262144,262144,262144,[262144],0,0,0,[0]
F01,91006,M_EVENT_16,4,1,954360,954360,954360,[954360],0,0,0,[0],0,0,0,[0],0,0,0,[0],0,0,0,[0],0,0,0,[0],0,0,0,[0],0,0,0,[0],0,0,0,[0],262144,262144,262144,[262144],0,0,0,[0]
F01,91006,M_FIXED_128,2,1,28902,28902,28902,[28902],564,564,564,[564],311,311,311,[311],250,250,250,[250],561,561,561,[561],8,8,8,[8],3,3,3,[3],0,0,0,[0],3,3,3,[3],262144,262144,262144,[262144],0,0,0,[0]
F01,91006,M_FIXED_2048,2,1,954360,954360,954360,[954360],0,0,0,[0],0,0,0,[0],0,0,0,[0],0,0,0,[0],0,0,0,[0],0,0,0,[0],0,0,0,[0],0,0,0,[0],262144,262144,262144,[262144],0,0,0,[0]
F01,91006,M_LIST,6,1,NA,NA,NA,"[""NA""]",0,0,0,[0],0,0,0,[0],0,0,0,[0],0,0,0,[0],0,0,0,[0],0,0,0,[0],0,0,0,[0],0,0,0,[0],262144,262144,262144,[262144],0,0,0,[0]
F01,91006,M_NO_IDLE,2,1,954360,954360,954360,[954360],0,0,0,[0],0,0,0,[0],0,0,0,[0],0,0,0,[0],0,0,0,[0],0,0,0,[0],0,0,0,[0],0,0,0,[0],262144,262144,262144,[262144],0,0,0,[0]
F01,91006,M_OBSERVE_LIST,4,1,954360,954360,954360,[954360],0,0,0,[0],0,0,0,[0],0,0,0,[0],0,0,0,[0],0,0,0,[0],0,0,0,[0],0,0,0,[0],0,0,0,[0],262144,262144,262144,[262144],0,0,0,[0]
F01,91006,Original,4,1,NA,NA,NA,"[""NA""]",0,0,0,[0],NA,NA,NA,"[""NA""]",NA,NA,NA,"[""NA""]",NA,NA,NA,"[""NA""]",NA,NA,NA,"[""NA""]",0,0,0,[0],NA,NA,NA,"[""NA""]",NA,NA,NA,"[""NA""]",262144,262144,262144,[262144],NA,NA,NA,"[""NA""]"
F01,91006,R6,16,1,954360,954360,954360,[954360],0,0,0,[0],0,0,0,[0],0,0,0,[0],0,0,0,[0],0,0,0,[0],0,0,0,[0],0,0,0,[0],0,0,0,[0],262144,262144,262144,[262144],0,0,0,[0]
F01,91007,M_EVENT_16,4,1,1107364,1107364,1107364,[1107364],0,0,0,[0],0,0,0,[0],0,0,0,[0],0,0,0,[0],0,0,0,[0],0,0,0,[0],0,0,0,[0],0,0,0,[0],262144,262144,262144,[262144],0,0,0,[0]
F01,91007,M_FIXED_128,2,1,26838,26838,26838,[26838],543,543,543,[543],255,255,255,[255],285,285,285,[285],540,540,540,[540],7,7,7,[7],3,3,3,[3],0,0,0,[0],3,3,3,[3],262144,262144,262144,[262144],0,0,0,[0]
F01,91007,M_FIXED_2048,2,1,1107364,1107364,1107364,[1107364],0,0,0,[0],0,0,0,[0],0,0,0,[0],0,0,0,[0],0,0,0,[0],0,0,0,[0],0,0,0,[0],0,0,0,[0],262144,262144,262144,[262144],0,0,0,[0]
F01,91007,M_LIST,6,1,NA,NA,NA,"[""NA""]",0,0,0,[0],0,0,0,[0],0,0,0,[0],0,0,0,[0],0,0,0,[0],0,0,0,[0],0,0,0,[0],0,0,0,[0],262144,262144,262144,[262144],0,0,0,[0]
F01,91007,M_NO_IDLE,2,1,1107364,1107364,1107364,[1107364],0,0,0,[0],0,0,0,[0],0,0,0,[0],0,0,0,[0],0,0,0,[0],0,0,0,[0],0,0,0,[0],0,0,0,[0],262144,262144,262144,[262144],0,0,0,[0]
F01,91007,M_OBSERVE_LIST,4,1,1107364,1107364,1107364,[1107364],0,0,0,[0],0,0,0,[0],0,0,0,[0],0,0,0,[0],0,0,0,[0],0,0,0,[0],0,0,0,[0],0,0,0,[0],262144,262144,262144,[262144],0,0,0,[0]
F01,91007,Original,4,1,NA,NA,NA,"[""NA""]",0,0,0,[0],NA,NA,NA,"[""NA""]",NA,NA,NA,"[""NA""]",NA,NA,NA,"[""NA""]",NA,NA,NA,"[""NA""]",0,0,0,[0],NA,NA,NA,"[""NA""]",NA,NA,NA,"[""NA""]",262144,262144,262144,[262144],NA,NA,NA,"[""NA""]"
F01,91007,R6,16,1,1107364,1107364,1107364,[1107364],0,0,0,[0],0,0,0,[0],0,0,0,[0],0,0,0,[0],0,0,0,[0],0,0,0,[0],0,0,0,[0],0,0,0,[0],262144,262144,262144,[262144],0,0,0,[0]
F01,91008,M_EVENT_16,4,1,889588,889588,889588,[889588],0,0,0,[0],0,0,0,[0],0,0,0,[0],0,0,0,[0],0,0,0,[0],0,0,0,[0],0,0,0,[0],0,0,0,[0],262144,262144,262144,[262144],0,0,0,[0]
F01,91008,M_FIXED_128,2,1,42514,42514,42514,[42514],591,591,591,[591],327,327,327,[327],259,259,259,[259],586,586,586,[586],8,8,8,[8],5,5,5,[5],2,2,2,[2],3,3,3,[3],262144,262144,262144,[262144],0,0,0,[0]
F01,91008,M_FIXED_2048,2,1,889588,889588,889588,[889588],0,0,0,[0],0,0,0,[0],0,0,0,[0],0,0,0,[0],0,0,0,[0],0,0,0,[0],0,0,0,[0],0,0,0,[0],262144,262144,262144,[262144],0,0,0,[0]
F01,91008,M_LIST,6,1,NA,NA,NA,"[""NA""]",0,0,0,[0],0,0,0,[0],0,0,0,[0],0,0,0,[0],0,0,0,[0],0,0,0,[0],0,0,0,[0],0,0,0,[0],262144,262144,262144,[262144],0,0,0,[0]
F01,91008,M_NO_IDLE,2,1,889588,889588,889588,[889588],0,0,0,[0],0,0,0,[0],0,0,0,[0],0,0,0,[0],0,0,0,[0],0,0,0,[0],0,0,0,[0],0,0,0,[0],262144,262144,262144,[262144],0,0,0,[0]
F01,91008,M_OBSERVE_LIST,4,1,889588,889588,889588,[889588],0,0,0,[0],0,0,0,[0],0,0,0,[0],0,0,0,[0],0,0,0,[0],0,0,0,[0],0,0,0,[0],0,0,0,[0],262144,262144,262144,[262144],0,0,0,[0]
F01,91008,Original,4,1,NA,NA,NA,"[""NA""]",0,0,0,[0],NA,NA,NA,"[""NA""]",NA,NA,NA,"[""NA""]",NA,NA,NA,"[""NA""]",NA,NA,NA,"[""NA""]",0,0,0,[0],NA,NA,NA,"[""NA""]",NA,NA,NA,"[""NA""]",262144,262144,262144,[262144],NA,NA,NA,"[""NA""]"
F01,91008,R6,16,1,889588,889588,889588,[889588],0,0,0,[0],0,0,0,[0],0,0,0,[0],0,0,0,[0],0,0,0,[0],0,0,0,[0],0,0,0,[0],0,0,0,[0],262144,262144,262144,[262144],0,0,0,[0]
F01,91009,M_EVENT_16,4,1,997602,997602,997602,[997602],0,0,0,[0],0,0,0,[0],0,0,0,[0],0,0,0,[0],0,0,0,[0],0,0,0,[0],0,0,0,[0],0,0,0,[0],262144,262144,262144,[262144],0,0,0,[0]
F01,91009,M_FIXED_128,2,1,30796,30796,30796,[30796],556,556,556,[556],287,287,287,[287],267,267,267,[267],554,554,554,[554],8,8,8,[8],2,2,2,[2],0,0,0,[0],3,3,3,[3],262144,262144,262144,[262144],0,0,0,[0]
F01,91009,M_FIXED_2048,2,1,997602,997602,997602,[997602],0,0,0,[0],0,0,0,[0],0,0,0,[0],0,0,0,[0],0,0,0,[0],0,0,0,[0],0,0,0,[0],0,0,0,[0],262144,262144,262144,[262144],0,0,0,[0]
F01,91009,M_LIST,6,1,NA,NA,NA,"[""NA""]",0,0,0,[0],0,0,0,[0],0,0,0,[0],0,0,0,[0],0,0,0,[0],0,0,0,[0],0,0,0,[0],0,0,0,[0],262144,262144,262144,[262144],0,0,0,[0]
F01,91009,M_NO_IDLE,2,1,997602,997602,997602,[997602],0,0,0,[0],0,0,0,[0],0,0,0,[0],0,0,0,[0],0,0,0,[0],0,0,0,[0],0,0,0,[0],0,0,0,[0],262144,262144,262144,[262144],0,0,0,[0]
F01,91009,M_OBSERVE_LIST,4,1,997602,997602,997602,[997602],0,0,0,[0],0,0,0,[0],0,0,0,[0],0,0,0,[0],0,0,0,[0],0,0,0,[0],0,0,0,[0],0,0,0,[0],262144,262144,262144,[262144],0,0,0,[0]
F01,91009,Original,4,1,NA,NA,NA,"[""NA""]",0,0,0,[0],NA,NA,NA,"[""NA""]",NA,NA,NA,"[""NA""]",NA,NA,NA,"[""NA""]",NA,NA,NA,"[""NA""]",0,0,0,[0],NA,NA,NA,"[""NA""]",NA,NA,NA,"[""NA""]",262144,262144,262144,[262144],NA,NA,NA,"[""NA""]"
F01,91009,R6,16,1,997602,997602,997602,[997602],0,0,0,[0],0,0,0,[0],0,0,0,[0],0,0,0,[0],0,0,0,[0],0,0,0,[0],0,0,0,[0],0,0,0,[0],262144,262144,262144,[262144],0,0,0,[0]
F01,91010,M_EVENT_16,4,1,897092,897092,897092,[897092],0,0,0,[0],0,0,0,[0],0,0,0,[0],0,0,0,[0],0,0,0,[0],0,0,0,[0],0,0,0,[0],0,0,0,[0],262144,262144,262144,[262144],0,0,0,[0]
F01,91010,M_FIXED_128,2,1,36702,36702,36702,[36702],582,582,582,[582],315,315,315,[315],265,265,265,[265],580,580,580,[580],7,7,7,[7],2,2,2,[2],1,1,1,[1],4,4,4,[4],262144,262144,262144,[262144],0,0,0,[0]
F01,91010,M_FIXED_2048,2,1,897092,897092,897092,[897092],0,0,0,[0],0,0,0,[0],0,0,0,[0],0,0,0,[0],0,0,0,[0],0,0,0,[0],0,0,0,[0],0,0,0,[0],262144,262144,262144,[262144],0,0,0,[0]
F01,91010,M_LIST,6,1,NA,NA,NA,"[""NA""]",0,0,0,[0],0,0,0,[0],0,0,0,[0],0,0,0,[0],0,0,0,[0],0,0,0,[0],0,0,0,[0],0,0,0,[0],262144,262144,262144,[262144],0,0,0,[0]
F01,91010,M_NO_IDLE,2,1,897092,897092,897092,[897092],0,0,0,[0],0,0,0,[0],0,0,0,[0],0,0,0,[0],0,0,0,[0],0,0,0,[0],0,0,0,[0],0,0,0,[0],262144,262144,262144,[262144],0,0,0,[0]
F01,91010,M_OBSERVE_LIST,4,1,897092,897092,897092,[897092],0,0,0,[0],0,0,0,[0],0,0,0,[0],0,0,0,[0],0,0,0,[0],0,0,0,[0],0,0,0,[0],0,0,0,[0],262144,262144,262144,[262144],0,0,0,[0]
F01,91010,Original,4,1,NA,NA,NA,"[""NA""]",0,0,0,[0],NA,NA,NA,"[""NA""]",NA,NA,NA,"[""NA""]",NA,NA,NA,"[""NA""]",NA,NA,NA,"[""NA""]",0,0,0,[0],NA,NA,NA,"[""NA""]",NA,NA,NA,"[""NA""]",262144,262144,262144,[262144],NA,NA,NA,"[""NA""]"
F01,91010,R6,16,1,897092,897092,897092,[897092],0,0,0,[0],0,0,0,[0],0,0,0,[0],0,0,0,[0],0,0,0,[0],0,0,0,[0],0,0,0,[0],0,0,0,[0],262144,262144,262144,[262144],0,0,0,[0]
F02,91001,M_EVENT_16,4,1,1455184,1455184,1455184,[1455184],0,0,0,[0],0,0,0,[0],0,0,0,[0],0,0,0,[0],0,0,0,[0],0,0,0,[0],0,0,0,[0],0,0,0,[0],262144,262144,262144,[262144],0,0,0,[0]
F02,91001,M_FIXED_128,2,1,937650,937650,937650,[937650],985,985,985,[985],877,877,877,[877],105,105,105,[105],982,982,982,[982],9,9,9,[9],3,3,3,[3],0,0,0,[0],5,5,5,[5],262144,262144,262144,[262144],0,0,0,[0]
F02,91001,M_FIXED_2048,2,1,1455184,1455184,1455184,[1455184],0,0,0,[0],0,0,0,[0],0,0,0,[0],0,0,0,[0],0,0,0,[0],0,0,0,[0],0,0,0,[0],0,0,0,[0],262144,262144,262144,[262144],0,0,0,[0]
F02,91001,M_LIST,6,1,NA,NA,NA,"[""NA""]",0,0,0,[0],0,0,0,[0],0,0,0,[0],0,0,0,[0],0,0,0,[0],0,0,0,[0],0,0,0,[0],0,0,0,[0],262144,262144,262144,[262144],0,0,0,[0]
F02,91001,M_NO_IDLE,2,1,1455184,1455184,1455184,[1455184],0,0,0,[0],0,0,0,[0],0,0,0,[0],0,0,0,[0],0,0,0,[0],0,0,0,[0],0,0,0,[0],0,0,0,[0],262144,262144,262144,[262144],0,0,0,[0]
F02,91001,M_OBSERVE_LIST,4,1,1455184,1455184,1455184,[1455184],0,0,0,[0],0,0,0,[0],0,0,0,[0],0,0,0,[0],0,0,0,[0],0,0,0,[0],0,0,0,[0],0,0,0,[0],262144,262144,262144,[262144],0,0,0,[0]
F02,91001,Original,4,1,NA,NA,NA,"[""NA""]",0,0,0,[0],NA,NA,NA,"[""NA""]",NA,NA,NA,"[""NA""]",NA,NA,NA,"[""NA""]",NA,NA,NA,"[""NA""]",0,0,0,[0],NA,NA,NA,"[""NA""]",NA,NA,NA,"[""NA""]",262144,262144,262144,[262144],NA,NA,NA,"[""NA""]"
F02,91001,R6,16,1,1455184,1455184,1455184,[1455184],0,0,0,[0],0,0,0,[0],0,0,0,[0],0,0,0,[0],0,0,0,[0],0,0,0,[0],0,0,0,[0],0,0,0,[0],262144,262144,262144,[262144],0,0,0,[0]
F02,91002,M_EVENT_16,4,1,1542886,1542886,1542886,[1542886],0,0,0,[0],0,0,0,[0],0,0,0,[0],0,0,0,[0],0,0,0,[0],0,0,0,[0],0,0,0,[0],0,0,0,[0],262144,262144,262144,[262144],0,0,0,[0]
F02,91002,M_FIXED_128,2,1,1038188,1038188,1038188,[1038188],986,986,986,[986],891,891,891,[891],93,93,93,[93],984,984,984,[984],9,9,9,[9],2,2,2,[2],0,0,0,[0],5,5,5,[5],262144,262144,262144,[262144],0,0,0,[0]
F02,91002,M_FIXED_2048,2,1,1542886,1542886,1542886,[1542886],0,0,0,[0],0,0,0,[0],0,0,0,[0],0,0,0,[0],0,0,0,[0],0,0,0,[0],0,0,0,[0],0,0,0,[0],262144,262144,262144,[262144],0,0,0,[0]
F02,91002,M_LIST,6,1,NA,NA,NA,"[""NA""]",0,0,0,[0],0,0,0,[0],0,0,0,[0],0,0,0,[0],0,0,0,[0],0,0,0,[0],0,0,0,[0],0,0,0,[0],262144,262144,262144,[262144],0,0,0,[0]
F02,91002,M_NO_IDLE,2,1,1542886,1542886,1542886,[1542886],0,0,0,[0],0,0,0,[0],0,0,0,[0],0,0,0,[0],0,0,0,[0],0,0,0,[0],0,0,0,[0],0,0,0,[0],262144,262144,262144,[262144],0,0,0,[0]
F02,91002,M_OBSERVE_LIST,4,1,1542886,1542886,1542886,[1542886],0,0,0,[0],0,0,0,[0],0,0,0,[0],0,0,0,[0],0,0,0,[0],0,0,0,[0],0,0,0,[0],0,0,0,[0],262144,262144,262144,[262144],0,0,0,[0]
F02,91002,Original,4,1,NA,NA,NA,"[""NA""]",0,0,0,[0],NA,NA,NA,"[""NA""]",NA,NA,NA,"[""NA""]",NA,NA,NA,"[""NA""]",NA,NA,NA,"[""NA""]",0,0,0,[0],NA,NA,NA,"[""NA""]",NA,NA,NA,"[""NA""]",262144,262144,262144,[262144],NA,NA,NA,"[""NA""]"
F02,91002,R6,16,1,1542886,1542886,1542886,[1542886],0,0,0,[0],0,0,0,[0],0,0,0,[0],0,0,0,[0],0,0,0,[0],0,0,0,[0],0,0,0,[0],0,0,0,[0],262144,262144,262144,[262144],0,0,0,[0]
F02,91003,M_EVENT_16,4,1,1407834,1407834,1407834,[1407834],0,0,0,[0],0,0,0,[0],0,0,0,[0],0,0,0,[0],0,0,0,[0],0,0,0,[0],0,0,0,[0],0,0,0,[0],262144,262144,262144,[262144],0,0,0,[0]
F02,91003,M_FIXED_128,2,1,883330,883330,883330,[883330],990,990,990,[990],879,879,879,[879],108,108,108,[108],987,987,987,[987],9,9,9,[9],3,3,3,[3],1,1,1,[1],5,5,5,[5],262144,262144,262144,[262144],0,0,0,[0]
F02,91003,M_FIXED_2048,2,1,1407834,1407834,1407834,[1407834],0,0,0,[0],0,0,0,[0],0,0,0,[0],0,0,0,[0],0,0,0,[0],0,0,0,[0],0,0,0,[0],0,0,0,[0],262144,262144,262144,[262144],0,0,0,[0]
F02,91003,M_LIST,6,1,NA,NA,NA,"[""NA""]",0,0,0,[0],0,0,0,[0],0,0,0,[0],0,0,0,[0],0,0,0,[0],0,0,0,[0],0,0,0,[0],0,0,0,[0],262144,262144,262144,[262144],0,0,0,[0]
F02,91003,M_NO_IDLE,2,1,1407834,1407834,1407834,[1407834],0,0,0,[0],0,0,0,[0],0,0,0,[0],0,0,0,[0],0,0,0,[0],0,0,0,[0],0,0,0,[0],0,0,0,[0],262144,262144,262144,[262144],0,0,0,[0]
F02,91003,M_OBSERVE_LIST,4,1,1407834,1407834,1407834,[1407834],0,0,0,[0],0,0,0,[0],0,0,0,[0],0,0,0,[0],0,0,0,[0],0,0,0,[0],0,0,0,[0],0,0,0,[0],262144,262144,262144,[262144],0,0,0,[0]
F02,91003,Original,4,1,NA,NA,NA,"[""NA""]",0,0,0,[0],NA,NA,NA,"[""NA""]",NA,NA,NA,"[""NA""]",NA,NA,NA,"[""NA""]",NA,NA,NA,"[""NA""]",0,0,0,[0],NA,NA,NA,"[""NA""]",NA,NA,NA,"[""NA""]",262144,262144,262144,[262144],NA,NA,NA,"[""NA""]"
F02,91003,R6,16,1,1407834,1407834,1407834,[1407834],0,0,0,[0],0,0,0,[0],0,0,0,[0],0,0,0,[0],0,0,0,[0],0,0,0,[0],0,0,0,[0],0,0,0,[0],262144,262144,262144,[262144],0,0,0,[0]
F02,91004,M_EVENT_16,4,1,1435144,1435144,1435144,[1435144],0,0,0,[0],0,0,0,[0],0,0,0,[0],0,0,0,[0],0,0,0,[0],0,0,0,[0],0,0,0,[0],0,0,0,[0],262144,262144,262144,[262144],0,0,0,[0]
F02,91004,M_FIXED_128,2,1,945528,945528,945528,[945528],983,983,983,[983],867,867,867,[867],113,113,113,[113],980,980,980,[980],10,10,10,[10],3,3,3,[3],0,0,0,[0],5,5,5,[5],262144,262144,262144,[262144],0,0,0,[0]
F02,91004,M_FIXED_2048,2,1,1435144,1435144,1435144,[1435144],0,0,0,[0],0,0,0,[0],0,0,0,[0],0,0,0,[0],0,0,0,[0],0,0,0,[0],0,0,0,[0],0,0,0,[0],262144,262144,262144,[262144],0,0,0,[0]
F02,91004,M_LIST,6,1,NA,NA,NA,"[""NA""]",0,0,0,[0],0,0,0,[0],0,0,0,[0],0,0,0,[0],0,0,0,[0],0,0,0,[0],0,0,0,[0],0,0,0,[0],262144,262144,262144,[262144],0,0,0,[0]
F02,91004,M_NO_IDLE,2,1,1435144,1435144,1435144,[1435144],0,0,0,[0],0,0,0,[0],0,0,0,[0],0,0,0,[0],0,0,0,[0],0,0,0,[0],0,0,0,[0],0,0,0,[0],262144,262144,262144,[262144],0,0,0,[0]
F02,91004,M_OBSERVE_LIST,4,1,1435144,1435144,1435144,[1435144],0,0,0,[0],0,0,0,[0],0,0,0,[0],0,0,0,[0],0,0,0,[0],0,0,0,[0],0,0,0,[0],0,0,0,[0],262144,262144,262144,[262144],0,0,0,[0]
F02,91004,Original,4,1,NA,NA,NA,"[""NA""]",0,0,0,[0],NA,NA,NA,"[""NA""]",NA,NA,NA,"[""NA""]",NA,NA,NA,"[""NA""]",NA,NA,NA,"[""NA""]",0,0,0,[0],NA,NA,NA,"[""NA""]",NA,NA,NA,"[""NA""]",262144,262144,262144,[262144],NA,NA,NA,"[""NA""]"
F02,91004,R6,16,1,1435144,1435144,1435144,[1435144],0,0,0,[0],0,0,0,[0],0,0,0,[0],0,0,0,[0],0,0,0,[0],0,0,0,[0],0,0,0,[0],0,0,0,[0],262144,262144,262144,[262144],0,0,0,[0]
F02,91005,M_EVENT_16,4,1,1515222,1515222,1515222,[1515222],0,0,0,[0],0,0,0,[0],0,0,0,[0],0,0,0,[0],0,0,0,[0],0,0,0,[0],0,0,0,[0],0,0,0,[0],262144,262144,262144,[262144],0,0,0,[0]
F02,91005,M_FIXED_128,2,1,1050644,1050644,1050644,[1050644],988,988,988,[988],877,877,877,[877],109,109,109,[109],986,986,986,[986],10,10,10,[10],2,2,2,[2],0,0,0,[0],5,5,5,[5],262144,262144,262144,[262144],0,0,0,[0]
F02,91005,M_FIXED_2048,2,1,1515222,1515222,1515222,[1515222],0,0,0,[0],0,0,0,[0],0,0,0,[0],0,0,0,[0],0,0,0,[0],0,0,0,[0],0,0,0,[0],0,0,0,[0],262144,262144,262144,[262144],0,0,0,[0]
F02,91005,M_LIST,6,1,NA,NA,NA,"[""NA""]",0,0,0,[0],0,0,0,[0],0,0,0,[0],0,0,0,[0],0,0,0,[0],0,0,0,[0],0,0,0,[0],0,0,0,[0],262144,262144,262144,[262144],0,0,0,[0]
F02,91005,M_NO_IDLE,2,1,1515222,1515222,1515222,[1515222],0,0,0,[0],0,0,0,[0],0,0,0,[0],0,0,0,[0],0,0,0,[0],0,0,0,[0],0,0,0,[0],0,0,0,[0],262144,262144,262144,[262144],0,0,0,[0]
F02,91005,M_OBSERVE_LIST,4,1,1515222,1515222,1515222,[1515222],0,0,0,[0],0,0,0,[0],0,0,0,[0],0,0,0,[0],0,0,0,[0],0,0,0,[0],0,0,0,[0],0,0,0,[0],262144,262144,262144,[262144],0,0,0,[0]
F02,91005,Original,4,1,NA,NA,NA,"[""NA""]",0,0,0,[0],NA,NA,NA,"[""NA""]",NA,NA,NA,"[""NA""]",NA,NA,NA,"[""NA""]",NA,NA,NA,"[""NA""]",0,0,0,[0],NA,NA,NA,"[""NA""]",NA,NA,NA,"[""NA""]",262144,262144,262144,[262144],NA,NA,NA,"[""NA""]"
F02,91005,R6,16,1,1515222,1515222,1515222,[1515222],0,0,0,[0],0,0,0,[0],0,0,0,[0],0,0,0,[0],0,0,0,[0],0,0,0,[0],0,0,0,[0],0,0,0,[0],262144,262144,262144,[262144],0,0,0,[0]
F02,91006,M_EVENT_16,4,1,1494882,1494882,1494882,[1494882],0,0,0,[0],0,0,0,[0],0,0,0,[0],0,0,0,[0],0,0,0,[0],0,0,0,[0],0,0,0,[0],0,0,0,[0],262144,262144,262144,[262144],0,0,0,[0]
F02,91006,M_FIXED_128,2,1,1004420,1004420,1004420,[1004420],987,987,987,[987],885,885,885,[885],99,99,99,[99],984,984,984,[984],9,9,9,[9],3,3,3,[3],0,0,0,[0],5,5,5,[5],262144,262144,262144,[262144],0,0,0,[0]
F02,91006,M_FIXED_2048,2,1,1494882,1494882,1494882,[1494882],0,0,0,[0],0,0,0,[0],0,0,0,[0],0,0,0,[0],0,0,0,[0],0,0,0,[0],0,0,0,[0],0,0,0,[0],262144,262144,262144,[262144],0,0,0,[0]
F02,91006,M_LIST,6,1,NA,NA,NA,"[""NA""]",0,0,0,[0],0,0,0,[0],0,0,0,[0],0,0,0,[0],0,0,0,[0],0,0,0,[0],0,0,0,[0],0,0,0,[0],262144,262144,262144,[262144],0,0,0,[0]
F02,91006,M_NO_IDLE,2,1,1494882,1494882,1494882,[1494882],0,0,0,[0],0,0,0,[0],0,0,0,[0],0,0,0,[0],0,0,0,[0],0,0,0,[0],0,0,0,[0],0,0,0,[0],262144,262144,262144,[262144],0,0,0,[0]
F02,91006,M_OBSERVE_LIST,4,1,1494882,1494882,1494882,[1494882],0,0,0,[0],0,0,0,[0],0,0,0,[0],0,0,0,[0],0,0,0,[0],0,0,0,[0],0,0,0,[0],0,0,0,[0],262144,262144,262144,[262144],0,0,0,[0]
F02,91006,Original,4,1,NA,NA,NA,"[""NA""]",0,0,0,[0],NA,NA,NA,"[""NA""]",NA,NA,NA,"[""NA""]",NA,NA,NA,"[""NA""]",NA,NA,NA,"[""NA""]",0,0,0,[0],NA,NA,NA,"[""NA""]",NA,NA,NA,"[""NA""]",262144,262144,262144,[262144],NA,NA,NA,"[""NA""]"
F02,91006,R6,16,1,1494882,1494882,1494882,[1494882],0,0,0,[0],0,0,0,[0],0,0,0,[0],0,0,0,[0],0,0,0,[0],0,0,0,[0],0,0,0,[0],0,0,0,[0],262144,262144,262144,[262144],0,0,0,[0]
F02,91007,M_EVENT_16,4,1,1570194,1570194,1570194,[1570194],0,0,0,[0],0,0,0,[0],0,0,0,[0],0,0,0,[0],0,0,0,[0],0,0,0,[0],0,0,0,[0],0,0,0,[0],262144,262144,262144,[262144],0,0,0,[0]
F02,91007,M_FIXED_128,2,1,884288,884288,884288,[884288],981,981,981,[981],868,868,868,[868],110,110,110,[110],978,978,978,[978],9,9,9,[9],3,3,3,[3],0,0,0,[0],5,5,5,[5],262144,262144,262144,[262144],0,0,0,[0]
F02,91007,M_FIXED_2048,2,1,1570194,1570194,1570194,[1570194],0,0,0,[0],0,0,0,[0],0,0,0,[0],0,0,0,[0],0,0,0,[0],0,0,0,[0],0,0,0,[0],0,0,0,[0],262144,262144,262144,[262144],0,0,0,[0]
F02,91007,M_LIST,6,1,NA,NA,NA,"[""NA""]",0,0,0,[0],0,0,0,[0],0,0,0,[0],0,0,0,[0],0,0,0,[0],0,0,0,[0],0,0,0,[0],0,0,0,[0],262144,262144,262144,[262144],0,0,0,[0]
F02,91007,M_NO_IDLE,2,1,1570194,1570194,1570194,[1570194],0,0,0,[0],0,0,0,[0],0,0,0,[0],0,0,0,[0],0,0,0,[0],0,0,0,[0],0,0,0,[0],0,0,0,[0],262144,262144,262144,[262144],0,0,0,[0]
F02,91007,M_OBSERVE_LIST,4,1,1570194,1570194,1570194,[1570194],0,0,0,[0],0,0,0,[0],0,0,0,[0],0,0,0,[0],0,0,0,[0],0,0,0,[0],0,0,0,[0],0,0,0,[0],262144,262144,262144,[262144],0,0,0,[0]
F02,91007,Original,4,1,NA,NA,NA,"[""NA""]",0,0,0,[0],NA,NA,NA,"[""NA""]",NA,NA,NA,"[""NA""]",NA,NA,NA,"[""NA""]",NA,NA,NA,"[""NA""]",0,0,0,[0],NA,NA,NA,"[""NA""]",NA,NA,NA,"[""NA""]",262144,262144,262144,[262144],NA,NA,NA,"[""NA""]"
F02,91007,R6,16,1,1570194,1570194,1570194,[1570194],0,0,0,[0],0,0,0,[0],0,0,0,[0],0,0,0,[0],0,0,0,[0],0,0,0,[0],0,0,0,[0],0,0,0,[0],262144,262144,262144,[262144],0,0,0,[0]
F02,91008,M_EVENT_16,4,1,1433210,1433210,1433210,[1433210],0,0,0,[0],0,0,0,[0],0,0,0,[0],0,0,0,[0],0,0,0,[0],0,0,0,[0],0,0,0,[0],0,0,0,[0],262144,262144,262144,[262144],0,0,0,[0]
F02,91008,M_FIXED_128,2,1,1028336,1028336,1028336,[1028336],997,997,997,[997],882,882,882,[882],109,109,109,[109],991,991,991,[991],9,9,9,[9],6,6,6,[6],1,1,1,[1],5,5,5,[5],262144,262144,262144,[262144],0,0,0,[0]
F02,91008,M_FIXED_2048,2,1,1433210,1433210,1433210,[1433210],0,0,0,[0],0,0,0,[0],0,0,0,[0],0,0,0,[0],0,0,0,[0],0,0,0,[0],0,0,0,[0],0,0,0,[0],262144,262144,262144,[262144],0,0,0,[0]
F02,91008,M_LIST,6,1,NA,NA,NA,"[""NA""]",0,0,0,[0],0,0,0,[0],0,0,0,[0],0,0,0,[0],0,0,0,[0],0,0,0,[0],0,0,0,[0],0,0,0,[0],262144,262144,262144,[262144],0,0,0,[0]
F02,91008,M_NO_IDLE,2,1,1433210,1433210,1433210,[1433210],0,0,0,[0],0,0,0,[0],0,0,0,[0],0,0,0,[0],0,0,0,[0],0,0,0,[0],0,0,0,[0],0,0,0,[0],262144,262144,262144,[262144],0,0,0,[0]
F02,91008,M_OBSERVE_LIST,4,1,1433210,1433210,1433210,[1433210],0,0,0,[0],0,0,0,[0],0,0,0,[0],0,0,0,[0],0,0,0,[0],0,0,0,[0],0,0,0,[0],0,0,0,[0],262144,262144,262144,[262144],0,0,0,[0]
F02,91008,Original,4,1,NA,NA,NA,"[""NA""]",0,0,0,[0],NA,NA,NA,"[""NA""]",NA,NA,NA,"[""NA""]",NA,NA,NA,"[""NA""]",NA,NA,NA,"[""NA""]",0,0,0,[0],NA,NA,NA,"[""NA""]",NA,NA,NA,"[""NA""]",262144,262144,262144,[262144],NA,NA,NA,"[""NA""]"
F02,91008,R6,16,1,1433210,1433210,1433210,[1433210],0,0,0,[0],0,0,0,[0],0,0,0,[0],0,0,0,[0],0,0,0,[0],0,0,0,[0],0,0,0,[0],0,0,0,[0],262144,262144,262144,[262144],0,0,0,[0]
F02,91009,M_EVENT_16,4,1,1573892,1573892,1573892,[1573892],0,0,0,[0],0,0,0,[0],0,0,0,[0],0,0,0,[0],0,0,0,[0],0,0,0,[0],0,0,0,[0],0,0,0,[0],262144,262144,262144,[262144],0,0,0,[0]
F02,91009,M_FIXED_128,2,1,1061964,1061964,1061964,[1061964],976,976,976,[976],889,889,889,[889],85,85,85,[85],974,974,974,[974],9,9,9,[9],2,2,2,[2],0,0,0,[0],5,5,5,[5],262144,262144,262144,[262144],0,0,0,[0]
F02,91009,M_FIXED_2048,2,1,1573892,1573892,1573892,[1573892],0,0,0,[0],0,0,0,[0],0,0,0,[0],0,0,0,[0],0,0,0,[0],0,0,0,[0],0,0,0,[0],0,0,0,[0],262144,262144,262144,[262144],0,0,0,[0]
F02,91009,M_LIST,6,1,NA,NA,NA,"[""NA""]",0,0,0,[0],0,0,0,[0],0,0,0,[0],0,0,0,[0],0,0,0,[0],0,0,0,[0],0,0,0,[0],0,0,0,[0],262144,262144,262144,[262144],0,0,0,[0]
F02,91009,M_NO_IDLE,2,1,1573892,1573892,1573892,[1573892],0,0,0,[0],0,0,0,[0],0,0,0,[0],0,0,0,[0],0,0,0,[0],0,0,0,[0],0,0,0,[0],0,0,0,[0],262144,262144,262144,[262144],0,0,0,[0]
F02,91009,M_OBSERVE_LIST,4,1,1573892,1573892,1573892,[1573892],0,0,0,[0],0,0,0,[0],0,0,0,[0],0,0,0,[0],0,0,0,[0],0,0,0,[0],0,0,0,[0],0,0,0,[0],262144,262144,262144,[262144],0,0,0,[0]
F02,91009,Original,4,1,NA,NA,NA,"[""NA""]",0,0,0,[0],NA,NA,NA,"[""NA""]",NA,NA,NA,"[""NA""]",NA,NA,NA,"[""NA""]",NA,NA,NA,"[""NA""]",0,0,0,[0],NA,NA,NA,"[""NA""]",NA,NA,NA,"[""NA""]",262144,262144,262144,[262144],NA,NA,NA,"[""NA""]"
F02,91009,R6,16,1,1573892,1573892,1573892,[1573892],0,0,0,[0],0,0,0,[0],0,0,0,[0],0,0,0,[0],0,0,0,[0],0,0,0,[0],0,0,0,[0],0,0,0,[0],262144,262144,262144,[262144],0,0,0,[0]
F02,91010,M_EVENT_16,4,1,1318510,1318510,1318510,[1318510],0,0,0,[0],0,0,0,[0],0,0,0,[0],0,0,0,[0],0,0,0,[0],0,0,0,[0],0,0,0,[0],0,0,0,[0],262144,262144,262144,[262144],0,0,0,[0]
F02,91010,M_FIXED_128,2,1,847910,847910,847910,[847910],991,991,991,[991],841,841,841,[841],148,148,148,[148],989,989,989,[989],9,9,9,[9],2,2,2,[2],0,0,0,[0],5,5,5,[5],262144,262144,262144,[262144],0,0,0,[0]
F02,91010,M_FIXED_2048,2,1,1318510,1318510,1318510,[1318510],0,0,0,[0],0,0,0,[0],0,0,0,[0],0,0,0,[0],0,0,0,[0],0,0,0,[0],0,0,0,[0],0,0,0,[0],262144,262144,262144,[262144],0,0,0,[0]
F02,91010,M_LIST,6,1,NA,NA,NA,"[""NA""]",0,0,0,[0],0,0,0,[0],0,0,0,[0],0,0,0,[0],0,0,0,[0],0,0,0,[0],0,0,0,[0],0,0,0,[0],262144,262144,262144,[262144],0,0,0,[0]
F02,91010,M_NO_IDLE,2,1,1318510,1318510,1318510,[1318510],0,0,0,[0],0,0,0,[0],0,0,0,[0],0,0,0,[0],0,0,0,[0],0,0,0,[0],0,0,0,[0],0,0,0,[0],262144,262144,262144,[262144],0,0,0,[0]
F02,91010,M_OBSERVE_LIST,4,1,1318510,1318510,1318510,[1318510],0,0,0,[0],0,0,0,[0],0,0,0,[0],0,0,0,[0],0,0,0,[0],0,0,0,[0],0,0,0,[0],0,0,0,[0],262144,262144,262144,[262144],0,0,0,[0]
F02,91010,Original,4,1,NA,NA,NA,"[""NA""]",0,0,0,[0],NA,NA,NA,"[""NA""]",NA,NA,NA,"[""NA""]",NA,NA,NA,"[""NA""]",NA,NA,NA,"[""NA""]",0,0,0,[0],NA,NA,NA,"[""NA""]",NA,NA,NA,"[""NA""]",262144,262144,262144,[262144],NA,NA,NA,"[""NA""]"
F02,91010,R6,16,1,1318510,1318510,1318510,[1318510],0,0,0,[0],0,0,0,[0],0,0,0,[0],0,0,0,[0],0,0,0,[0],0,0,0,[0],0,0,0,[0],0,0,0,[0],262144,262144,262144,[262144],0,0,0,[0]
F03,91001,M_EVENT_16,4,1,12299862,12299862,12299862,[12299862],315,315,315,[315],313,313,313,[313],0,0,0,[0],313,313,313,[313],8,8,8,[8],2,2,2,[2],0,0,0,[0],2,2,2,[2],262144,262144,262144,[262144],0,0,0,[0]
F03,91001,M_FIXED_128,2,1,20922872,20922872,20922872,[20922872],570,570,570,[570],304,304,304,[304],263,263,263,[263],567,567,567,[567],8,8,8,[8],3,3,3,[3],0,0,0,[0],3,3,3,[3],262144,262144,262144,[262144],0,0,0,[0]
F03,91001,M_FIXED_2048,2,1,241566368,241566368,241566368,[241566368],0,0,0,[0],0,0,0,[0],0,0,0,[0],0,0,0,[0],0,0,0,[0],0,0,0,[0],0,0,0,[0],0,0,0,[0],262144,262144,262144,[262144],0,0,0,[0]
F03,91001,M_LIST,6,1,NA,NA,NA,"[""NA""]",0,0,0,[0],0,0,0,[0],0,0,0,[0],0,0,0,[0],0,0,0,[0],0,0,0,[0],0,0,0,[0],0,0,0,[0],262144,262144,262144,[262144],0,0,0,[0]
F03,91001,M_NO_IDLE,2,1,199272164,199272164,199272164,[199272164],32,32,32,[32],0,0,0,[0],0,0,0,[0],0,0,0,[0],32,32,32,[32],32,32,32,[32],1,1,1,[1],2,2,2,[2],262144,262144,262144,[262144],0,0,0,[0]
F03,91001,M_OBSERVE_LIST,4,1,241566368,241566368,241566368,[241566368],0,0,0,[0],0,0,0,[0],0,0,0,[0],0,0,0,[0],0,0,0,[0],0,0,0,[0],0,0,0,[0],0,0,0,[0],262144,262144,262144,[262144],0,0,0,[0]
F03,91001,Original,4,1,NA,NA,NA,"[""NA""]",0,0,0,[0],NA,NA,NA,"[""NA""]",NA,NA,NA,"[""NA""]",NA,NA,NA,"[""NA""]",NA,NA,NA,"[""NA""]",0,0,0,[0],NA,NA,NA,"[""NA""]",NA,NA,NA,"[""NA""]",262144,262144,262144,[262144],NA,NA,NA,"[""NA""]"
F03,91001,R6,16,1,41511036,41511036,41511036,[41511036],299,299,299,[299],297,297,297,[297],0,0,0,[0],297,297,297,[297],7,7,7,[7],2,2,2,[2],0,0,0,[0],2,2,2,[2],262144,262144,262144,[262144],0,0,0,[0]
F03,91002,M_EVENT_16,4,1,11991630,11991630,11991630,[11991630],307,307,307,[307],306,306,306,[306],0,0,0,[0],306,306,306,[306],8,8,8,[8],1,1,1,[1],0,0,0,[0],2,2,2,[2],262144,262144,262144,[262144],0,0,0,[0]
F03,91002,M_FIXED_128,2,1,20804370,20804370,20804370,[20804370],555,555,555,[555],296,296,296,[296],256,256,256,[256],552,552,552,[552],8,8,8,[8],3,3,3,[3],0,0,0,[0],3,3,3,[3],262144,262144,262144,[262144],0,0,0,[0]
F03,91002,M_FIXED_2048,2,1,255468164,255468164,255468164,[255468164],0,0,0,[0],0,0,0,[0],0,0,0,[0],0,0,0,[0],0,0,0,[0],0,0,0,[0],0,0,0,[0],0,0,0,[0],262144,262144,262144,[262144],0,0,0,[0]
F03,91002,M_LIST,6,1,NA,NA,NA,"[""NA""]",0,0,0,[0],0,0,0,[0],0,0,0,[0],0,0,0,[0],0,0,0,[0],0,0,0,[0],0,0,0,[0],0,0,0,[0],262144,262144,262144,[262144],0,0,0,[0]
F03,91002,M_NO_IDLE,2,1,240619518,240619518,240619518,[240619518],32,32,32,[32],0,0,0,[0],0,0,0,[0],0,0,0,[0],32,32,32,[32],32,32,32,[32],1,1,1,[1],2,2,2,[2],262144,262144,262144,[262144],0,0,0,[0]
F03,91002,M_OBSERVE_LIST,4,1,255468164,255468164,255468164,[255468164],0,0,0,[0],0,0,0,[0],0,0,0,[0],0,0,0,[0],0,0,0,[0],0,0,0,[0],0,0,0,[0],0,0,0,[0],262144,262144,262144,[262144],0,0,0,[0]
F03,91002,Original,4,1,NA,NA,NA,"[""NA""]",0,0,0,[0],NA,NA,NA,"[""NA""]",NA,NA,NA,"[""NA""]",NA,NA,NA,"[""NA""]",NA,NA,NA,"[""NA""]",0,0,0,[0],NA,NA,NA,"[""NA""]",NA,NA,NA,"[""NA""]",262144,262144,262144,[262144],NA,NA,NA,"[""NA""]"
F03,91002,R6,16,1,39262134,39262134,39262134,[39262134],289,289,289,[289],287,287,287,[287],0,0,0,[0],287,287,287,[287],7,7,7,[7],2,2,2,[2],0,0,0,[0],2,2,2,[2],262144,262144,262144,[262144],0,0,0,[0]
F03,91003,M_EVENT_16,4,1,14956762,14956762,14956762,[14956762],338,338,338,[338],335,335,335,[335],0,0,0,[0],335,335,335,[335],8,8,8,[8],3,3,3,[3],1,1,1,[1],2,2,2,[2],262144,262144,262144,[262144],0,0,0,[0]
F03,91003,M_FIXED_128,2,1,25793986,25793986,25793986,[25793986],610,610,610,[610],323,323,323,[323],283,283,283,[283],606,606,606,[606],8,8,8,[8],4,4,4,[4],1,1,1,[1],3,3,3,[3],262144,262144,262144,[262144],0,0,0,[0]
F03,91003,M_FIXED_2048,2,1,233513570,233513570,233513570,[233513570],0,0,0,[0],0,0,0,[0],0,0,0,[0],0,0,0,[0],0,0,0,[0],0,0,0,[0],0,0,0,[0],0,0,0,[0],262144,262144,262144,[262144],0,0,0,[0]
F03,91003,M_LIST,6,1,NA,NA,NA,"[""NA""]",0,0,0,[0],0,0,0,[0],0,0,0,[0],0,0,0,[0],0,0,0,[0],0,0,0,[0],0,0,0,[0],0,0,0,[0],262144,262144,262144,[262144],0,0,0,[0]
F03,91003,M_NO_IDLE,2,1,191344308,191344308,191344308,[191344308],32,32,32,[32],0,0,0,[0],0,0,0,[0],0,0,0,[0],32,32,32,[32],32,32,32,[32],0,0,0,[0],2,2,2,[2],262144,262144,262144,[262144],0,0,0,[0]
F03,91003,M_OBSERVE_LIST,4,1,233513570,233513570,233513570,[233513570],0,0,0,[0],0,0,0,[0],0,0,0,[0],0,0,0,[0],0,0,0,[0],0,0,0,[0],0,0,0,[0],0,0,0,[0],262144,262144,262144,[262144],0,0,0,[0]
F03,91003,Original,4,1,NA,NA,NA,"[""NA""]",0,0,0,[0],NA,NA,NA,"[""NA""]",NA,NA,NA,"[""NA""]",NA,NA,NA,"[""NA""]",NA,NA,NA,"[""NA""]",0,0,0,[0],NA,NA,NA,"[""NA""]",NA,NA,NA,"[""NA""]",262144,262144,262144,[262144],NA,NA,NA,"[""NA""]"
F03,91003,R6,16,1,42277454,42277454,42277454,[42277454],317,317,317,[317],315,315,315,[315],0,0,0,[0],315,315,315,[315],7,7,7,[7],2,2,2,[2],0,0,0,[0],1,1,1,[1],262144,262144,262144,[262144],0,0,0,[0]
F03,91004,M_EVENT_16,4,1,12427638,12427638,12427638,[12427638],316,316,316,[316],314,314,314,[314],0,0,0,[0],314,314,314,[314],8,8,8,[8],2,2,2,[2],0,0,0,[0],2,2,2,[2],262144,262144,262144,[262144],0,0,0,[0]
F03,91004,M_FIXED_128,2,1,21484616,21484616,21484616,[21484616],566,566,566,[566],304,304,304,[304],259,259,259,[259],563,563,563,[563],8,8,8,[8],3,3,3,[3],1,1,1,[1],3,3,3,[3],262144,262144,262144,[262144],0,0,0,[0]
F03,91004,M_FIXED_2048,2,1,241658368,241658368,241658368,[241658368],0,0,0,[0],0,0,0,[0],0,0,0,[0],0,0,0,[0],0,0,0,[0],0,0,0,[0],0,0,0,[0],0,0,0,[0],262144,262144,262144,[262144],0,0,0,[0]
F03,91004,M_LIST,6,1,NA,NA,NA,"[""NA""]",0,0,0,[0],0,0,0,[0],0,0,0,[0],0,0,0,[0],0,0,0,[0],0,0,0,[0],0,0,0,[0],0,0,0,[0],262144,262144,262144,[262144],0,0,0,[0]
F03,91004,M_NO_IDLE,2,1,198830230,198830230,198830230,[198830230],32,32,32,[32],0,0,0,[0],0,0,0,[0],0,0,0,[0],32,32,32,[32],32,32,32,[32],1,1,1,[1],2,2,2,[2],262144,262144,262144,[262144],0,0,0,[0]
F03,91004,M_OBSERVE_LIST,4,1,241658368,241658368,241658368,[241658368],0,0,0,[0],0,0,0,[0],0,0,0,[0],0,0,0,[0],0,0,0,[0],0,0,0,[0],0,0,0,[0],0,0,0,[0],262144,262144,262144,[262144],0,0,0,[0]
F03,91004,Original,4,1,NA,NA,NA,"[""NA""]",0,0,0,[0],NA,NA,NA,"[""NA""]",NA,NA,NA,"[""NA""]",NA,NA,NA,"[""NA""]",NA,NA,NA,"[""NA""]",0,0,0,[0],NA,NA,NA,"[""NA""]",NA,NA,NA,"[""NA""]",262144,262144,262144,[262144],NA,NA,NA,"[""NA""]"
F03,91004,R6,16,1,40942652,40942652,40942652,[40942652],300,300,300,[300],298,298,298,[298],0,0,0,[0],298,298,298,[298],7,7,7,[7],2,2,2,[2],0,0,0,[0],2,2,2,[2],262144,262144,262144,[262144],0,0,0,[0]
F03,91005,M_EVENT_16,4,1,11267956,11267956,11267956,[11267956],315,315,315,[315],313,313,313,[313],0,0,0,[0],313,313,313,[313],8,8,8,[8],2,2,2,[2],0,0,0,[0],2,2,2,[2],262144,262144,262144,[262144],0,0,0,[0]
F03,91005,M_FIXED_128,2,1,20456792,20456792,20456792,[20456792],549,549,549,[549],306,306,306,[306],240,240,240,[240],546,546,546,[546],8,8,8,[8],3,3,3,[3],0,0,0,[0],3,3,3,[3],262144,262144,262144,[262144],0,0,0,[0]
F03,91005,M_FIXED_2048,2,1,246623132,246623132,246623132,[246623132],0,0,0,[0],0,0,0,[0],0,0,0,[0],0,0,0,[0],0,0,0,[0],0,0,0,[0],0,0,0,[0],0,0,0,[0],262144,262144,262144,[262144],0,0,0,[0]
F03,91005,M_LIST,6,1,NA,NA,NA,"[""NA""]",0,0,0,[0],0,0,0,[0],0,0,0,[0],0,0,0,[0],0,0,0,[0],0,0,0,[0],0,0,0,[0],0,0,0,[0],262144,262144,262144,[262144],0,0,0,[0]
F03,91005,M_NO_IDLE,2,1,219169346,219169346,219169346,[219169346],32,32,32,[32],0,0,0,[0],0,0,0,[0],0,0,0,[0],32,32,32,[32],32,32,32,[32],1,1,1,[1],2,2,2,[2],262144,262144,262144,[262144],0,0,0,[0]
F03,91005,M_OBSERVE_LIST,4,1,246623132,246623132,246623132,[246623132],0,0,0,[0],0,0,0,[0],0,0,0,[0],0,0,0,[0],0,0,0,[0],0,0,0,[0],0,0,0,[0],0,0,0,[0],262144,262144,262144,[262144],0,0,0,[0]
F03,91005,Original,4,1,NA,NA,NA,"[""NA""]",0,0,0,[0],NA,NA,NA,"[""NA""]",NA,NA,NA,"[""NA""]",NA,NA,NA,"[""NA""]",NA,NA,NA,"[""NA""]",0,0,0,[0],NA,NA,NA,"[""NA""]",NA,NA,NA,"[""NA""]",262144,262144,262144,[262144],NA,NA,NA,"[""NA""]"
F03,91005,R6,16,1,38951426,38951426,38951426,[38951426],300,300,300,[300],298,298,298,[298],0,0,0,[0],298,298,298,[298],8,8,8,[8],2,2,2,[2],0,0,0,[0],1,1,1,[1],262144,262144,262144,[262144],0,0,0,[0]
F03,91006,M_EVENT_16,4,1,12720114,12720114,12720114,[12720114],321,321,321,[321],319,319,319,[319],0,0,0,[0],319,319,319,[319],8,8,8,[8],2,2,2,[2],0,0,0,[0],2,2,2,[2],262144,262144,262144,[262144],0,0,0,[0]
F03,91006,M_FIXED_128,2,1,21541970,21541970,21541970,[21541970],564,564,564,[564],311,311,311,[311],250,250,250,[250],561,561,561,[561],8,8,8,[8],3,3,3,[3],0,0,0,[0],3,3,3,[3],262144,262144,262144,[262144],0,0,0,[0]
F03,91006,M_FIXED_2048,2,1,244430414,244430414,244430414,[244430414],0,0,0,[0],0,0,0,[0],0,0,0,[0],0,0,0,[0],0,0,0,[0],0,0,0,[0],0,0,0,[0],0,0,0,[0],262144,262144,262144,[262144],0,0,0,[0]
F03,91006,M_LIST,6,1,NA,NA,NA,"[""NA""]",0,0,0,[0],0,0,0,[0],0,0,0,[0],0,0,0,[0],0,0,0,[0],0,0,0,[0],0,0,0,[0],0,0,0,[0],262144,262144,262144,[262144],0,0,0,[0]
F03,91006,M_NO_IDLE,2,1,217024404,217024404,217024404,[217024404],32,32,32,[32],0,0,0,[0],0,0,0,[0],0,0,0,[0],32,32,32,[32],32,32,32,[32],1,1,1,[1],2,2,2,[2],262144,262144,262144,[262144],0,0,0,[0]
F03,91006,M_OBSERVE_LIST,4,1,244430414,244430414,244430414,[244430414],0,0,0,[0],0,0,0,[0],0,0,0,[0],0,0,0,[0],0,0,0,[0],0,0,0,[0],0,0,0,[0],0,0,0,[0],262144,262144,262144,[262144],0,0,0,[0]
F03,91006,Original,4,1,NA,NA,NA,"[""NA""]",0,0,0,[0],NA,NA,NA,"[""NA""]",NA,NA,NA,"[""NA""]",NA,NA,NA,"[""NA""]",NA,NA,NA,"[""NA""]",0,0,0,[0],NA,NA,NA,"[""NA""]",NA,NA,NA,"[""NA""]",262144,262144,262144,[262144],NA,NA,NA,"[""NA""]"
F03,91006,R6,16,1,39580148,39580148,39580148,[39580148],300,300,300,[300],298,298,298,[298],0,0,0,[0],298,298,298,[298],7,7,7,[7],2,2,2,[2],0,0,0,[0],2,2,2,[2],262144,262144,262144,[262144],0,0,0,[0]
F03,91007,M_EVENT_16,4,1,9670266,9670266,9670266,[9670266],263,263,263,[263],261,261,261,[261],0,0,0,[0],261,261,261,[261],8,8,8,[8],2,2,2,[2],0,0,0,[0],2,2,2,[2],262144,262144,262144,[262144],0,0,0,[0]
F03,91007,M_FIXED_128,2,1,18817484,18817484,18817484,[18817484],543,543,543,[543],255,255,255,[255],285,285,285,[285],540,540,540,[540],7,7,7,[7],3,3,3,[3],0,0,0,[0],3,3,3,[3],262144,262144,262144,[262144],0,0,0,[0]
F03,91007,M_FIXED_2048,2,1,284408894,284408894,284408894,[284408894],0,0,0,[0],0,0,0,[0],0,0,0,[0],0,0,0,[0],0,0,0,[0],0,0,0,[0],0,0,0,[0],0,0,0,[0],262144,262144,262144,[262144],0,0,0,[0]
F03,91007,M_LIST,6,1,NA,NA,NA,"[""NA""]",0,0,0,[0],0,0,0,[0],0,0,0,[0],0,0,0,[0],0,0,0,[0],0,0,0,[0],0,0,0,[0],0,0,0,[0],262144,262144,262144,[262144],0,0,0,[0]
F03,91007,M_NO_IDLE,2,1,249991262,249991262,249991262,[249991262],32,32,32,[32],0,0,0,[0],0,0,0,[0],0,0,0,[0],32,32,32,[32],32,32,32,[32],1,1,1,[1],2,2,2,[2],262144,262144,262144,[262144],0,0,0,[0]
F03,91007,M_OBSERVE_LIST,4,1,284408894,284408894,284408894,[284408894],0,0,0,[0],0,0,0,[0],0,0,0,[0],0,0,0,[0],0,0,0,[0],0,0,0,[0],0,0,0,[0],0,0,0,[0],262144,262144,262144,[262144],0,0,0,[0]
F03,91007,Original,4,1,NA,NA,NA,"[""NA""]",0,0,0,[0],NA,NA,NA,"[""NA""]",NA,NA,NA,"[""NA""]",NA,NA,NA,"[""NA""]",NA,NA,NA,"[""NA""]",0,0,0,[0],NA,NA,NA,"[""NA""]",NA,NA,NA,"[""NA""]",262144,262144,262144,[262144],NA,NA,NA,"[""NA""]"
F03,91007,R6,16,1,36235906,36235906,36235906,[36235906],249,249,249,[249],247,247,247,[247],0,0,0,[0],247,247,247,[247],6,6,6,[6],2,2,2,[2],0,0,0,[0],1,1,1,[1],262144,262144,262144,[262144],0,0,0,[0]
F03,91008,M_EVENT_16,4,1,13037564,13037564,13037564,[13037564],346,346,346,[346],341,341,341,[341],0,0,0,[0],341,341,341,[341],8,8,8,[8],5,5,5,[5],1,1,1,[1],2,2,2,[2],262144,262144,262144,[262144],0,0,0,[0]
F03,91008,M_FIXED_128,2,1,25195744,25195744,25195744,[25195744],591,591,591,[591],327,327,327,[327],259,259,259,[259],586,586,586,[586],8,8,8,[8],5,5,5,[5],2,2,2,[2],3,3,3,[3],262144,262144,262144,[262144],0,0,0,[0]
F03,91008,M_FIXED_2048,2,1,224941734,224941734,224941734,[224941734],0,0,0,[0],0,0,0,[0],0,0,0,[0],0,0,0,[0],0,0,0,[0],0,0,0,[0],0,0,0,[0],0,0,0,[0],262144,262144,262144,[262144],0,0,0,[0]
F03,91008,M_LIST,6,1,NA,NA,NA,"[""NA""]",0,0,0,[0],0,0,0,[0],0,0,0,[0],0,0,0,[0],0,0,0,[0],0,0,0,[0],0,0,0,[0],0,0,0,[0],262144,262144,262144,[262144],0,0,0,[0]
F03,91008,M_NO_IDLE,2,1,220945368,220945368,220945368,[220945368],32,32,32,[32],0,0,0,[0],0,0,0,[0],0,0,0,[0],32,32,32,[32],32,32,32,[32],1,1,1,[1],2,2,2,[2],262144,262144,262144,[262144],0,0,0,[0]
F03,91008,M_OBSERVE_LIST,4,1,224941734,224941734,224941734,[224941734],0,0,0,[0],0,0,0,[0],0,0,0,[0],0,0,0,[0],0,0,0,[0],0,0,0,[0],0,0,0,[0],0,0,0,[0],262144,262144,262144,[262144],0,0,0,[0]
F03,91008,Original,4,1,NA,NA,NA,"[""NA""]",0,0,0,[0],NA,NA,NA,"[""NA""]",NA,NA,NA,"[""NA""]",NA,NA,NA,"[""NA""]",NA,NA,NA,"[""NA""]",0,0,0,[0],NA,NA,NA,"[""NA""]",NA,NA,NA,"[""NA""]",262144,262144,262144,[262144],NA,NA,NA,"[""NA""]"
F03,91008,R6,16,1,43617288,43617288,43617288,[43617288],319,319,319,[319],314,314,314,[314],0,0,0,[0],314,314,314,[314],7,7,7,[7],5,5,5,[5],1,1,1,[1],2,2,2,[2],262144,262144,262144,[262144],0,0,0,[0]
F03,91009,M_EVENT_16,4,1,11724854,11724854,11724854,[11724854],297,297,297,[297],296,296,296,[296],0,0,0,[0],296,296,296,[296],8,8,8,[8],1,1,1,[1],0,0,0,[0],2,2,2,[2],262144,262144,262144,[262144],0,0,0,[0]
F03,91009,M_FIXED_128,2,1,21386444,21386444,21386444,[21386444],556,556,556,[556],287,287,287,[287],267,267,267,[267],554,554,554,[554],8,8,8,[8],2,2,2,[2],0,0,0,[0],3,3,3,[3],262144,262144,262144,[262144],0,0,0,[0]
F03,91009,M_FIXED_2048,2,1,258761778,258761778,258761778,[258761778],0,0,0,[0],0,0,0,[0],0,0,0,[0],0,0,0,[0],0,0,0,[0],0,0,0,[0],0,0,0,[0],0,0,0,[0],262144,262144,262144,[262144],0,0,0,[0]
F03,91009,M_LIST,6,1,NA,NA,NA,"[""NA""]",0,0,0,[0],0,0,0,[0],0,0,0,[0],0,0,0,[0],0,0,0,[0],0,0,0,[0],0,0,0,[0],0,0,0,[0],262144,262144,262144,[262144],0,0,0,[0]
F03,91009,M_NO_IDLE,2,1,245000262,245000262,245000262,[245000262],32,32,32,[32],0,0,0,[0],0,0,0,[0],0,0,0,[0],32,32,32,[32],32,32,32,[32],1,1,1,[1],2,2,2,[2],262144,262144,262144,[262144],0,0,0,[0]
F03,91009,M_OBSERVE_LIST,4,1,258761778,258761778,258761778,[258761778],0,0,0,[0],0,0,0,[0],0,0,0,[0],0,0,0,[0],0,0,0,[0],0,0,0,[0],0,0,0,[0],0,0,0,[0],262144,262144,262144,[262144],0,0,0,[0]
F03,91009,Original,4,1,NA,NA,NA,"[""NA""]",0,0,0,[0],NA,NA,NA,"[""NA""]",NA,NA,NA,"[""NA""]",NA,NA,NA,"[""NA""]",NA,NA,NA,"[""NA""]",0,0,0,[0],NA,NA,NA,"[""NA""]",NA,NA,NA,"[""NA""]",262144,262144,262144,[262144],NA,NA,NA,"[""NA""]"
F03,91009,R6,16,1,38180604,38180604,38180604,[38180604],283,283,283,[283],281,281,281,[281],0,0,0,[0],281,281,281,[281],8,8,8,[8],2,2,2,[2],0,0,0,[0],1,1,1,[1],262144,262144,262144,[262144],0,0,0,[0]
F03,91010,M_EVENT_16,4,1,12737022,12737022,12737022,[12737022],327,327,327,[327],326,326,326,[326],0,0,0,[0],326,326,326,[326],8,8,8,[8],1,1,1,[1],0,0,0,[0],2,2,2,[2],262144,262144,262144,[262144],0,0,0,[0]
F03,91010,M_FIXED_128,2,1,24144020,24144020,24144020,[24144020],582,582,582,[582],315,315,315,[315],265,265,265,[265],580,580,580,[580],7,7,7,[7],2,2,2,[2],1,1,1,[1],4,4,4,[4],262144,262144,262144,[262144],0,0,0,[0]
F03,91010,M_FIXED_2048,2,1,228443738,228443738,228443738,[228443738],0,0,0,[0],0,0,0,[0],0,0,0,[0],0,0,0,[0],0,0,0,[0],0,0,0,[0],0,0,0,[0],0,0,0,[0],262144,262144,262144,[262144],0,0,0,[0]
F03,91010,M_LIST,6,1,NA,NA,NA,"[""NA""]",0,0,0,[0],0,0,0,[0],0,0,0,[0],0,0,0,[0],0,0,0,[0],0,0,0,[0],0,0,0,[0],0,0,0,[0],262144,262144,262144,[262144],0,0,0,[0]
F03,91010,M_NO_IDLE,2,1,212082144,212082144,212082144,[212082144],32,32,32,[32],0,0,0,[0],0,0,0,[0],0,0,0,[0],32,32,32,[32],32,32,32,[32],1,1,1,[1],2,2,2,[2],262144,262144,262144,[262144],0,0,0,[0]
F03,91010,M_OBSERVE_LIST,4,1,228443738,228443738,228443738,[228443738],0,0,0,[0],0,0,0,[0],0,0,0,[0],0,0,0,[0],0,0,0,[0],0,0,0,[0],0,0,0,[0],0,0,0,[0],262144,262144,262144,[262144],0,0,0,[0]
F03,91010,Original,4,1,NA,NA,NA,"[""NA""]",0,0,0,[0],NA,NA,NA,"[""NA""]",NA,NA,NA,"[""NA""]",NA,NA,NA,"[""NA""]",NA,NA,NA,"[""NA""]",0,0,0,[0],NA,NA,NA,"[""NA""]",NA,NA,NA,"[""NA""]",262144,262144,262144,[262144],NA,NA,NA,"[""NA""]"
F03,91010,R6,16,1,43144564,43144564,43144564,[43144564],312,312,312,[312],310,310,310,[310],0,0,0,[0],310,310,310,[310],7,7,7,[7],2,2,2,[2],0,0,0,[0],1,1,1,[1],262144,262144,262144,[262144],0,0,0,[0]
F04,91001,M_EVENT_16,4,4,VARIES,43750774,43850576,"[43750774, 43778232, 43849408, 43850576]",VARIES,51,52,"[51, 52]",VARIES,50,51,"[50, 51]",1,1,1,[1],VARIES,51,52,"[51, 52]",32,32,32,[32],0,0,0,[0],0,0,0,[0],172,172,172,[172],262144,262144,262144,[262144],0,0,0,[0]
F04,91001,M_FIXED_128,2,1,50052196,50052196,50052196,[50052196],697,697,697,[697],613,613,613,[613],82,82,82,[82],695,695,695,[695],32,32,32,[32],2,2,2,[2],0,0,0,[0],198,198,198,[198],262144,262144,262144,[262144],0,0,0,[0]
F04,91001,M_FIXED_2048,2,1,62292498,62292498,62292498,[62292498],0,0,0,[0],0,0,0,[0],0,0,0,[0],0,0,0,[0],0,0,0,[0],0,0,0,[0],0,0,0,[0],0,0,0,[0],262144,262144,262144,[262144],0,0,0,[0]
F04,91001,M_LIST,6,1,NA,NA,NA,"[""NA""]",0,0,0,[0],0,0,0,[0],0,0,0,[0],0,0,0,[0],0,0,0,[0],0,0,0,[0],0,0,0,[0],0,0,0,[0],262144,262144,262144,[262144],0,0,0,[0]
F04,91001,M_NO_IDLE,2,1,47638914,47638914,47638914,[47638914],32,32,32,[32],0,0,0,[0],31,31,31,[31],31,31,31,[31],32,32,32,[32],1,1,1,[1],0,0,0,[0],124,124,124,[124],262144,262144,262144,[262144],0,0,0,[0]
F04,91001,M_OBSERVE_LIST,4,1,62292498,62292498,62292498,[62292498],0,0,0,[0],0,0,0,[0],0,0,0,[0],0,0,0,[0],0,0,0,[0],0,0,0,[0],0,0,0,[0],0,0,0,[0],262144,262144,262144,[262144],0,0,0,[0]
F04,91001,Original,4,1,NA,NA,NA,"[""NA""]",0,0,0,[0],NA,NA,NA,"[""NA""]",NA,NA,NA,"[""NA""]",NA,NA,NA,"[""NA""]",NA,NA,NA,"[""NA""]",0,0,0,[0],NA,NA,NA,"[""NA""]",NA,NA,NA,"[""NA""]",262144,262144,262144,[262144],NA,NA,NA,"[""NA""]"
F04,91001,R6,16,1,47619682,47619682,47619682,[47619682],55,55,55,[55],54,54,54,[54],1,1,1,[1],55,55,55,[55],32,32,32,[32],0,0,0,[0],0,0,0,[0],121,121,121,[121],262144,262144,262144,[262144],0,0,0,[0]
F04,91002,M_EVENT_16,4,3,VARIES,41304580,41313490,"[41304580, 41305410, 41313490]",48,48,48,[48],47,47,47,[47],1,1,1,[1],48,48,48,[48],32,32,32,[32],0,0,0,[0],0,0,0,[0],174,174,174,[174],262144,262144,262144,[262144],0,0,0,[0]
F04,91002,M_FIXED_128,2,1,45579742,45579742,45579742,[45579742],725,725,725,[725],648,648,648,[648],72,72,72,[72],720,720,720,[720],32,32,32,[32],5,5,5,[5],1,1,1,[1],205,205,205,[205],262144,262144,262144,[262144],0,0,0,[0]
F04,91002,M_FIXED_2048,2,1,56778850,56778850,56778850,[56778850],0,0,0,[0],0,0,0,[0],0,0,0,[0],0,0,0,[0],0,0,0,[0],0,0,0,[0],0,0,0,[0],0,0,0,[0],262144,262144,262144,[262144],0,0,0,[0]
F04,91002,M_LIST,6,1,NA,NA,NA,"[""NA""]",0,0,0,[0],0,0,0,[0],0,0,0,[0],0,0,0,[0],0,0,0,[0],0,0,0,[0],0,0,0,[0],0,0,0,[0],262144,262144,262144,[262144],0,0,0,[0]
F04,91002,M_NO_IDLE,2,1,49502636,49502636,49502636,[49502636],33,33,33,[33],0,0,0,[0],33,33,33,[33],33,33,33,[33],32,32,32,[32],0,0,0,[0],0,0,0,[0],108,108,108,[108],262144,262144,262144,[262144],0,0,0,[0]
F04,91002,M_OBSERVE_LIST,4,1,56778850,56778850,56778850,[56778850],0,0,0,[0],0,0,0,[0],0,0,0,[0],0,0,0,[0],0,0,0,[0],0,0,0,[0],0,0,0,[0],0,0,0,[0],262144,262144,262144,[262144],0,0,0,[0]
F04,91002,Original,4,1,NA,NA,NA,"[""NA""]",0,0,0,[0],NA,NA,NA,"[""NA""]",NA,NA,NA,"[""NA""]",NA,NA,NA,"[""NA""]",NA,NA,NA,"[""NA""]",0,0,0,[0],NA,NA,NA,"[""NA""]",NA,NA,NA,"[""NA""]",262144,262144,262144,[262144],NA,NA,NA,"[""NA""]"
F04,91002,R6,16,1,45988806,45988806,45988806,[45988806],56,56,56,[56],55,55,55,[55],1,1,1,[1],56,56,56,[56],32,32,32,[32],0,0,0,[0],0,0,0,[0],102,102,102,[102],262144,262144,262144,[262144],0,0,0,[0]
F04,91003,M_EVENT_16,4,2,VARIES,45839912,45895378,"[45839912, 45895378]",VARIES,46,47,"[46, 47]",VARIES,45,46,"[45, 46]",1,1,1,[1],VARIES,46,47,"[46, 47]",32,32,32,[32],0,0,0,[0],0,0,0,[0],VARIES,177,178,"[177, 178]",262144,262144,262144,[262144],0,0,0,[0]
F04,91003,M_FIXED_128,2,1,46387778,46387778,46387778,[46387778],709,709,709,[709],633,633,633,[633],74,74,74,[74],707,707,707,[707],32,32,32,[32],2,2,2,[2],0,0,0,[0],200,200,200,[200],262144,262144,262144,[262144],0,0,0,[0]
F04,91003,M_FIXED_2048,2,1,57791838,57791838,57791838,[57791838],0,0,0,[0],0,0,0,[0],0,0,0,[0],0,0,0,[0],0,0,0,[0],0,0,0,[0],0,0,0,[0],0,0,0,[0],262144,262144,262144,[262144],0,0,0,[0]
F04,91003,M_LIST,6,1,NA,NA,NA,"[""NA""]",0,0,0,[0],0,0,0,[0],0,0,0,[0],0,0,0,[0],0,0,0,[0],0,0,0,[0],0,0,0,[0],0,0,0,[0],262144,262144,262144,[262144],0,0,0,[0]
F04,91003,M_NO_IDLE,2,1,50238780,50238780,50238780,[50238780],32,32,32,[32],0,0,0,[0],32,32,32,[32],32,32,32,[32],32,32,32,[32],0,0,0,[0],0,0,0,[0],129,129,129,[129],262144,262144,262144,[262144],0,0,0,[0]
F04,91003,M_OBSERVE_LIST,4,1,57791838,57791838,57791838,[57791838],0,0,0,[0],0,0,0,[0],0,0,0,[0],0,0,0,[0],0,0,0,[0],0,0,0,[0],0,0,0,[0],0,0,0,[0],262144,262144,262144,[262144],0,0,0,[0]
F04,91003,Original,4,1,NA,NA,NA,"[""NA""]",0,0,0,[0],NA,NA,NA,"[""NA""]",NA,NA,NA,"[""NA""]",NA,NA,NA,"[""NA""]",NA,NA,NA,"[""NA""]",0,0,0,[0],NA,NA,NA,"[""NA""]",NA,NA,NA,"[""NA""]",262144,262144,262144,[262144],NA,NA,NA,"[""NA""]"
F04,91003,R6,16,1,50270156,50270156,50270156,[50270156],58,58,58,[58],58,58,58,[58],0,0,0,[0],58,58,58,[58],32,32,32,[32],0,0,0,[0],0,0,0,[0],123,123,123,[123],262144,262144,262144,[262144],0,0,0,[0]
F04,91004,M_EVENT_16,4,3,VARIES,38584640,38622554,"[38584640, 38585602, 38622554]",53,53,53,[53],53,53,53,[53],0,0,0,[0],53,53,53,[53],32,32,32,[32],0,0,0,[0],0,0,0,[0],159,159,159,[159],262144,262144,262144,[262144],0,0,0,[0]
F04,91004,M_FIXED_128,2,1,50604898,50604898,50604898,[50604898],726,726,726,[726],616,616,616,[616],108,108,108,[108],724,724,724,[724],32,32,32,[32],2,2,2,[2],1,1,1,[1],204,204,204,[204],262144,262144,262144,[262144],0,0,0,[0]
F04,91004,M_FIXED_2048,2,1,62927260,62927260,62927260,[62927260],0,0,0,[0],0,0,0,[0],0,0,0,[0],0,0,0,[0],0,0,0,[0],0,0,0,[0],0,0,0,[0],0,0,0,[0],262144,262144,262144,[262144],0,0,0,[0]
F04,91004,M_LIST,6,1,NA,NA,NA,"[""NA""]",0,0,0,[0],0,0,0,[0],0,0,0,[0],0,0,0,[0],0,0,0,[0],0,0,0,[0],0,0,0,[0],0,0,0,[0],262144,262144,262144,[262144],0,0,0,[0]
F04,91004,M_NO_IDLE,2,1,47434674,47434674,47434674,[47434674],32,32,32,[32],0,0,0,[0],30,30,30,[30],30,30,30,[30],32,32,32,[32],2,2,2,[2],0,0,0,[0],95,95,95,[95],262144,262144,262144,[262144],0,0,0,[0]
F04,91004,M_OBSERVE_LIST,4,1,62927260,62927260,62927260,[62927260],0,0,0,[0],0,0,0,[0],0,0,0,[0],0,0,0,[0],0,0,0,[0],0,0,0,[0],0,0,0,[0],0,0,0,[0],262144,262144,262144,[262144],0,0,0,[0]
F04,91004,Original,4,1,NA,NA,NA,"[""NA""]",0,0,0,[0],NA,NA,NA,"[""NA""]",NA,NA,NA,"[""NA""]",NA,NA,NA,"[""NA""]",NA,NA,NA,"[""NA""]",0,0,0,[0],NA,NA,NA,"[""NA""]",NA,NA,NA,"[""NA""]",262144,262144,262144,[262144],NA,NA,NA,"[""NA""]"
F04,91004,R6,16,1,42436124,42436124,42436124,[42436124],69,69,69,[69],69,69,69,[69],0,0,0,[0],69,69,69,[69],32,32,32,[32],0,0,0,[0],0,0,0,[0],88,88,88,[88],262144,262144,262144,[262144],0,0,0,[0]
F04,91005,M_EVENT_16,4,2,VARIES,47473022,47500016,"[47473022, 47500016]",47,47,47,[47],46,46,46,[46],1,1,1,[1],47,47,47,[47],32,32,32,[32],0,0,0,[0],0,0,0,[0],163,163,163,[163],262144,262144,262144,[262144],0,0,0,[0]
F04,91005,M_FIXED_128,2,1,54148510,54148510,54148510,[54148510],722,722,722,[722],631,631,631,[631],86,86,86,[86],717,717,717,[717],32,32,32,[32],5,5,5,[5],1,1,1,[1],186,186,186,[186],262144,262144,262144,[262144],0,0,0,[0]
F04,91005,M_FIXED_2048,2,1,66664906,66664906,66664906,[66664906],0,0,0,[0],0,0,0,[0],0,0,0,[0],0,0,0,[0],0,0,0,[0],0,0,0,[0],0,0,0,[0],0,0,0,[0],262144,262144,262144,[262144],0,0,0,[0]
F04,91005,M_LIST,6,1,NA,NA,NA,"[""NA""]",0,0,0,[0],0,0,0,[0],0,0,0,[0],0,0,0,[0],0,0,0,[0],0,0,0,[0],0,0,0,[0],0,0,0,[0],262144,262144,262144,[262144],0,0,0,[0]
F04,91005,M_NO_IDLE,2,1,52519476,52519476,52519476,[52519476],32,32,32,[32],0,0,0,[0],31,31,31,[31],31,31,31,[31],32,32,32,[32],1,1,1,[1],0,0,0,[0],118,118,118,[118],262144,262144,262144,[262144],0,0,0,[0]
F04,91005,M_OBSERVE_LIST,4,1,66664906,66664906,66664906,[66664906],0,0,0,[0],0,0,0,[0],0,0,0,[0],0,0,0,[0],0,0,0,[0],0,0,0,[0],0,0,0,[0],0,0,0,[0],262144,262144,262144,[262144],0,0,0,[0]
F04,91005,Original,4,1,NA,NA,NA,"[""NA""]",0,0,0,[0],NA,NA,NA,"[""NA""]",NA,NA,NA,"[""NA""]",NA,NA,NA,"[""NA""]",NA,NA,NA,"[""NA""]",0,0,0,[0],NA,NA,NA,"[""NA""]",NA,NA,NA,"[""NA""]",262144,262144,262144,[262144],NA,NA,NA,"[""NA""]"
F04,91005,R6,16,1,51921448,51921448,51921448,[51921448],66,66,66,[66],64,64,64,[64],2,2,2,[2],66,66,66,[66],32,32,32,[32],0,0,0,[0],0,0,0,[0],110,110,110,[110],262144,262144,262144,[262144],0,0,0,[0]
F04,91006,M_EVENT_16,4,4,VARIES,46275176,46338316,"[46275176, 46278170, 46334890, 46338316]",VARIES,48,49,"[48, 49]",VARIES,47,48,"[47, 48]",1,1,1,[1],VARIES,48,49,"[48, 49]",32,32,32,[32],0,0,0,[0],0,0,0,[0],178,178,178,[178],262144,262144,262144,[262144],0,0,0,[0]
F04,91006,M_FIXED_128,2,1,56108570,56108570,56108570,[56108570],717,717,717,[717],621,621,621,[621],91,91,91,[91],712,712,712,[712],32,32,32,[32],5,5,5,[5],2,2,2,[2],195,195,195,[195],262144,262144,262144,[262144],0,0,0,[0]
F04,91006,M_FIXED_2048,2,1,68231648,68231648,68231648,[68231648],0,0,0,[0],0,0,0,[0],0,0,0,[0],0,0,0,[0],0,0,0,[0],0,0,0,[0],0,0,0,[0],0,0,0,[0],262144,262144,262144,[262144],0,0,0,[0]
F04,91006,M_LIST,6,1,NA,NA,NA,"[""NA""]",0,0,0,[0],0,0,0,[0],0,0,0,[0],0,0,0,[0],0,0,0,[0],0,0,0,[0],0,0,0,[0],0,0,0,[0],262144,262144,262144,[262144],0,0,0,[0]
F04,91006,M_NO_IDLE,2,1,50146704,50146704,50146704,[50146704],32,32,32,[32],0,0,0,[0],31,31,31,[31],31,31,31,[31],32,32,32,[32],1,1,1,[1],0,0,0,[0],124,124,124,[124],262144,262144,262144,[262144],0,0,0,[0]
F04,91006,M_OBSERVE_LIST,4,1,68231648,68231648,68231648,[68231648],0,0,0,[0],0,0,0,[0],0,0,0,[0],0,0,0,[0],0,0,0,[0],0,0,0,[0],0,0,0,[0],0,0,0,[0],262144,262144,262144,[262144],0,0,0,[0]
F04,91006,Original,4,1,NA,NA,NA,"[""NA""]",0,0,0,[0],NA,NA,NA,"[""NA""]",NA,NA,NA,"[""NA""]",NA,NA,NA,"[""NA""]",NA,NA,NA,"[""NA""]",0,0,0,[0],NA,NA,NA,"[""NA""]",NA,NA,NA,"[""NA""]",262144,262144,262144,[262144],NA,NA,NA,"[""NA""]"
F04,91006,R6,16,1,50421176,50421176,50421176,[50421176],56,56,56,[56],56,56,56,[56],0,0,0,[0],56,56,56,[56],32,32,32,[32],0,0,0,[0],0,0,0,[0],124,124,124,[124],262144,262144,262144,[262144],0,0,0,[0]
F04,91007,M_EVENT_16,4,2,VARIES,39472750,39472866,"[39472750, 39472866]",51,51,51,[51],50,50,50,[50],1,1,1,[1],51,51,51,[51],32,32,32,[32],0,0,0,[0],0,0,0,[0],168,168,168,[168],262144,262144,262144,[262144],0,0,0,[0]
F04,91007,M_FIXED_128,2,1,43072086,43072086,43072086,[43072086],731,731,731,[731],608,608,608,[608],120,120,120,[120],728,728,728,[728],32,32,32,[32],3,3,3,[3],1,1,1,[1],217,217,217,[217],262144,262144,262144,[262144],0,0,0,[0]
F04,91007,M_FIXED_2048,2,1,54134008,54134008,54134008,[54134008],0,0,0,[0],0,0,0,[0],0,0,0,[0],0,0,0,[0],0,0,0,[0],0,0,0,[0],0,0,0,[0],0,0,0,[0],262144,262144,262144,[262144],0,0,0,[0]
F04,91007,M_LIST,6,1,NA,NA,NA,"[""NA""]",0,0,0,[0],0,0,0,[0],0,0,0,[0],0,0,0,[0],0,0,0,[0],0,0,0,[0],0,0,0,[0],0,0,0,[0],262144,262144,262144,[262144],0,0,0,[0]
F04,91007,M_NO_IDLE,2,1,48666440,48666440,48666440,[48666440],32,32,32,[32],0,0,0,[0],32,32,32,[32],32,32,32,[32],32,32,32,[32],0,0,0,[0],0,0,0,[0],104,104,104,[104],262144,262144,262144,[262144],0,0,0,[0]
F04,91007,M_OBSERVE_LIST,4,1,54134008,54134008,54134008,[54134008],0,0,0,[0],0,0,0,[0],0,0,0,[0],0,0,0,[0],0,0,0,[0],0,0,0,[0],0,0,0,[0],0,0,0,[0],262144,262144,262144,[262144],0,0,0,[0]
F04,91007,Original,4,1,NA,NA,NA,"[""NA""]",0,0,0,[0],NA,NA,NA,"[""NA""]",NA,NA,NA,"[""NA""]",NA,NA,NA,"[""NA""]",NA,NA,NA,"[""NA""]",0,0,0,[0],NA,NA,NA,"[""NA""]",NA,NA,NA,"[""NA""]",262144,262144,262144,[262144],NA,NA,NA,"[""NA""]"
F04,91007,R6,16,1,42518668,42518668,42518668,[42518668],63,63,63,[63],63,63,63,[63],0,0,0,[0],63,63,63,[63],32,32,32,[32],0,0,0,[0],0,0,0,[0],95,95,95,[95],262144,262144,262144,[262144],0,0,0,[0]
F04,91008,M_EVENT_16,4,3,VARIES,47048476,47082448,"[47048476, 47065400, 47082448]",VARIES,51,53,"[51, 52, 53]",VARIES,49,51,"[49, 50, 51]",2,2,2,[2],VARIES,51,53,"[51, 52, 53]",32,32,32,[32],0,0,0,[0],0,0,0,[0],172,172,172,[172],262144,262144,262144,[262144],0,0,0,[0]
F04,91008,M_FIXED_128,2,1,50542220,50542220,50542220,[50542220],711,711,711,[711],632,632,632,[632],77,77,77,[77],709,709,709,[709],32,32,32,[32],2,2,2,[2],0,0,0,[0],197,197,197,[197],262144,262144,262144,[262144],0,0,0,[0]
F04,91008,M_FIXED_2048,2,1,62292578,62292578,62292578,[62292578],0,0,0,[0],0,0,0,[0],0,0,0,[0],0,0,0,[0],0,0,0,[0],0,0,0,[0],0,0,0,[0],0,0,0,[0],262144,262144,262144,[262144],0,0,0,[0]
F04,91008,M_LIST,6,1,NA,NA,NA,"[""NA""]",0,0,0,[0],0,0,0,[0],0,0,0,[0],0,0,0,[0],0,0,0,[0],0,0,0,[0],0,0,0,[0],0,0,0,[0],262144,262144,262144,[262144],0,0,0,[0]
F04,91008,M_NO_IDLE,2,1,54106964,54106964,54106964,[54106964],32,32,32,[32],0,0,0,[0],32,32,32,[32],32,32,32,[32],32,32,32,[32],0,0,0,[0],0,0,0,[0],126,126,126,[126],262144,262144,262144,[262144],0,0,0,[0]
F04,91008,M_OBSERVE_LIST,4,1,62292578,62292578,62292578,[62292578],0,0,0,[0],0,0,0,[0],0,0,0,[0],0,0,0,[0],0,0,0,[0],0,0,0,[0],0,0,0,[0],0,0,0,[0],262144,262144,262144,[262144],0,0,0,[0]
F04,91008,Original,4,1,NA,NA,NA,"[""NA""]",0,0,0,[0],NA,NA,NA,"[""NA""]",NA,NA,NA,"[""NA""]",NA,NA,NA,"[""NA""]",NA,NA,NA,"[""NA""]",0,0,0,[0],NA,NA,NA,"[""NA""]",NA,NA,NA,"[""NA""]",262144,262144,262144,[262144],NA,NA,NA,"[""NA""]"
F04,91008,R6,16,1,51828824,51828824,51828824,[51828824],62,62,62,[62],61,61,61,[61],1,1,1,[1],62,62,62,[62],32,32,32,[32],0,0,0,[0],0,0,0,[0],122,122,122,[122],262144,262144,262144,[262144],0,0,0,[0]
F04,91009,M_EVENT_16,4,2,VARIES,41872712,41924924,"[41872712, 41924924]",VARIES,47,48,"[47, 48]",VARIES,47,48,"[47, 48]",0,0,0,[0],VARIES,47,48,"[47, 48]",32,32,32,[32],0,0,0,[0],0,0,0,[0],189,189,189,[189],262144,262144,262144,[262144],0,0,0,[0]
F04,91009,M_FIXED_128,2,2,VARIES,50734080,50756144,"[50734080, 50756144]",VARIES,697,700,"[697, 700]",VARIES,602,605,"[602, 605]",93,93,93,[93],VARIES,695,698,"[695, 698]",32,32,32,[32],2,2,2,[2],0,0,0,[0],217,217,217,[217],262144,262144,262144,[262144],0,0,0,[0]
F04,91009,M_FIXED_2048,2,1,61142212,61142212,61142212,[61142212],0,0,0,[0],0,0,0,[0],0,0,0,[0],0,0,0,[0],0,0,0,[0],0,0,0,[0],0,0,0,[0],0,0,0,[0],262144,262144,262144,[262144],0,0,0,[0]
F04,91009,M_LIST,6,1,NA,NA,NA,"[""NA""]",0,0,0,[0],0,0,0,[0],0,0,0,[0],0,0,0,[0],0,0,0,[0],0,0,0,[0],0,0,0,[0],0,0,0,[0],262144,262144,262144,[262144],0,0,0,[0]
F04,91009,M_NO_IDLE,2,1,44745570,44745570,44745570,[44745570],32,32,32,[32],0,0,0,[0],31,31,31,[31],31,31,31,[31],32,32,32,[32],1,1,1,[1],0,0,0,[0],121,121,121,[121],262144,262144,262144,[262144],0,0,0,[0]
F04,91009,M_OBSERVE_LIST,4,1,61142212,61142212,61142212,[61142212],0,0,0,[0],0,0,0,[0],0,0,0,[0],0,0,0,[0],0,0,0,[0],0,0,0,[0],0,0,0,[0],0,0,0,[0],262144,262144,262144,[262144],0,0,0,[0]
F04,91009,Original,4,1,NA,NA,NA,"[""NA""]",0,0,0,[0],NA,NA,NA,"[""NA""]",NA,NA,NA,"[""NA""]",NA,NA,NA,"[""NA""]",NA,NA,NA,"[""NA""]",0,0,0,[0],NA,NA,NA,"[""NA""]",NA,NA,NA,"[""NA""]",262144,262144,262144,[262144],NA,NA,NA,"[""NA""]"
F04,91009,R6,16,1,44934404,44934404,44934404,[44934404],52,52,52,[52],52,52,52,[52],0,0,0,[0],52,52,52,[52],32,32,32,[32],0,0,0,[0],0,0,0,[0],117,117,117,[117],262144,262144,262144,[262144],0,0,0,[0]
F04,91010,M_EVENT_16,4,4,VARIES,44025496,44041070,"[44025496, 44025866, 44026234, 44041070]",48,48,48,[48],48,48,48,[48],0,0,0,[0],48,48,48,[48],32,32,32,[32],0,0,0,[0],0,0,0,[0],162,162,162,[162],262144,262144,262144,[262144],0,0,0,[0]
F04,91010,M_FIXED_128,2,1,48667066,48667066,48667066,[48667066],729,729,729,[729],650,650,650,[650],76,76,76,[76],726,726,726,[726],32,32,32,[32],3,3,3,[3],1,1,1,[1],194,194,194,[194],262144,262144,262144,[262144],0,0,0,[0]
F04,91010,M_FIXED_2048,2,1,60838060,60838060,60838060,[60838060],0,0,0,[0],0,0,0,[0],0,0,0,[0],0,0,0,[0],0,0,0,[0],0,0,0,[0],0,0,0,[0],0,0,0,[0],262144,262144,262144,[262144],0,0,0,[0]
F04,91010,M_LIST,6,1,NA,NA,NA,"[""NA""]",0,0,0,[0],0,0,0,[0],0,0,0,[0],0,0,0,[0],0,0,0,[0],0,0,0,[0],0,0,0,[0],0,0,0,[0],262144,262144,262144,[262144],0,0,0,[0]
F04,91010,M_NO_IDLE,2,1,54440534,54440534,54440534,[54440534],32,32,32,[32],0,0,0,[0],32,32,32,[32],32,32,32,[32],32,32,32,[32],0,0,0,[0],0,0,0,[0],114,114,114,[114],262144,262144,262144,[262144],0,0,0,[0]
F04,91010,M_OBSERVE_LIST,4,1,60838060,60838060,60838060,[60838060],0,0,0,[0],0,0,0,[0],0,0,0,[0],0,0,0,[0],0,0,0,[0],0,0,0,[0],0,0,0,[0],0,0,0,[0],262144,262144,262144,[262144],0,0,0,[0]
F04,91010,Original,4,1,NA,NA,NA,"[""NA""]",0,0,0,[0],NA,NA,NA,"[""NA""]",NA,NA,NA,"[""NA""]",NA,NA,NA,"[""NA""]",NA,NA,NA,"[""NA""]",0,0,0,[0],NA,NA,NA,"[""NA""]",NA,NA,NA,"[""NA""]",262144,262144,262144,[262144],NA,NA,NA,"[""NA""]"
F04,91010,R6,16,1,48952524,48952524,48952524,[48952524],67,67,67,[67],65,65,65,[65],2,2,2,[2],67,67,67,[67],32,32,32,[32],0,0,0,[0],0,0,0,[0],105,105,105,[105],262144,262144,262144,[262144],0,0,0,[0]
F05,91001,M_EVENT_16,4,1,4092,4092,4092,[4092],1,1,1,[1],0,0,0,[0],0,0,0,[0],0,0,0,[0],1,1,1,[1],1,1,1,[1],0,0,0,[0],1,1,1,[1],8192,8192,8192,[8192],0,0,0,[0]
F05,91001,M_FIXED_128,2,1,4092,4092,4092,[4092],1,1,1,[1],0,0,0,[0],0,0,0,[0],0,0,0,[0],1,1,1,[1],1,1,1,[1],0,0,0,[0],1,1,1,[1],8192,8192,8192,[8192],0,0,0,[0]
F05,91001,M_FIXED_2048,2,1,4092,4092,4092,[4092],1,1,1,[1],0,0,0,[0],0,0,0,[0],0,0,0,[0],1,1,1,[1],1,1,1,[1],0,0,0,[0],1,1,1,[1],8192,8192,8192,[8192],0,0,0,[0]
F05,91001,M_LIST,6,1,NA,NA,NA,"[""NA""]",0,0,0,[0],0,0,0,[0],0,0,0,[0],0,0,0,[0],0,0,0,[0],0,0,0,[0],0,0,0,[0],0,0,0,[0],8192,8192,8192,[8192],0,0,0,[0]
F05,91001,M_NO_IDLE,2,1,66132,66132,66132,[66132],0,0,0,[0],0,0,0,[0],0,0,0,[0],0,0,0,[0],0,0,0,[0],0,0,0,[0],0,0,0,[0],0,0,0,[0],8192,8192,8192,[8192],0,0,0,[0]
F05,91001,M_OBSERVE_LIST,4,1,66132,66132,66132,[66132],0,0,0,[0],0,0,0,[0],0,0,0,[0],0,0,0,[0],0,0,0,[0],0,0,0,[0],0,0,0,[0],0,0,0,[0],8192,8192,8192,[8192],0,0,0,[0]
F05,91001,Original,4,1,NA,NA,NA,"[""NA""]",0,0,0,[0],NA,NA,NA,"[""NA""]",NA,NA,NA,"[""NA""]",NA,NA,NA,"[""NA""]",NA,NA,NA,"[""NA""]",0,0,0,[0],NA,NA,NA,"[""NA""]",NA,NA,NA,"[""NA""]",8192,8192,8192,[8192],NA,NA,NA,"[""NA""]"
F05,91001,R6,16,1,66132,66132,66132,[66132],0,0,0,[0],0,0,0,[0],0,0,0,[0],0,0,0,[0],0,0,0,[0],0,0,0,[0],0,0,0,[0],0,0,0,[0],8192,8192,8192,[8192],0,0,0,[0]
F05,91002,M_EVENT_16,4,1,4172,4172,4172,[4172],1,1,1,[1],0,0,0,[0],0,0,0,[0],0,0,0,[0],1,1,1,[1],1,1,1,[1],0,0,0,[0],1,1,1,[1],8192,8192,8192,[8192],0,0,0,[0]
F05,91002,M_FIXED_128,2,1,4172,4172,4172,[4172],1,1,1,[1],0,0,0,[0],0,0,0,[0],0,0,0,[0],1,1,1,[1],1,1,1,[1],0,0,0,[0],1,1,1,[1],8192,8192,8192,[8192],0,0,0,[0]
F05,91002,M_FIXED_2048,2,1,4172,4172,4172,[4172],1,1,1,[1],0,0,0,[0],0,0,0,[0],0,0,0,[0],1,1,1,[1],1,1,1,[1],0,0,0,[0],1,1,1,[1],8192,8192,8192,[8192],0,0,0,[0]
F05,91002,M_LIST,6,1,NA,NA,NA,"[""NA""]",0,0,0,[0],0,0,0,[0],0,0,0,[0],0,0,0,[0],0,0,0,[0],0,0,0,[0],0,0,0,[0],0,0,0,[0],8192,8192,8192,[8192],0,0,0,[0]
F05,91002,M_NO_IDLE,2,1,65480,65480,65480,[65480],0,0,0,[0],0,0,0,[0],0,0,0,[0],0,0,0,[0],0,0,0,[0],0,0,0,[0],0,0,0,[0],0,0,0,[0],8192,8192,8192,[8192],0,0,0,[0]
F05,91002,M_OBSERVE_LIST,4,1,65480,65480,65480,[65480],0,0,0,[0],0,0,0,[0],0,0,0,[0],0,0,0,[0],0,0,0,[0],0,0,0,[0],0,0,0,[0],0,0,0,[0],8192,8192,8192,[8192],0,0,0,[0]
F05,91002,Original,4,1,NA,NA,NA,"[""NA""]",0,0,0,[0],NA,NA,NA,"[""NA""]",NA,NA,NA,"[""NA""]",NA,NA,NA,"[""NA""]",NA,NA,NA,"[""NA""]",0,0,0,[0],NA,NA,NA,"[""NA""]",NA,NA,NA,"[""NA""]",8192,8192,8192,[8192],NA,NA,NA,"[""NA""]"
F05,91002,R6,16,1,65480,65480,65480,[65480],0,0,0,[0],0,0,0,[0],0,0,0,[0],0,0,0,[0],0,0,0,[0],0,0,0,[0],0,0,0,[0],0,0,0,[0],8192,8192,8192,[8192],0,0,0,[0]
F05,91003,M_EVENT_16,4,1,4056,4056,4056,[4056],1,1,1,[1],0,0,0,[0],0,0,0,[0],0,0,0,[0],1,1,1,[1],1,1,1,[1],0,0,0,[0],1,1,1,[1],8192,8192,8192,[8192],0,0,0,[0]
F05,91003,M_FIXED_128,2,1,4056,4056,4056,[4056],1,1,1,[1],0,0,0,[0],0,0,0,[0],0,0,0,[0],1,1,1,[1],1,1,1,[1],0,0,0,[0],1,1,1,[1],8192,8192,8192,[8192],0,0,0,[0]
F05,91003,M_FIXED_2048,2,1,4056,4056,4056,[4056],1,1,1,[1],0,0,0,[0],0,0,0,[0],0,0,0,[0],1,1,1,[1],1,1,1,[1],0,0,0,[0],1,1,1,[1],8192,8192,8192,[8192],0,0,0,[0]
F05,91003,M_LIST,6,1,NA,NA,NA,"[""NA""]",0,0,0,[0],0,0,0,[0],0,0,0,[0],0,0,0,[0],0,0,0,[0],0,0,0,[0],0,0,0,[0],0,0,0,[0],8192,8192,8192,[8192],0,0,0,[0]
F05,91003,M_NO_IDLE,2,1,65392,65392,65392,[65392],0,0,0,[0],0,0,0,[0],0,0,0,[0],0,0,0,[0],0,0,0,[0],0,0,0,[0],0,0,0,[0],0,0,0,[0],8192,8192,8192,[8192],0,0,0,[0]
F05,91003,M_OBSERVE_LIST,4,1,65392,65392,65392,[65392],0,0,0,[0],0,0,0,[0],0,0,0,[0],0,0,0,[0],0,0,0,[0],0,0,0,[0],0,0,0,[0],0,0,0,[0],8192,8192,8192,[8192],0,0,0,[0]
F05,91003,Original,4,1,NA,NA,NA,"[""NA""]",0,0,0,[0],NA,NA,NA,"[""NA""]",NA,NA,NA,"[""NA""]",NA,NA,NA,"[""NA""]",NA,NA,NA,"[""NA""]",0,0,0,[0],NA,NA,NA,"[""NA""]",NA,NA,NA,"[""NA""]",8192,8192,8192,[8192],NA,NA,NA,"[""NA""]"
F05,91003,R6,16,1,65392,65392,65392,[65392],0,0,0,[0],0,0,0,[0],0,0,0,[0],0,0,0,[0],0,0,0,[0],0,0,0,[0],0,0,0,[0],0,0,0,[0],8192,8192,8192,[8192],0,0,0,[0]
F05,91004,M_EVENT_16,4,1,4168,4168,4168,[4168],1,1,1,[1],0,0,0,[0],0,0,0,[0],0,0,0,[0],1,1,1,[1],1,1,1,[1],0,0,0,[0],1,1,1,[1],8192,8192,8192,[8192],0,0,0,[0]
F05,91004,M_FIXED_128,2,1,4168,4168,4168,[4168],1,1,1,[1],0,0,0,[0],0,0,0,[0],0,0,0,[0],1,1,1,[1],1,1,1,[1],0,0,0,[0],1,1,1,[1],8192,8192,8192,[8192],0,0,0,[0]
F05,91004,M_FIXED_2048,2,1,4168,4168,4168,[4168],1,1,1,[1],0,0,0,[0],0,0,0,[0],0,0,0,[0],1,1,1,[1],1,1,1,[1],0,0,0,[0],1,1,1,[1],8192,8192,8192,[8192],0,0,0,[0]
F05,91004,M_LIST,6,1,NA,NA,NA,"[""NA""]",0,0,0,[0],0,0,0,[0],0,0,0,[0],0,0,0,[0],0,0,0,[0],0,0,0,[0],0,0,0,[0],0,0,0,[0],8192,8192,8192,[8192],0,0,0,[0]
F05,91004,M_NO_IDLE,2,1,65064,65064,65064,[65064],0,0,0,[0],0,0,0,[0],0,0,0,[0],0,0,0,[0],0,0,0,[0],0,0,0,[0],0,0,0,[0],0,0,0,[0],8192,8192,8192,[8192],0,0,0,[0]
F05,91004,M_OBSERVE_LIST,4,1,65064,65064,65064,[65064],0,0,0,[0],0,0,0,[0],0,0,0,[0],0,0,0,[0],0,0,0,[0],0,0,0,[0],0,0,0,[0],0,0,0,[0],8192,8192,8192,[8192],0,0,0,[0]
F05,91004,Original,4,1,NA,NA,NA,"[""NA""]",0,0,0,[0],NA,NA,NA,"[""NA""]",NA,NA,NA,"[""NA""]",NA,NA,NA,"[""NA""]",NA,NA,NA,"[""NA""]",0,0,0,[0],NA,NA,NA,"[""NA""]",NA,NA,NA,"[""NA""]",8192,8192,8192,[8192],NA,NA,NA,"[""NA""]"
F05,91004,R6,16,1,65064,65064,65064,[65064],0,0,0,[0],0,0,0,[0],0,0,0,[0],0,0,0,[0],0,0,0,[0],0,0,0,[0],0,0,0,[0],0,0,0,[0],8192,8192,8192,[8192],0,0,0,[0]
F05,91005,M_EVENT_16,4,1,4620,4620,4620,[4620],1,1,1,[1],0,0,0,[0],0,0,0,[0],0,0,0,[0],1,1,1,[1],1,1,1,[1],0,0,0,[0],1,1,1,[1],8192,8192,8192,[8192],0,0,0,[0]
F05,91005,M_FIXED_128,2,1,4620,4620,4620,[4620],1,1,1,[1],0,0,0,[0],0,0,0,[0],0,0,0,[0],1,1,1,[1],1,1,1,[1],0,0,0,[0],1,1,1,[1],8192,8192,8192,[8192],0,0,0,[0]
F05,91005,M_FIXED_2048,2,1,4620,4620,4620,[4620],1,1,1,[1],0,0,0,[0],0,0,0,[0],0,0,0,[0],1,1,1,[1],1,1,1,[1],0,0,0,[0],1,1,1,[1],8192,8192,8192,[8192],0,0,0,[0]
F05,91005,M_LIST,6,1,NA,NA,NA,"[""NA""]",0,0,0,[0],0,0,0,[0],0,0,0,[0],0,0,0,[0],0,0,0,[0],0,0,0,[0],0,0,0,[0],0,0,0,[0],8192,8192,8192,[8192],0,0,0,[0]
F05,91005,M_NO_IDLE,2,1,64920,64920,64920,[64920],0,0,0,[0],0,0,0,[0],0,0,0,[0],0,0,0,[0],0,0,0,[0],0,0,0,[0],0,0,0,[0],0,0,0,[0],8192,8192,8192,[8192],0,0,0,[0]
F05,91005,M_OBSERVE_LIST,4,1,64920,64920,64920,[64920],0,0,0,[0],0,0,0,[0],0,0,0,[0],0,0,0,[0],0,0,0,[0],0,0,0,[0],0,0,0,[0],0,0,0,[0],8192,8192,8192,[8192],0,0,0,[0]
F05,91005,Original,4,1,NA,NA,NA,"[""NA""]",0,0,0,[0],NA,NA,NA,"[""NA""]",NA,NA,NA,"[""NA""]",NA,NA,NA,"[""NA""]",NA,NA,NA,"[""NA""]",0,0,0,[0],NA,NA,NA,"[""NA""]",NA,NA,NA,"[""NA""]",8192,8192,8192,[8192],NA,NA,NA,"[""NA""]"
F05,91005,R6,16,1,64920,64920,64920,[64920],0,0,0,[0],0,0,0,[0],0,0,0,[0],0,0,0,[0],0,0,0,[0],0,0,0,[0],0,0,0,[0],0,0,0,[0],8192,8192,8192,[8192],0,0,0,[0]
F05,91006,M_EVENT_16,4,1,4168,4168,4168,[4168],1,1,1,[1],0,0,0,[0],0,0,0,[0],0,0,0,[0],1,1,1,[1],1,1,1,[1],0,0,0,[0],1,1,1,[1],8192,8192,8192,[8192],0,0,0,[0]
F05,91006,M_FIXED_128,2,1,4168,4168,4168,[4168],1,1,1,[1],0,0,0,[0],0,0,0,[0],0,0,0,[0],1,1,1,[1],1,1,1,[1],0,0,0,[0],1,1,1,[1],8192,8192,8192,[8192],0,0,0,[0]
F05,91006,M_FIXED_2048,2,1,4168,4168,4168,[4168],1,1,1,[1],0,0,0,[0],0,0,0,[0],0,0,0,[0],1,1,1,[1],1,1,1,[1],0,0,0,[0],1,1,1,[1],8192,8192,8192,[8192],0,0,0,[0]
F05,91006,M_LIST,6,1,NA,NA,NA,"[""NA""]",0,0,0,[0],0,0,0,[0],0,0,0,[0],0,0,0,[0],0,0,0,[0],0,0,0,[0],0,0,0,[0],0,0,0,[0],8192,8192,8192,[8192],0,0,0,[0]
F05,91006,M_NO_IDLE,2,1,65148,65148,65148,[65148],0,0,0,[0],0,0,0,[0],0,0,0,[0],0,0,0,[0],0,0,0,[0],0,0,0,[0],0,0,0,[0],0,0,0,[0],8192,8192,8192,[8192],0,0,0,[0]
F05,91006,M_OBSERVE_LIST,4,1,65148,65148,65148,[65148],0,0,0,[0],0,0,0,[0],0,0,0,[0],0,0,0,[0],0,0,0,[0],0,0,0,[0],0,0,0,[0],0,0,0,[0],8192,8192,8192,[8192],0,0,0,[0]
F05,91006,Original,4,1,NA,NA,NA,"[""NA""]",0,0,0,[0],NA,NA,NA,"[""NA""]",NA,NA,NA,"[""NA""]",NA,NA,NA,"[""NA""]",NA,NA,NA,"[""NA""]",0,0,0,[0],NA,NA,NA,"[""NA""]",NA,NA,NA,"[""NA""]",8192,8192,8192,[8192],NA,NA,NA,"[""NA""]"
F05,91006,R6,16,1,65148,65148,65148,[65148],0,0,0,[0],0,0,0,[0],0,0,0,[0],0,0,0,[0],0,0,0,[0],0,0,0,[0],0,0,0,[0],0,0,0,[0],8192,8192,8192,[8192],0,0,0,[0]
F05,91007,M_EVENT_16,4,1,4056,4056,4056,[4056],1,1,1,[1],0,0,0,[0],0,0,0,[0],0,0,0,[0],1,1,1,[1],1,1,1,[1],0,0,0,[0],1,1,1,[1],8192,8192,8192,[8192],0,0,0,[0]
F05,91007,M_FIXED_128,2,1,4056,4056,4056,[4056],1,1,1,[1],0,0,0,[0],0,0,0,[0],0,0,0,[0],1,1,1,[1],1,1,1,[1],0,0,0,[0],1,1,1,[1],8192,8192,8192,[8192],0,0,0,[0]
F05,91007,M_FIXED_2048,2,1,4056,4056,4056,[4056],1,1,1,[1],0,0,0,[0],0,0,0,[0],0,0,0,[0],1,1,1,[1],1,1,1,[1],0,0,0,[0],1,1,1,[1],8192,8192,8192,[8192],0,0,0,[0]
F05,91007,M_LIST,6,1,NA,NA,NA,"[""NA""]",0,0,0,[0],0,0,0,[0],0,0,0,[0],0,0,0,[0],0,0,0,[0],0,0,0,[0],0,0,0,[0],0,0,0,[0],8192,8192,8192,[8192],0,0,0,[0]
F05,91007,M_NO_IDLE,2,1,64844,64844,64844,[64844],0,0,0,[0],0,0,0,[0],0,0,0,[0],0,0,0,[0],0,0,0,[0],0,0,0,[0],0,0,0,[0],0,0,0,[0],8192,8192,8192,[8192],0,0,0,[0]
F05,91007,M_OBSERVE_LIST,4,1,64844,64844,64844,[64844],0,0,0,[0],0,0,0,[0],0,0,0,[0],0,0,0,[0],0,0,0,[0],0,0,0,[0],0,0,0,[0],0,0,0,[0],8192,8192,8192,[8192],0,0,0,[0]
F05,91007,Original,4,1,NA,NA,NA,"[""NA""]",0,0,0,[0],NA,NA,NA,"[""NA""]",NA,NA,NA,"[""NA""]",NA,NA,NA,"[""NA""]",NA,NA,NA,"[""NA""]",0,0,0,[0],NA,NA,NA,"[""NA""]",NA,NA,NA,"[""NA""]",8192,8192,8192,[8192],NA,NA,NA,"[""NA""]"
F05,91007,R6,16,1,64844,64844,64844,[64844],0,0,0,[0],0,0,0,[0],0,0,0,[0],0,0,0,[0],0,0,0,[0],0,0,0,[0],0,0,0,[0],0,0,0,[0],8192,8192,8192,[8192],0,0,0,[0]
F05,91008,M_EVENT_16,4,1,3736,3736,3736,[3736],1,1,1,[1],0,0,0,[0],0,0,0,[0],0,0,0,[0],1,1,1,[1],1,1,1,[1],0,0,0,[0],1,1,1,[1],8192,8192,8192,[8192],0,0,0,[0]
F05,91008,M_FIXED_128,2,1,3736,3736,3736,[3736],1,1,1,[1],0,0,0,[0],0,0,0,[0],0,0,0,[0],1,1,1,[1],1,1,1,[1],0,0,0,[0],1,1,1,[1],8192,8192,8192,[8192],0,0,0,[0]
F05,91008,M_FIXED_2048,2,1,3736,3736,3736,[3736],1,1,1,[1],0,0,0,[0],0,0,0,[0],0,0,0,[0],1,1,1,[1],1,1,1,[1],0,0,0,[0],1,1,1,[1],8192,8192,8192,[8192],0,0,0,[0]
F05,91008,M_LIST,6,1,NA,NA,NA,"[""NA""]",0,0,0,[0],0,0,0,[0],0,0,0,[0],0,0,0,[0],0,0,0,[0],0,0,0,[0],0,0,0,[0],0,0,0,[0],8192,8192,8192,[8192],0,0,0,[0]
F05,91008,M_NO_IDLE,2,1,65192,65192,65192,[65192],0,0,0,[0],0,0,0,[0],0,0,0,[0],0,0,0,[0],0,0,0,[0],0,0,0,[0],0,0,0,[0],0,0,0,[0],8192,8192,8192,[8192],0,0,0,[0]
F05,91008,M_OBSERVE_LIST,4,1,65192,65192,65192,[65192],0,0,0,[0],0,0,0,[0],0,0,0,[0],0,0,0,[0],0,0,0,[0],0,0,0,[0],0,0,0,[0],0,0,0,[0],8192,8192,8192,[8192],0,0,0,[0]
F05,91008,Original,4,1,NA,NA,NA,"[""NA""]",0,0,0,[0],NA,NA,NA,"[""NA""]",NA,NA,NA,"[""NA""]",NA,NA,NA,"[""NA""]",NA,NA,NA,"[""NA""]",0,0,0,[0],NA,NA,NA,"[""NA""]",NA,NA,NA,"[""NA""]",8192,8192,8192,[8192],NA,NA,NA,"[""NA""]"
F05,91008,R6,16,1,65192,65192,65192,[65192],0,0,0,[0],0,0,0,[0],0,0,0,[0],0,0,0,[0],0,0,0,[0],0,0,0,[0],0,0,0,[0],0,0,0,[0],8192,8192,8192,[8192],0,0,0,[0]
F05,91009,M_EVENT_16,4,1,4276,4276,4276,[4276],1,1,1,[1],0,0,0,[0],0,0,0,[0],0,0,0,[0],1,1,1,[1],1,1,1,[1],0,0,0,[0],1,1,1,[1],8192,8192,8192,[8192],0,0,0,[0]
F05,91009,M_FIXED_128,2,1,4276,4276,4276,[4276],1,1,1,[1],0,0,0,[0],0,0,0,[0],0,0,0,[0],1,1,1,[1],1,1,1,[1],0,0,0,[0],1,1,1,[1],8192,8192,8192,[8192],0,0,0,[0]
F05,91009,M_FIXED_2048,2,1,4276,4276,4276,[4276],1,1,1,[1],0,0,0,[0],0,0,0,[0],0,0,0,[0],1,1,1,[1],1,1,1,[1],0,0,0,[0],1,1,1,[1],8192,8192,8192,[8192],0,0,0,[0]
F05,91009,M_LIST,6,1,NA,NA,NA,"[""NA""]",0,0,0,[0],0,0,0,[0],0,0,0,[0],0,0,0,[0],0,0,0,[0],0,0,0,[0],0,0,0,[0],0,0,0,[0],8192,8192,8192,[8192],0,0,0,[0]
F05,91009,M_NO_IDLE,2,1,65660,65660,65660,[65660],0,0,0,[0],0,0,0,[0],0,0,0,[0],0,0,0,[0],0,0,0,[0],0,0,0,[0],0,0,0,[0],0,0,0,[0],8192,8192,8192,[8192],0,0,0,[0]
F05,91009,M_OBSERVE_LIST,4,1,65660,65660,65660,[65660],0,0,0,[0],0,0,0,[0],0,0,0,[0],0,0,0,[0],0,0,0,[0],0,0,0,[0],0,0,0,[0],0,0,0,[0],8192,8192,8192,[8192],0,0,0,[0]
F05,91009,Original,4,1,NA,NA,NA,"[""NA""]",0,0,0,[0],NA,NA,NA,"[""NA""]",NA,NA,NA,"[""NA""]",NA,NA,NA,"[""NA""]",NA,NA,NA,"[""NA""]",0,0,0,[0],NA,NA,NA,"[""NA""]",NA,NA,NA,"[""NA""]",8192,8192,8192,[8192],NA,NA,NA,"[""NA""]"
F05,91009,R6,16,1,65660,65660,65660,[65660],0,0,0,[0],0,0,0,[0],0,0,0,[0],0,0,0,[0],0,0,0,[0],0,0,0,[0],0,0,0,[0],0,0,0,[0],8192,8192,8192,[8192],0,0,0,[0]
F05,91010,M_EVENT_16,4,1,4016,4016,4016,[4016],1,1,1,[1],0,0,0,[0],0,0,0,[0],0,0,0,[0],1,1,1,[1],1,1,1,[1],0,0,0,[0],1,1,1,[1],8192,8192,8192,[8192],0,0,0,[0]
F05,91010,M_FIXED_128,2,1,4016,4016,4016,[4016],1,1,1,[1],0,0,0,[0],0,0,0,[0],0,0,0,[0],1,1,1,[1],1,1,1,[1],0,0,0,[0],1,1,1,[1],8192,8192,8192,[8192],0,0,0,[0]
F05,91010,M_FIXED_2048,2,1,4016,4016,4016,[4016],1,1,1,[1],0,0,0,[0],0,0,0,[0],0,0,0,[0],1,1,1,[1],1,1,1,[1],0,0,0,[0],1,1,1,[1],8192,8192,8192,[8192],0,0,0,[0]
F05,91010,M_LIST,6,1,NA,NA,NA,"[""NA""]",0,0,0,[0],0,0,0,[0],0,0,0,[0],0,0,0,[0],0,0,0,[0],0,0,0,[0],0,0,0,[0],0,0,0,[0],8192,8192,8192,[8192],0,0,0,[0]
F05,91010,M_NO_IDLE,2,1,65712,65712,65712,[65712],0,0,0,[0],0,0,0,[0],0,0,0,[0],0,0,0,[0],0,0,0,[0],0,0,0,[0],0,0,0,[0],0,0,0,[0],8192,8192,8192,[8192],0,0,0,[0]
F05,91010,M_OBSERVE_LIST,4,1,65712,65712,65712,[65712],0,0,0,[0],0,0,0,[0],0,0,0,[0],0,0,0,[0],0,0,0,[0],0,0,0,[0],0,0,0,[0],0,0,0,[0],8192,8192,8192,[8192],0,0,0,[0]
F05,91010,Original,4,1,NA,NA,NA,"[""NA""]",0,0,0,[0],NA,NA,NA,"[""NA""]",NA,NA,NA,"[""NA""]",NA,NA,NA,"[""NA""]",NA,NA,NA,"[""NA""]",0,0,0,[0],NA,NA,NA,"[""NA""]",NA,NA,NA,"[""NA""]",8192,8192,8192,[8192],NA,NA,NA,"[""NA""]"
F05,91010,R6,16,1,65712,65712,65712,[65712],0,0,0,[0],0,0,0,[0],0,0,0,[0],0,0,0,[0],0,0,0,[0],0,0,0,[0],0,0,0,[0],0,0,0,[0],8192,8192,8192,[8192],0,0,0,[0]
F06,91001,M_EVENT_16,4,1,3124890,3124890,3124890,[3124890],1,1,1,[1],0,0,0,[0],0,0,0,[0],0,0,0,[0],1,1,1,[1],1,1,1,[1],0,0,0,[0],1,1,1,[1],8192,8192,8192,[8192],0,0,0,[0]
F06,91001,M_FIXED_128,2,1,3124890,3124890,3124890,[3124890],1,1,1,[1],0,0,0,[0],0,0,0,[0],0,0,0,[0],1,1,1,[1],1,1,1,[1],0,0,0,[0],1,1,1,[1],8192,8192,8192,[8192],0,0,0,[0]
F06,91001,M_FIXED_2048,2,1,3124890,3124890,3124890,[3124890],1,1,1,[1],0,0,0,[0],0,0,0,[0],0,0,0,[0],1,1,1,[1],1,1,1,[1],0,0,0,[0],1,1,1,[1],8192,8192,8192,[8192],0,0,0,[0]
F06,91001,M_LIST,6,1,NA,NA,NA,"[""NA""]",0,0,0,[0],0,0,0,[0],0,0,0,[0],0,0,0,[0],0,0,0,[0],0,0,0,[0],0,0,0,[0],0,0,0,[0],8192,8192,8192,[8192],0,0,0,[0]
F06,91001,M_NO_IDLE,2,1,3124890,3124890,3124890,[3124890],1,1,1,[1],0,0,0,[0],0,0,0,[0],0,0,0,[0],1,1,1,[1],1,1,1,[1],0,0,0,[0],1,1,1,[1],8192,8192,8192,[8192],0,0,0,[0]
F06,91001,M_OBSERVE_LIST,4,1,50252352,50252352,50252352,[50252352],0,0,0,[0],0,0,0,[0],0,0,0,[0],0,0,0,[0],0,0,0,[0],0,0,0,[0],0,0,0,[0],0,0,0,[0],8192,8192,8192,[8192],0,0,0,[0]
F06,91001,Original,4,1,NA,NA,NA,"[""NA""]",0,0,0,[0],NA,NA,NA,"[""NA""]",NA,NA,NA,"[""NA""]",NA,NA,NA,"[""NA""]",NA,NA,NA,"[""NA""]",0,0,0,[0],NA,NA,NA,"[""NA""]",NA,NA,NA,"[""NA""]",8192,8192,8192,[8192],NA,NA,NA,"[""NA""]"
F06,91001,R6,16,1,3124890,3124890,3124890,[3124890],1,1,1,[1],0,0,0,[0],0,0,0,[0],0,0,0,[0],1,1,1,[1],1,1,1,[1],0,0,0,[0],1,1,1,[1],8192,8192,8192,[8192],0,0,0,[0]
F06,91002,M_EVENT_16,4,1,3115950,3115950,3115950,[3115950],1,1,1,[1],0,0,0,[0],0,0,0,[0],0,0,0,[0],1,1,1,[1],1,1,1,[1],0,0,0,[0],1,1,1,[1],8192,8192,8192,[8192],0,0,0,[0]
F06,91002,M_FIXED_128,2,1,3115950,3115950,3115950,[3115950],1,1,1,[1],0,0,0,[0],0,0,0,[0],0,0,0,[0],1,1,1,[1],1,1,1,[1],0,0,0,[0],1,1,1,[1],8192,8192,8192,[8192],0,0,0,[0]
F06,91002,M_FIXED_2048,2,1,3115950,3115950,3115950,[3115950],1,1,1,[1],0,0,0,[0],0,0,0,[0],0,0,0,[0],1,1,1,[1],1,1,1,[1],0,0,0,[0],1,1,1,[1],8192,8192,8192,[8192],0,0,0,[0]
F06,91002,M_LIST,6,1,NA,NA,NA,"[""NA""]",0,0,0,[0],0,0,0,[0],0,0,0,[0],0,0,0,[0],0,0,0,[0],0,0,0,[0],0,0,0,[0],0,0,0,[0],8192,8192,8192,[8192],0,0,0,[0]
F06,91002,M_NO_IDLE,2,1,3115950,3115950,3115950,[3115950],1,1,1,[1],0,0,0,[0],0,0,0,[0],0,0,0,[0],1,1,1,[1],1,1,1,[1],0,0,0,[0],1,1,1,[1],8192,8192,8192,[8192],0,0,0,[0]
F06,91002,M_OBSERVE_LIST,4,1,50393160,50393160,50393160,[50393160],0,0,0,[0],0,0,0,[0],0,0,0,[0],0,0,0,[0],0,0,0,[0],0,0,0,[0],0,0,0,[0],0,0,0,[0],8192,8192,8192,[8192],0,0,0,[0]
F06,91002,Original,4,1,NA,NA,NA,"[""NA""]",0,0,0,[0],NA,NA,NA,"[""NA""]",NA,NA,NA,"[""NA""]",NA,NA,NA,"[""NA""]",NA,NA,NA,"[""NA""]",0,0,0,[0],NA,NA,NA,"[""NA""]",NA,NA,NA,"[""NA""]",8192,8192,8192,[8192],NA,NA,NA,"[""NA""]"
F06,91002,R6,16,1,3115950,3115950,3115950,[3115950],1,1,1,[1],0,0,0,[0],0,0,0,[0],0,0,0,[0],1,1,1,[1],1,1,1,[1],0,0,0,[0],1,1,1,[1],8192,8192,8192,[8192],0,0,0,[0]
F06,91003,M_EVENT_16,4,1,3116574,3116574,3116574,[3116574],1,1,1,[1],0,0,0,[0],0,0,0,[0],0,0,0,[0],1,1,1,[1],1,1,1,[1],0,0,0,[0],1,1,1,[1],8192,8192,8192,[8192],0,0,0,[0]
F06,91003,M_FIXED_128,2,1,3116574,3116574,3116574,[3116574],1,1,1,[1],0,0,0,[0],0,0,0,[0],0,0,0,[0],1,1,1,[1],1,1,1,[1],0,0,0,[0],1,1,1,[1],8192,8192,8192,[8192],0,0,0,[0]
F06,91003,M_FIXED_2048,2,1,3116574,3116574,3116574,[3116574],1,1,1,[1],0,0,0,[0],0,0,0,[0],0,0,0,[0],1,1,1,[1],1,1,1,[1],0,0,0,[0],1,1,1,[1],8192,8192,8192,[8192],0,0,0,[0]
F06,91003,M_LIST,6,1,NA,NA,NA,"[""NA""]",0,0,0,[0],0,0,0,[0],0,0,0,[0],0,0,0,[0],0,0,0,[0],0,0,0,[0],0,0,0,[0],0,0,0,[0],8192,8192,8192,[8192],0,0,0,[0]
F06,91003,M_NO_IDLE,2,1,3116574,3116574,3116574,[3116574],1,1,1,[1],0,0,0,[0],0,0,0,[0],0,0,0,[0],1,1,1,[1],1,1,1,[1],0,0,0,[0],1,1,1,[1],8192,8192,8192,[8192],0,0,0,[0]
F06,91003,M_OBSERVE_LIST,4,1,50098288,50098288,50098288,[50098288],0,0,0,[0],0,0,0,[0],0,0,0,[0],0,0,0,[0],0,0,0,[0],0,0,0,[0],0,0,0,[0],0,0,0,[0],8192,8192,8192,[8192],0,0,0,[0]
F06,91003,Original,4,1,NA,NA,NA,"[""NA""]",0,0,0,[0],NA,NA,NA,"[""NA""]",NA,NA,NA,"[""NA""]",NA,NA,NA,"[""NA""]",NA,NA,NA,"[""NA""]",0,0,0,[0],NA,NA,NA,"[""NA""]",NA,NA,NA,"[""NA""]",8192,8192,8192,[8192],NA,NA,NA,"[""NA""]"
F06,91003,R6,16,1,3116574,3116574,3116574,[3116574],1,1,1,[1],0,0,0,[0],0,0,0,[0],0,0,0,[0],1,1,1,[1],1,1,1,[1],0,0,0,[0],1,1,1,[1],8192,8192,8192,[8192],0,0,0,[0]
F06,91004,M_EVENT_16,4,1,3190264,3190264,3190264,[3190264],1,1,1,[1],0,0,0,[0],0,0,0,[0],0,0,0,[0],1,1,1,[1],1,1,1,[1],0,0,0,[0],1,1,1,[1],8192,8192,8192,[8192],0,0,0,[0]
F06,91004,M_FIXED_128,2,1,3190264,3190264,3190264,[3190264],1,1,1,[1],0,0,0,[0],0,0,0,[0],0,0,0,[0],1,1,1,[1],1,1,1,[1],0,0,0,[0],1,1,1,[1],8192,8192,8192,[8192],0,0,0,[0]
F06,91004,M_FIXED_2048,2,1,3190264,3190264,3190264,[3190264],1,1,1,[1],0,0,0,[0],0,0,0,[0],0,0,0,[0],1,1,1,[1],1,1,1,[1],0,0,0,[0],1,1,1,[1],8192,8192,8192,[8192],0,0,0,[0]
F06,91004,M_LIST,6,1,NA,NA,NA,"[""NA""]",0,0,0,[0],0,0,0,[0],0,0,0,[0],0,0,0,[0],0,0,0,[0],0,0,0,[0],0,0,0,[0],0,0,0,[0],8192,8192,8192,[8192],0,0,0,[0]
F06,91004,M_NO_IDLE,2,1,3190264,3190264,3190264,[3190264],1,1,1,[1],0,0,0,[0],0,0,0,[0],0,0,0,[0],1,1,1,[1],1,1,1,[1],0,0,0,[0],1,1,1,[1],8192,8192,8192,[8192],0,0,0,[0]
F06,91004,M_OBSERVE_LIST,4,1,50312562,50312562,50312562,[50312562],0,0,0,[0],0,0,0,[0],0,0,0,[0],0,0,0,[0],0,0,0,[0],0,0,0,[0],0,0,0,[0],0,0,0,[0],8192,8192,8192,[8192],0,0,0,[0]
F06,91004,Original,4,1,NA,NA,NA,"[""NA""]",0,0,0,[0],NA,NA,NA,"[""NA""]",NA,NA,NA,"[""NA""]",NA,NA,NA,"[""NA""]",NA,NA,NA,"[""NA""]",0,0,0,[0],NA,NA,NA,"[""NA""]",NA,NA,NA,"[""NA""]",8192,8192,8192,[8192],NA,NA,NA,"[""NA""]"
F06,91004,R6,16,1,3190264,3190264,3190264,[3190264],1,1,1,[1],0,0,0,[0],0,0,0,[0],0,0,0,[0],1,1,1,[1],1,1,1,[1],0,0,0,[0],1,1,1,[1],8192,8192,8192,[8192],0,0,0,[0]
F06,91005,M_EVENT_16,4,1,3153048,3153048,3153048,[3153048],1,1,1,[1],0,0,0,[0],0,0,0,[0],0,0,0,[0],1,1,1,[1],1,1,1,[1],0,0,0,[0],1,1,1,[1],8192,8192,8192,[8192],0,0,0,[0]
F06,91005,M_FIXED_128,2,1,3153048,3153048,3153048,[3153048],1,1,1,[1],0,0,0,[0],0,0,0,[0],0,0,0,[0],1,1,1,[1],1,1,1,[1],0,0,0,[0],1,1,1,[1],8192,8192,8192,[8192],0,0,0,[0]
F06,91005,M_FIXED_2048,2,1,3153048,3153048,3153048,[3153048],1,1,1,[1],0,0,0,[0],0,0,0,[0],0,0,0,[0],1,1,1,[1],1,1,1,[1],0,0,0,[0],1,1,1,[1],8192,8192,8192,[8192],0,0,0,[0]
F06,91005,M_LIST,6,1,NA,NA,NA,"[""NA""]",0,0,0,[0],0,0,0,[0],0,0,0,[0],0,0,0,[0],0,0,0,[0],0,0,0,[0],0,0,0,[0],0,0,0,[0],8192,8192,8192,[8192],0,0,0,[0]
F06,91005,M_NO_IDLE,2,1,3153048,3153048,3153048,[3153048],1,1,1,[1],0,0,0,[0],0,0,0,[0],0,0,0,[0],1,1,1,[1],1,1,1,[1],0,0,0,[0],1,1,1,[1],8192,8192,8192,[8192],0,0,0,[0]
F06,91005,M_OBSERVE_LIST,4,1,50210580,50210580,50210580,[50210580],0,0,0,[0],0,0,0,[0],0,0,0,[0],0,0,0,[0],0,0,0,[0],0,0,0,[0],0,0,0,[0],0,0,0,[0],8192,8192,8192,[8192],0,0,0,[0]
F06,91005,Original,4,1,NA,NA,NA,"[""NA""]",0,0,0,[0],NA,NA,NA,"[""NA""]",NA,NA,NA,"[""NA""]",NA,NA,NA,"[""NA""]",NA,NA,NA,"[""NA""]",0,0,0,[0],NA,NA,NA,"[""NA""]",NA,NA,NA,"[""NA""]",8192,8192,8192,[8192],NA,NA,NA,"[""NA""]"
F06,91005,R6,16,1,3153048,3153048,3153048,[3153048],1,1,1,[1],0,0,0,[0],0,0,0,[0],0,0,0,[0],1,1,1,[1],1,1,1,[1],0,0,0,[0],1,1,1,[1],8192,8192,8192,[8192],0,0,0,[0]
F06,91006,M_EVENT_16,4,1,3136516,3136516,3136516,[3136516],1,1,1,[1],0,0,0,[0],0,0,0,[0],0,0,0,[0],1,1,1,[1],1,1,1,[1],0,0,0,[0],1,1,1,[1],8192,8192,8192,[8192],0,0,0,[0]
F06,91006,M_FIXED_128,2,1,3136516,3136516,3136516,[3136516],1,1,1,[1],0,0,0,[0],0,0,0,[0],0,0,0,[0],1,1,1,[1],1,1,1,[1],0,0,0,[0],1,1,1,[1],8192,8192,8192,[8192],0,0,0,[0]
F06,91006,M_FIXED_2048,2,1,3136516,3136516,3136516,[3136516],1,1,1,[1],0,0,0,[0],0,0,0,[0],0,0,0,[0],1,1,1,[1],1,1,1,[1],0,0,0,[0],1,1,1,[1],8192,8192,8192,[8192],0,0,0,[0]
F06,91006,M_LIST,6,1,NA,NA,NA,"[""NA""]",0,0,0,[0],0,0,0,[0],0,0,0,[0],0,0,0,[0],0,0,0,[0],0,0,0,[0],0,0,0,[0],0,0,0,[0],8192,8192,8192,[8192],0,0,0,[0]
F06,91006,M_NO_IDLE,2,1,3136516,3136516,3136516,[3136516],1,1,1,[1],0,0,0,[0],0,0,0,[0],0,0,0,[0],1,1,1,[1],1,1,1,[1],0,0,0,[0],1,1,1,[1],8192,8192,8192,[8192],0,0,0,[0]
F06,91006,M_OBSERVE_LIST,4,1,50358776,50358776,50358776,[50358776],0,0,0,[0],0,0,0,[0],0,0,0,[0],0,0,0,[0],0,0,0,[0],0,0,0,[0],0,0,0,[0],0,0,0,[0],8192,8192,8192,[8192],0,0,0,[0]
F06,91006,Original,4,1,NA,NA,NA,"[""NA""]",0,0,0,[0],NA,NA,NA,"[""NA""]",NA,NA,NA,"[""NA""]",NA,NA,NA,"[""NA""]",NA,NA,NA,"[""NA""]",0,0,0,[0],NA,NA,NA,"[""NA""]",NA,NA,NA,"[""NA""]",8192,8192,8192,[8192],NA,NA,NA,"[""NA""]"
F06,91006,R6,16,1,3136516,3136516,3136516,[3136516],1,1,1,[1],0,0,0,[0],0,0,0,[0],0,0,0,[0],1,1,1,[1],1,1,1,[1],0,0,0,[0],1,1,1,[1],8192,8192,8192,[8192],0,0,0,[0]
F06,91007,M_EVENT_16,4,1,3139642,3139642,3139642,[3139642],1,1,1,[1],0,0,0,[0],0,0,0,[0],0,0,0,[0],1,1,1,[1],1,1,1,[1],0,0,0,[0],1,1,1,[1],8192,8192,8192,[8192],0,0,0,[0]
F06,91007,M_FIXED_128,2,1,3139642,3139642,3139642,[3139642],1,1,1,[1],0,0,0,[0],0,0,0,[0],0,0,0,[0],1,1,1,[1],1,1,1,[1],0,0,0,[0],1,1,1,[1],8192,8192,8192,[8192],0,0,0,[0]
F06,91007,M_FIXED_2048,2,1,3139642,3139642,3139642,[3139642],1,1,1,[1],0,0,0,[0],0,0,0,[0],0,0,0,[0],1,1,1,[1],1,1,1,[1],0,0,0,[0],1,1,1,[1],8192,8192,8192,[8192],0,0,0,[0]
F06,91007,M_LIST,6,1,NA,NA,NA,"[""NA""]",0,0,0,[0],0,0,0,[0],0,0,0,[0],0,0,0,[0],0,0,0,[0],0,0,0,[0],0,0,0,[0],0,0,0,[0],8192,8192,8192,[8192],0,0,0,[0]
F06,91007,M_NO_IDLE,2,1,3139642,3139642,3139642,[3139642],1,1,1,[1],0,0,0,[0],0,0,0,[0],0,0,0,[0],1,1,1,[1],1,1,1,[1],0,0,0,[0],1,1,1,[1],8192,8192,8192,[8192],0,0,0,[0]
F06,91007,M_OBSERVE_LIST,4,1,50286044,50286044,50286044,[50286044],0,0,0,[0],0,0,0,[0],0,0,0,[0],0,0,0,[0],0,0,0,[0],0,0,0,[0],0,0,0,[0],0,0,0,[0],8192,8192,8192,[8192],0,0,0,[0]
F06,91007,Original,4,1,NA,NA,NA,"[""NA""]",0,0,0,[0],NA,NA,NA,"[""NA""]",NA,NA,NA,"[""NA""]",NA,NA,NA,"[""NA""]",NA,NA,NA,"[""NA""]",0,0,0,[0],NA,NA,NA,"[""NA""]",NA,NA,NA,"[""NA""]",8192,8192,8192,[8192],NA,NA,NA,"[""NA""]"
F06,91007,R6,16,1,3139642,3139642,3139642,[3139642],1,1,1,[1],0,0,0,[0],0,0,0,[0],0,0,0,[0],1,1,1,[1],1,1,1,[1],0,0,0,[0],1,1,1,[1],8192,8192,8192,[8192],0,0,0,[0]
F06,91008,M_EVENT_16,4,1,3170220,3170220,3170220,[3170220],1,1,1,[1],0,0,0,[0],0,0,0,[0],0,0,0,[0],1,1,1,[1],1,1,1,[1],0,0,0,[0],1,1,1,[1],8192,8192,8192,[8192],0,0,0,[0]
F06,91008,M_FIXED_128,2,1,3170220,3170220,3170220,[3170220],1,1,1,[1],0,0,0,[0],0,0,0,[0],0,0,0,[0],1,1,1,[1],1,1,1,[1],0,0,0,[0],1,1,1,[1],8192,8192,8192,[8192],0,0,0,[0]
F06,91008,M_FIXED_2048,2,1,3170220,3170220,3170220,[3170220],1,1,1,[1],0,0,0,[0],0,0,0,[0],0,0,0,[0],1,1,1,[1],1,1,1,[1],0,0,0,[0],1,1,1,[1],8192,8192,8192,[8192],0,0,0,[0]
F06,91008,M_LIST,6,1,NA,NA,NA,"[""NA""]",0,0,0,[0],0,0,0,[0],0,0,0,[0],0,0,0,[0],0,0,0,[0],0,0,0,[0],0,0,0,[0],0,0,0,[0],8192,8192,8192,[8192],0,0,0,[0]
F06,91008,M_NO_IDLE,2,1,3170220,3170220,3170220,[3170220],1,1,1,[1],0,0,0,[0],0,0,0,[0],0,0,0,[0],1,1,1,[1],1,1,1,[1],0,0,0,[0],1,1,1,[1],8192,8192,8192,[8192],0,0,0,[0]
F06,91008,M_OBSERVE_LIST,4,1,50055460,50055460,50055460,[50055460],0,0,0,[0],0,0,0,[0],0,0,0,[0],0,0,0,[0],0,0,0,[0],0,0,0,[0],0,0,0,[0],0,0,0,[0],8192,8192,8192,[8192],0,0,0,[0]
F06,91008,Original,4,1,NA,NA,NA,"[""NA""]",0,0,0,[0],NA,NA,NA,"[""NA""]",NA,NA,NA,"[""NA""]",NA,NA,NA,"[""NA""]",NA,NA,NA,"[""NA""]",0,0,0,[0],NA,NA,NA,"[""NA""]",NA,NA,NA,"[""NA""]",8192,8192,8192,[8192],NA,NA,NA,"[""NA""]"
F06,91008,R6,16,1,3170220,3170220,3170220,[3170220],1,1,1,[1],0,0,0,[0],0,0,0,[0],0,0,0,[0],1,1,1,[1],1,1,1,[1],0,0,0,[0],1,1,1,[1],8192,8192,8192,[8192],0,0,0,[0]
F06,91009,M_EVENT_16,4,1,3191532,3191532,3191532,[3191532],1,1,1,[1],0,0,0,[0],0,0,0,[0],0,0,0,[0],1,1,1,[1],1,1,1,[1],0,0,0,[0],1,1,1,[1],8192,8192,8192,[8192],0,0,0,[0]
F06,91009,M_FIXED_128,2,1,3191532,3191532,3191532,[3191532],1,1,1,[1],0,0,0,[0],0,0,0,[0],0,0,0,[0],1,1,1,[1],1,1,1,[1],0,0,0,[0],1,1,1,[1],8192,8192,8192,[8192],0,0,0,[0]
F06,91009,M_FIXED_2048,2,1,3191532,3191532,3191532,[3191532],1,1,1,[1],0,0,0,[0],0,0,0,[0],0,0,0,[0],1,1,1,[1],1,1,1,[1],0,0,0,[0],1,1,1,[1],8192,8192,8192,[8192],0,0,0,[0]
F06,91009,M_LIST,6,1,NA,NA,NA,"[""NA""]",0,0,0,[0],0,0,0,[0],0,0,0,[0],0,0,0,[0],0,0,0,[0],0,0,0,[0],0,0,0,[0],0,0,0,[0],8192,8192,8192,[8192],0,0,0,[0]
F06,91009,M_NO_IDLE,2,1,3191532,3191532,3191532,[3191532],1,1,1,[1],0,0,0,[0],0,0,0,[0],0,0,0,[0],1,1,1,[1],1,1,1,[1],0,0,0,[0],1,1,1,[1],8192,8192,8192,[8192],0,0,0,[0]
F06,91009,M_OBSERVE_LIST,4,1,50175370,50175370,50175370,[50175370],0,0,0,[0],0,0,0,[0],0,0,0,[0],0,0,0,[0],0,0,0,[0],0,0,0,[0],0,0,0,[0],0,0,0,[0],8192,8192,8192,[8192],0,0,0,[0]
F06,91009,Original,4,1,NA,NA,NA,"[""NA""]",0,0,0,[0],NA,NA,NA,"[""NA""]",NA,NA,NA,"[""NA""]",NA,NA,NA,"[""NA""]",NA,NA,NA,"[""NA""]",0,0,0,[0],NA,NA,NA,"[""NA""]",NA,NA,NA,"[""NA""]",8192,8192,8192,[8192],NA,NA,NA,"[""NA""]"
F06,91009,R6,16,1,3191532,3191532,3191532,[3191532],1,1,1,[1],0,0,0,[0],0,0,0,[0],0,0,0,[0],1,1,1,[1],1,1,1,[1],0,0,0,[0],1,1,1,[1],8192,8192,8192,[8192],0,0,0,[0]
F06,91010,M_EVENT_16,4,1,3184066,3184066,3184066,[3184066],1,1,1,[1],0,0,0,[0],0,0,0,[0],0,0,0,[0],1,1,1,[1],1,1,1,[1],0,0,0,[0],1,1,1,[1],8192,8192,8192,[8192],0,0,0,[0]
F06,91010,M_FIXED_128,2,1,3184066,3184066,3184066,[3184066],1,1,1,[1],0,0,0,[0],0,0,0,[0],0,0,0,[0],1,1,1,[1],1,1,1,[1],0,0,0,[0],1,1,1,[1],8192,8192,8192,[8192],0,0,0,[0]
F06,91010,M_FIXED_2048,2,1,3184066,3184066,3184066,[3184066],1,1,1,[1],0,0,0,[0],0,0,0,[0],0,0,0,[0],1,1,1,[1],1,1,1,[1],0,0,0,[0],1,1,1,[1],8192,8192,8192,[8192],0,0,0,[0]
F06,91010,M_LIST,6,1,NA,NA,NA,"[""NA""]",0,0,0,[0],0,0,0,[0],0,0,0,[0],0,0,0,[0],0,0,0,[0],0,0,0,[0],0,0,0,[0],0,0,0,[0],8192,8192,8192,[8192],0,0,0,[0]
F06,91010,M_NO_IDLE,2,1,3184066,3184066,3184066,[3184066],1,1,1,[1],0,0,0,[0],0,0,0,[0],0,0,0,[0],1,1,1,[1],1,1,1,[1],0,0,0,[0],1,1,1,[1],8192,8192,8192,[8192],0,0,0,[0]
F06,91010,M_OBSERVE_LIST,4,1,50464384,50464384,50464384,[50464384],0,0,0,[0],0,0,0,[0],0,0,0,[0],0,0,0,[0],0,0,0,[0],0,0,0,[0],0,0,0,[0],0,0,0,[0],8192,8192,8192,[8192],0,0,0,[0]
F06,91010,Original,4,1,NA,NA,NA,"[""NA""]",0,0,0,[0],NA,NA,NA,"[""NA""]",NA,NA,NA,"[""NA""]",NA,NA,NA,"[""NA""]",NA,NA,NA,"[""NA""]",0,0,0,[0],NA,NA,NA,"[""NA""]",NA,NA,NA,"[""NA""]",8192,8192,8192,[8192],NA,NA,NA,"[""NA""]"
F06,91010,R6,16,1,3184066,3184066,3184066,[3184066],1,1,1,[1],0,0,0,[0],0,0,0,[0],0,0,0,[0],1,1,1,[1],1,1,1,[1],0,0,0,[0],1,1,1,[1],8192,8192,8192,[8192],0,0,0,[0]
F07,91001,M_EVENT_16,4,1,6258858,6258858,6258858,[6258858],1,1,1,[1],0,0,0,[0],0,0,0,[0],0,0,0,[0],1,1,1,[1],1,1,1,[1],0,0,0,[0],1,1,1,[1],8192,8192,8192,[8192],0,0,0,[0]
F07,91001,M_FIXED_128,2,1,6258858,6258858,6258858,[6258858],1,1,1,[1],0,0,0,[0],0,0,0,[0],0,0,0,[0],1,1,1,[1],1,1,1,[1],0,0,0,[0],1,1,1,[1],8192,8192,8192,[8192],0,0,0,[0]
F07,91001,M_FIXED_2048,2,1,6258858,6258858,6258858,[6258858],1,1,1,[1],0,0,0,[0],0,0,0,[0],0,0,0,[0],1,1,1,[1],1,1,1,[1],0,0,0,[0],1,1,1,[1],8192,8192,8192,[8192],0,0,0,[0]
F07,91001,M_LIST,6,1,NA,NA,NA,"[""NA""]",0,0,0,[0],0,0,0,[0],0,0,0,[0],0,0,0,[0],0,0,0,[0],0,0,0,[0],0,0,0,[0],0,0,0,[0],8192,8192,8192,[8192],0,0,0,[0]
F07,91001,M_NO_IDLE,2,1,6258858,6258858,6258858,[6258858],1,1,1,[1],0,0,0,[0],0,0,0,[0],0,0,0,[0],1,1,1,[1],1,1,1,[1],0,0,0,[0],1,1,1,[1],8192,8192,8192,[8192],0,0,0,[0]
F07,91001,M_OBSERVE_LIST,4,1,100583772,100583772,100583772,[100583772],0,0,0,[0],0,0,0,[0],0,0,0,[0],0,0,0,[0],0,0,0,[0],0,0,0,[0],0,0,0,[0],0,0,0,[0],8192,8192,8192,[8192],0,0,0,[0]
F07,91001,Original,4,1,NA,NA,NA,"[""NA""]",0,0,0,[0],NA,NA,NA,"[""NA""]",NA,NA,NA,"[""NA""]",NA,NA,NA,"[""NA""]",NA,NA,NA,"[""NA""]",0,0,0,[0],NA,NA,NA,"[""NA""]",NA,NA,NA,"[""NA""]",8192,8192,8192,[8192],NA,NA,NA,"[""NA""]"
F07,91001,R6,16,1,6258858,6258858,6258858,[6258858],1,1,1,[1],0,0,0,[0],0,0,0,[0],0,0,0,[0],1,1,1,[1],1,1,1,[1],0,0,0,[0],1,1,1,[1],8192,8192,8192,[8192],0,0,0,[0]
F07,91002,M_EVENT_16,4,1,6273542,6273542,6273542,[6273542],1,1,1,[1],0,0,0,[0],0,0,0,[0],0,0,0,[0],1,1,1,[1],1,1,1,[1],0,0,0,[0],1,1,1,[1],8192,8192,8192,[8192],0,0,0,[0]
F07,91002,M_FIXED_128,2,1,6273542,6273542,6273542,[6273542],1,1,1,[1],0,0,0,[0],0,0,0,[0],0,0,0,[0],1,1,1,[1],1,1,1,[1],0,0,0,[0],1,1,1,[1],8192,8192,8192,[8192],0,0,0,[0]
F07,91002,M_FIXED_2048,2,1,6273542,6273542,6273542,[6273542],1,1,1,[1],0,0,0,[0],0,0,0,[0],0,0,0,[0],1,1,1,[1],1,1,1,[1],0,0,0,[0],1,1,1,[1],8192,8192,8192,[8192],0,0,0,[0]
F07,91002,M_LIST,6,1,NA,NA,NA,"[""NA""]",0,0,0,[0],0,0,0,[0],0,0,0,[0],0,0,0,[0],0,0,0,[0],0,0,0,[0],0,0,0,[0],0,0,0,[0],8192,8192,8192,[8192],0,0,0,[0]
F07,91002,M_NO_IDLE,2,1,6273542,6273542,6273542,[6273542],1,1,1,[1],0,0,0,[0],0,0,0,[0],0,0,0,[0],1,1,1,[1],1,1,1,[1],0,0,0,[0],1,1,1,[1],8192,8192,8192,[8192],0,0,0,[0]
F07,91002,M_OBSERVE_LIST,4,1,100723484,100723484,100723484,[100723484],0,0,0,[0],0,0,0,[0],0,0,0,[0],0,0,0,[0],0,0,0,[0],0,0,0,[0],0,0,0,[0],0,0,0,[0],8192,8192,8192,[8192],0,0,0,[0]
F07,91002,Original,4,1,NA,NA,NA,"[""NA""]",0,0,0,[0],NA,NA,NA,"[""NA""]",NA,NA,NA,"[""NA""]",NA,NA,NA,"[""NA""]",NA,NA,NA,"[""NA""]",0,0,0,[0],NA,NA,NA,"[""NA""]",NA,NA,NA,"[""NA""]",8192,8192,8192,[8192],NA,NA,NA,"[""NA""]"
F07,91002,R6,16,1,6273542,6273542,6273542,[6273542],1,1,1,[1],0,0,0,[0],0,0,0,[0],0,0,0,[0],1,1,1,[1],1,1,1,[1],0,0,0,[0],1,1,1,[1],8192,8192,8192,[8192],0,0,0,[0]
F07,91003,M_EVENT_16,4,1,6234928,6234928,6234928,[6234928],1,1,1,[1],0,0,0,[0],0,0,0,[0],0,0,0,[0],1,1,1,[1],1,1,1,[1],0,0,0,[0],1,1,1,[1],8192,8192,8192,[8192],0,0,0,[0]
F07,91003,M_FIXED_128,2,1,6234928,6234928,6234928,[6234928],1,1,1,[1],0,0,0,[0],0,0,0,[0],0,0,0,[0],1,1,1,[1],1,1,1,[1],0,0,0,[0],1,1,1,[1],8192,8192,8192,[8192],0,0,0,[0]
F07,91003,M_FIXED_2048,2,1,6234928,6234928,6234928,[6234928],1,1,1,[1],0,0,0,[0],0,0,0,[0],0,0,0,[0],1,1,1,[1],1,1,1,[1],0,0,0,[0],1,1,1,[1],8192,8192,8192,[8192],0,0,0,[0]
F07,91003,M_LIST,6,1,NA,NA,NA,"[""NA""]",0,0,0,[0],0,0,0,[0],0,0,0,[0],0,0,0,[0],0,0,0,[0],0,0,0,[0],0,0,0,[0],0,0,0,[0],8192,8192,8192,[8192],0,0,0,[0]
F07,91003,M_NO_IDLE,2,1,6234928,6234928,6234928,[6234928],1,1,1,[1],0,0,0,[0],0,0,0,[0],0,0,0,[0],1,1,1,[1],1,1,1,[1],0,0,0,[0],1,1,1,[1],8192,8192,8192,[8192],0,0,0,[0]
F07,91003,M_OBSERVE_LIST,4,1,100664860,100664860,100664860,[100664860],0,0,0,[0],0,0,0,[0],0,0,0,[0],0,0,0,[0],0,0,0,[0],0,0,0,[0],0,0,0,[0],0,0,0,[0],8192,8192,8192,[8192],0,0,0,[0]
F07,91003,Original,4,1,NA,NA,NA,"[""NA""]",0,0,0,[0],NA,NA,NA,"[""NA""]",NA,NA,NA,"[""NA""]",NA,NA,NA,"[""NA""]",NA,NA,NA,"[""NA""]",0,0,0,[0],NA,NA,NA,"[""NA""]",NA,NA,NA,"[""NA""]",8192,8192,8192,[8192],NA,NA,NA,"[""NA""]"
F07,91003,R6,16,1,6234928,6234928,6234928,[6234928],1,1,1,[1],0,0,0,[0],0,0,0,[0],0,0,0,[0],1,1,1,[1],1,1,1,[1],0,0,0,[0],1,1,1,[1],8192,8192,8192,[8192],0,0,0,[0]
F07,91004,M_EVENT_16,4,1,6308918,6308918,6308918,[6308918],1,1,1,[1],0,0,0,[0],0,0,0,[0],0,0,0,[0],1,1,1,[1],1,1,1,[1],0,0,0,[0],1,1,1,[1],8192,8192,8192,[8192],0,0,0,[0]
F07,91004,M_FIXED_128,2,1,6308918,6308918,6308918,[6308918],1,1,1,[1],0,0,0,[0],0,0,0,[0],0,0,0,[0],1,1,1,[1],1,1,1,[1],0,0,0,[0],1,1,1,[1],8192,8192,8192,[8192],0,0,0,[0]
F07,91004,M_FIXED_2048,2,1,6308918,6308918,6308918,[6308918],1,1,1,[1],0,0,0,[0],0,0,0,[0],0,0,0,[0],1,1,1,[1],1,1,1,[1],0,0,0,[0],1,1,1,[1],8192,8192,8192,[8192],0,0,0,[0]
F07,91004,M_LIST,6,1,NA,NA,NA,"[""NA""]",0,0,0,[0],0,0,0,[0],0,0,0,[0],0,0,0,[0],0,0,0,[0],0,0,0,[0],0,0,0,[0],0,0,0,[0],8192,8192,8192,[8192],0,0,0,[0]
F07,91004,M_NO_IDLE,2,1,6308918,6308918,6308918,[6308918],1,1,1,[1],0,0,0,[0],0,0,0,[0],0,0,0,[0],1,1,1,[1],1,1,1,[1],0,0,0,[0],1,1,1,[1],8192,8192,8192,[8192],0,0,0,[0]
F07,91004,M_OBSERVE_LIST,4,1,100586546,100586546,100586546,[100586546],0,0,0,[0],0,0,0,[0],0,0,0,[0],0,0,0,[0],0,0,0,[0],0,0,0,[0],0,0,0,[0],0,0,0,[0],8192,8192,8192,[8192],0,0,0,[0]
F07,91004,Original,4,1,NA,NA,NA,"[""NA""]",0,0,0,[0],NA,NA,NA,"[""NA""]",NA,NA,NA,"[""NA""]",NA,NA,NA,"[""NA""]",NA,NA,NA,"[""NA""]",0,0,0,[0],NA,NA,NA,"[""NA""]",NA,NA,NA,"[""NA""]",8192,8192,8192,[8192],NA,NA,NA,"[""NA""]"
F07,91004,R6,16,1,6308918,6308918,6308918,[6308918],1,1,1,[1],0,0,0,[0],0,0,0,[0],0,0,0,[0],1,1,1,[1],1,1,1,[1],0,0,0,[0],1,1,1,[1],8192,8192,8192,[8192],0,0,0,[0]
F07,91005,M_EVENT_16,4,1,6308466,6308466,6308466,[6308466],1,1,1,[1],0,0,0,[0],0,0,0,[0],0,0,0,[0],1,1,1,[1],1,1,1,[1],0,0,0,[0],1,1,1,[1],8192,8192,8192,[8192],0,0,0,[0]
F07,91005,M_FIXED_128,2,1,6308466,6308466,6308466,[6308466],1,1,1,[1],0,0,0,[0],0,0,0,[0],0,0,0,[0],1,1,1,[1],1,1,1,[1],0,0,0,[0],1,1,1,[1],8192,8192,8192,[8192],0,0,0,[0]
F07,91005,M_FIXED_2048,2,1,6308466,6308466,6308466,[6308466],1,1,1,[1],0,0,0,[0],0,0,0,[0],0,0,0,[0],1,1,1,[1],1,1,1,[1],0,0,0,[0],1,1,1,[1],8192,8192,8192,[8192],0,0,0,[0]
F07,91005,M_LIST,6,1,NA,NA,NA,"[""NA""]",0,0,0,[0],0,0,0,[0],0,0,0,[0],0,0,0,[0],0,0,0,[0],0,0,0,[0],0,0,0,[0],0,0,0,[0],8192,8192,8192,[8192],0,0,0,[0]
F07,91005,M_NO_IDLE,2,1,6308466,6308466,6308466,[6308466],1,1,1,[1],0,0,0,[0],0,0,0,[0],0,0,0,[0],1,1,1,[1],1,1,1,[1],0,0,0,[0],1,1,1,[1],8192,8192,8192,[8192],0,0,0,[0]
F07,91005,M_OBSERVE_LIST,4,1,100929944,100929944,100929944,[100929944],0,0,0,[0],0,0,0,[0],0,0,0,[0],0,0,0,[0],0,0,0,[0],0,0,0,[0],0,0,0,[0],0,0,0,[0],8192,8192,8192,[8192],0,0,0,[0]
F07,91005,Original,4,1,NA,NA,NA,"[""NA""]",0,0,0,[0],NA,NA,NA,"[""NA""]",NA,NA,NA,"[""NA""]",NA,NA,NA,"[""NA""]",NA,NA,NA,"[""NA""]",0,0,0,[0],NA,NA,NA,"[""NA""]",NA,NA,NA,"[""NA""]",8192,8192,8192,[8192],NA,NA,NA,"[""NA""]"
F07,91005,R6,16,1,6308466,6308466,6308466,[6308466],1,1,1,[1],0,0,0,[0],0,0,0,[0],0,0,0,[0],1,1,1,[1],1,1,1,[1],0,0,0,[0],1,1,1,[1],8192,8192,8192,[8192],0,0,0,[0]
F07,91006,M_EVENT_16,4,1,6300930,6300930,6300930,[6300930],1,1,1,[1],0,0,0,[0],0,0,0,[0],0,0,0,[0],1,1,1,[1],1,1,1,[1],0,0,0,[0],1,1,1,[1],8192,8192,8192,[8192],0,0,0,[0]
F07,91006,M_FIXED_128,2,1,6300930,6300930,6300930,[6300930],1,1,1,[1],0,0,0,[0],0,0,0,[0],0,0,0,[0],1,1,1,[1],1,1,1,[1],0,0,0,[0],1,1,1,[1],8192,8192,8192,[8192],0,0,0,[0]
F07,91006,M_FIXED_2048,2,1,6300930,6300930,6300930,[6300930],1,1,1,[1],0,0,0,[0],0,0,0,[0],0,0,0,[0],1,1,1,[1],1,1,1,[1],0,0,0,[0],1,1,1,[1],8192,8192,8192,[8192],0,0,0,[0]
F07,91006,M_LIST,6,1,NA,NA,NA,"[""NA""]",0,0,0,[0],0,0,0,[0],0,0,0,[0],0,0,0,[0],0,0,0,[0],0,0,0,[0],0,0,0,[0],0,0,0,[0],8192,8192,8192,[8192],0,0,0,[0]
F07,91006,M_NO_IDLE,2,1,6300930,6300930,6300930,[6300930],1,1,1,[1],0,0,0,[0],0,0,0,[0],0,0,0,[0],1,1,1,[1],1,1,1,[1],0,0,0,[0],1,1,1,[1],8192,8192,8192,[8192],0,0,0,[0]
F07,91006,M_OBSERVE_LIST,4,1,100598522,100598522,100598522,[100598522],0,0,0,[0],0,0,0,[0],0,0,0,[0],0,0,0,[0],0,0,0,[0],0,0,0,[0],0,0,0,[0],0,0,0,[0],8192,8192,8192,[8192],0,0,0,[0]
F07,91006,Original,4,1,NA,NA,NA,"[""NA""]",0,0,0,[0],NA,NA,NA,"[""NA""]",NA,NA,NA,"[""NA""]",NA,NA,NA,"[""NA""]",NA,NA,NA,"[""NA""]",0,0,0,[0],NA,NA,NA,"[""NA""]",NA,NA,NA,"[""NA""]",8192,8192,8192,[8192],NA,NA,NA,"[""NA""]"
F07,91006,R6,16,1,6300930,6300930,6300930,[6300930],1,1,1,[1],0,0,0,[0],0,0,0,[0],0,0,0,[0],1,1,1,[1],1,1,1,[1],0,0,0,[0],1,1,1,[1],8192,8192,8192,[8192],0,0,0,[0]
F07,91007,M_EVENT_16,4,1,6253460,6253460,6253460,[6253460],1,1,1,[1],0,0,0,[0],0,0,0,[0],0,0,0,[0],1,1,1,[1],1,1,1,[1],0,0,0,[0],1,1,1,[1],8192,8192,8192,[8192],0,0,0,[0]
F07,91007,M_FIXED_128,2,1,6253460,6253460,6253460,[6253460],1,1,1,[1],0,0,0,[0],0,0,0,[0],0,0,0,[0],1,1,1,[1],1,1,1,[1],0,0,0,[0],1,1,1,[1],8192,8192,8192,[8192],0,0,0,[0]
F07,91007,M_FIXED_2048,2,1,6253460,6253460,6253460,[6253460],1,1,1,[1],0,0,0,[0],0,0,0,[0],0,0,0,[0],1,1,1,[1],1,1,1,[1],0,0,0,[0],1,1,1,[1],8192,8192,8192,[8192],0,0,0,[0]
F07,91007,M_LIST,6,1,NA,NA,NA,"[""NA""]",0,0,0,[0],0,0,0,[0],0,0,0,[0],0,0,0,[0],0,0,0,[0],0,0,0,[0],0,0,0,[0],0,0,0,[0],8192,8192,8192,[8192],0,0,0,[0]
F07,91007,M_NO_IDLE,2,1,6253460,6253460,6253460,[6253460],1,1,1,[1],0,0,0,[0],0,0,0,[0],0,0,0,[0],1,1,1,[1],1,1,1,[1],0,0,0,[0],1,1,1,[1],8192,8192,8192,[8192],0,0,0,[0]
F07,91007,M_OBSERVE_LIST,4,1,100425268,100425268,100425268,[100425268],0,0,0,[0],0,0,0,[0],0,0,0,[0],0,0,0,[0],0,0,0,[0],0,0,0,[0],0,0,0,[0],0,0,0,[0],8192,8192,8192,[8192],0,0,0,[0]
F07,91007,Original,4,1,NA,NA,NA,"[""NA""]",0,0,0,[0],NA,NA,NA,"[""NA""]",NA,NA,NA,"[""NA""]",NA,NA,NA,"[""NA""]",NA,NA,NA,"[""NA""]",0,0,0,[0],NA,NA,NA,"[""NA""]",NA,NA,NA,"[""NA""]",8192,8192,8192,[8192],NA,NA,NA,"[""NA""]"
F07,91007,R6,16,1,6253460,6253460,6253460,[6253460],1,1,1,[1],0,0,0,[0],0,0,0,[0],0,0,0,[0],1,1,1,[1],1,1,1,[1],0,0,0,[0],1,1,1,[1],8192,8192,8192,[8192],0,0,0,[0]
F07,91008,M_EVENT_16,4,1,6240952,6240952,6240952,[6240952],1,1,1,[1],0,0,0,[0],0,0,0,[0],0,0,0,[0],1,1,1,[1],1,1,1,[1],0,0,0,[0],1,1,1,[1],8192,8192,8192,[8192],0,0,0,[0]
F07,91008,M_FIXED_128,2,1,6240952,6240952,6240952,[6240952],1,1,1,[1],0,0,0,[0],0,0,0,[0],0,0,0,[0],1,1,1,[1],1,1,1,[1],0,0,0,[0],1,1,1,[1],8192,8192,8192,[8192],0,0,0,[0]
F07,91008,M_FIXED_2048,2,1,6240952,6240952,6240952,[6240952],1,1,1,[1],0,0,0,[0],0,0,0,[0],0,0,0,[0],1,1,1,[1],1,1,1,[1],0,0,0,[0],1,1,1,[1],8192,8192,8192,[8192],0,0,0,[0]
F07,91008,M_LIST,6,1,NA,NA,NA,"[""NA""]",0,0,0,[0],0,0,0,[0],0,0,0,[0],0,0,0,[0],0,0,0,[0],0,0,0,[0],0,0,0,[0],0,0,0,[0],8192,8192,8192,[8192],0,0,0,[0]
F07,91008,M_NO_IDLE,2,1,6240952,6240952,6240952,[6240952],1,1,1,[1],0,0,0,[0],0,0,0,[0],0,0,0,[0],1,1,1,[1],1,1,1,[1],0,0,0,[0],1,1,1,[1],8192,8192,8192,[8192],0,0,0,[0]
F07,91008,M_OBSERVE_LIST,4,1,100575654,100575654,100575654,[100575654],0,0,0,[0],0,0,0,[0],0,0,0,[0],0,0,0,[0],0,0,0,[0],0,0,0,[0],0,0,0,[0],0,0,0,[0],8192,8192,8192,[8192],0,0,0,[0]
F07,91008,Original,4,1,NA,NA,NA,"[""NA""]",0,0,0,[0],NA,NA,NA,"[""NA""]",NA,NA,NA,"[""NA""]",NA,NA,NA,"[""NA""]",NA,NA,NA,"[""NA""]",0,0,0,[0],NA,NA,NA,"[""NA""]",NA,NA,NA,"[""NA""]",8192,8192,8192,[8192],NA,NA,NA,"[""NA""]"
F07,91008,R6,16,1,6240952,6240952,6240952,[6240952],1,1,1,[1],0,0,0,[0],0,0,0,[0],0,0,0,[0],1,1,1,[1],1,1,1,[1],0,0,0,[0],1,1,1,[1],8192,8192,8192,[8192],0,0,0,[0]
F07,91009,M_EVENT_16,4,1,6338562,6338562,6338562,[6338562],1,1,1,[1],0,0,0,[0],0,0,0,[0],0,0,0,[0],1,1,1,[1],1,1,1,[1],0,0,0,[0],1,1,1,[1],8192,8192,8192,[8192],0,0,0,[0]
F07,91009,M_FIXED_128,2,1,6338562,6338562,6338562,[6338562],1,1,1,[1],0,0,0,[0],0,0,0,[0],0,0,0,[0],1,1,1,[1],1,1,1,[1],0,0,0,[0],1,1,1,[1],8192,8192,8192,[8192],0,0,0,[0]
F07,91009,M_FIXED_2048,2,1,6338562,6338562,6338562,[6338562],1,1,1,[1],0,0,0,[0],0,0,0,[0],0,0,0,[0],1,1,1,[1],1,1,1,[1],0,0,0,[0],1,1,1,[1],8192,8192,8192,[8192],0,0,0,[0]
F07,91009,M_LIST,6,1,NA,NA,NA,"[""NA""]",0,0,0,[0],0,0,0,[0],0,0,0,[0],0,0,0,[0],0,0,0,[0],0,0,0,[0],0,0,0,[0],0,0,0,[0],8192,8192,8192,[8192],0,0,0,[0]
F07,91009,M_NO_IDLE,2,1,6338562,6338562,6338562,[6338562],1,1,1,[1],0,0,0,[0],0,0,0,[0],0,0,0,[0],1,1,1,[1],1,1,1,[1],0,0,0,[0],1,1,1,[1],8192,8192,8192,[8192],0,0,0,[0]
F07,91009,M_OBSERVE_LIST,4,1,100499438,100499438,100499438,[100499438],0,0,0,[0],0,0,0,[0],0,0,0,[0],0,0,0,[0],0,0,0,[0],0,0,0,[0],0,0,0,[0],0,0,0,[0],8192,8192,8192,[8192],0,0,0,[0]
F07,91009,Original,4,1,NA,NA,NA,"[""NA""]",0,0,0,[0],NA,NA,NA,"[""NA""]",NA,NA,NA,"[""NA""]",NA,NA,NA,"[""NA""]",NA,NA,NA,"[""NA""]",0,0,0,[0],NA,NA,NA,"[""NA""]",NA,NA,NA,"[""NA""]",8192,8192,8192,[8192],NA,NA,NA,"[""NA""]"
F07,91009,R6,16,1,6338562,6338562,6338562,[6338562],1,1,1,[1],0,0,0,[0],0,0,0,[0],0,0,0,[0],1,1,1,[1],1,1,1,[1],0,0,0,[0],1,1,1,[1],8192,8192,8192,[8192],0,0,0,[0]
F07,91010,M_EVENT_16,4,1,6322066,6322066,6322066,[6322066],1,1,1,[1],0,0,0,[0],0,0,0,[0],0,0,0,[0],1,1,1,[1],1,1,1,[1],0,0,0,[0],1,1,1,[1],8192,8192,8192,[8192],0,0,0,[0]
F07,91010,M_FIXED_128,2,1,6322066,6322066,6322066,[6322066],1,1,1,[1],0,0,0,[0],0,0,0,[0],0,0,0,[0],1,1,1,[1],1,1,1,[1],0,0,0,[0],1,1,1,[1],8192,8192,8192,[8192],0,0,0,[0]
F07,91010,M_FIXED_2048,2,1,6322066,6322066,6322066,[6322066],1,1,1,[1],0,0,0,[0],0,0,0,[0],0,0,0,[0],1,1,1,[1],1,1,1,[1],0,0,0,[0],1,1,1,[1],8192,8192,8192,[8192],0,0,0,[0]
F07,91010,M_LIST,6,1,NA,NA,NA,"[""NA""]",0,0,0,[0],0,0,0,[0],0,0,0,[0],0,0,0,[0],0,0,0,[0],0,0,0,[0],0,0,0,[0],0,0,0,[0],8192,8192,8192,[8192],0,0,0,[0]
F07,91010,M_NO_IDLE,2,1,6322066,6322066,6322066,[6322066],1,1,1,[1],0,0,0,[0],0,0,0,[0],0,0,0,[0],1,1,1,[1],1,1,1,[1],0,0,0,[0],1,1,1,[1],8192,8192,8192,[8192],0,0,0,[0]
F07,91010,M_OBSERVE_LIST,4,1,100285146,100285146,100285146,[100285146],0,0,0,[0],0,0,0,[0],0,0,0,[0],0,0,0,[0],0,0,0,[0],0,0,0,[0],0,0,0,[0],0,0,0,[0],8192,8192,8192,[8192],0,0,0,[0]
F07,91010,Original,4,1,NA,NA,NA,"[""NA""]",0,0,0,[0],NA,NA,NA,"[""NA""]",NA,NA,NA,"[""NA""]",NA,NA,NA,"[""NA""]",NA,NA,NA,"[""NA""]",0,0,0,[0],NA,NA,NA,"[""NA""]",NA,NA,NA,"[""NA""]",8192,8192,8192,[8192],NA,NA,NA,"[""NA""]"
F07,91010,R6,16,1,6322066,6322066,6322066,[6322066],1,1,1,[1],0,0,0,[0],0,0,0,[0],0,0,0,[0],1,1,1,[1],1,1,1,[1],0,0,0,[0],1,1,1,[1],8192,8192,8192,[8192],0,0,0,[0]
